Record_ID,MonsoonIntensity,Rainfall_mm,Temperature_C,Humidity_pct,River_Discharge_m3s,Water_Level_m,Elevation_m,Land_Cover,Soil_Type,Population_Density,Infrastructure_Quality,Drainage_Quality_Score,Historical_Floods_Count,Deforestation_Index,Climate_Change_Index,Flood_Occurred
1,4.37,101.7,33.9,78.1,425.8,3.87,181.7,Forest,Loamy,947.0,Average,4.53,0,5.79,4.76,0
2,6.45,201.6,23.4,67.4,234.3,5.3,95.9,Urban,Silty,226.0,Good,6.41,2,2.21,6.53,1
3,6.5,120.3,25.1,66.3,797.7,5.72,128.9,Urban,Loamy,991.0,Poor,7.8,2,8.89,2.77,1
4,4.96,165.0,31.7,67.3,558.2,4.68,164.1,Urban,Clay,501.0,Good,5.27,2,7.2,4.56,1
5,6.22,235.7,27.2,64.6,329.1,5.0,70.3,Wetland,Loamy,1132.0,Average,3.47,0,7.93,5.07,1
6,5.16,258.8,22.5,73.8,509.8,2.44,14.3,Urban,Sandy,217.0,Good,5.09,2,7.35,7.78,0
7,10.0,198.3,26.5,75.0,469.2,5.6,919.1,Wetland,Silty,378.0,Average,6.01,1,1.57,4.76,0
8,5.1,231.6,29.8,80.2,600.9,5.94,111.5,Barren,Sandy,1635.0,Good,5.75,0,6.08,6.05,0
9,2.3,161.1,31.5,58.7,121.1,2.33,553.1,Barren,Clay,768.0,Good,1.44,1,6.61,4.98,0
10,5.34,59.6,28.4,89.7,665.6,1.0,41.1,Urban,Clay,466.0,Poor,4.53,2,3.46,2.66,1
11,7.37,112.5,18.2,73.5,438.9,5.92,231.6,Urban,Silty,794.0,Average,8.37,1,5.87,7.66,1
12,3.63,132.4,29.6,51.0,548.2,7.18,52.9,Agricultural,Loamy,223.0,Poor,4.24,2,7.21,2.19,1
13,6.88,88.6,19.6,71.8,294.6,6.33,293.4,Forest,Sandy,374.0,Average,1.9,0,5.32,4.38,0
14,5.33,241.3,30.3,81.1,144.3,4.79,5.9,Agricultural,Clay,894.0,Good,2.8,2,5.6,6.37,0
15,8.29,204.2,23.2,52.4,206.2,3.21,184.0,Urban,Loamy,365.0,Average,,3,7.01,3.46,1
16,6.12,,27.6,51.1,646.9,5.55,136.0,Urban,Clay,852.0,Average,9.1,0,2.98,3.5,0
17,5.31,108.3,22.4,74.2,239.5,3.41,162.4,Agricultural,Loamy,379.0,Good,8.2,0,3.28,6.39,0
18,6.71,229.4,24.2,66.0,1448.7,6.17,141.9,Forest,Loamy,156.0,Average,4.66,2,6.17,3.8,1
19,4.09,52.0,29.2,51.9,855.9,3.35,4.0,Forest,Sandy,1258.0,Poor,0.0,1,2.51,7.38,1
20,2.83,196.2,28.2,72.0,858.8,4.47,40.3,Agricultural,Sandy,591.0,Poor,3.63,1,2.67,2.26,0
21,3.99,416.9,32.5,78.7,434.6,3.93,229.2,Urban,Sandy,1515.0,Average,5.66,0,5.2,4.88,0
22,2.52,169.8,24.7,65.9,336.6,6.8,69.1,Forest,Clay,305.0,Average,7.82,1,2.11,6.63,0
23,7.22,174.0,34.2,55.3,484.2,4.13,93.8,Agricultural,Sandy,625.0,Poor,10.0,0,5.35,3.97,0
24,8.77,188.9,26.4,91.2,210.8,2.71,246.7,Urban,Loamy,1079.0,Average,9.07,2,3.43,4.95,0
25,2.98,168.5,24.7,60.4,332.4,2.71,24.6,Urban,Loamy,1183.0,Average,6.58,0,6.56,5.42,1
26,8.35,219.1,24.9,67.5,261.6,5.27,383.0,Urban,Clay,1092.0,Average,5.8,0,4.12,4.8,0
27,5.38,144.8,15.8,85.1,108.4,0.97,53.2,Barren,Silty,431.0,Average,7.31,0,5.11,6.09,0
28,1.91,200.6,25.4,69.3,1033.5,1.61,928.4,Urban,Sandy,729.0,Average,3.18,1,4.54,5.06,0
29,6.94,112.1,23.7,60.1,616.4,9.05,71.4,Agricultural,Clay,342.0,Average,1.67,0,2.87,8.74,1
30,5.08,176.8,27.3,60.3,306.0,4.38,26.8,Agricultural,Loamy,1011.0,Average,8.59,1,4.77,3.97,0
31,6.33,48.0,21.8,58.6,313.7,7.54,61.9,Agricultural,Clay,1322.0,Good,5.21,1,0.81,4.58,0
32,1.7,91.8,22.2,54.4,772.5,1.94,98.3,Agricultural,Clay,2031.0,Average,2.57,0,0.78,0.0,0
33,3.29,264.0,28.2,66.6,261.3,,113.2,Forest,Sandy,1417.0,Average,7.09,3,7.28,5.61,0
34,6.28,186.4,27.9,52.1,255.5,5.27,345.0,Agricultural,Loamy,1589.0,Average,2.87,3,2.71,7.7,1
35,5.24,135.5,29.8,69.1,574.5,6.38,147.1,Agricultural,Clay,761.0,Average,5.61,2,6.01,5.08,1
36,6.11,247.5,30.5,87.9,395.0,3.59,16.9,Forest,Clay,2138.0,Poor,9.34,1,2.68,7.86,0
37,1.58,79.6,29.6,82.6,626.2,4.65,237.3,Agricultural,Clay,634.0,Average,4.92,1,6.53,3.7,0
38,7.38,174.9,23.7,88.0,331.5,4.13,154.4,Urban,Clay,392.0,Good,6.9,1,4.09,2.31,1
39,3.48,295.9,24.1,68.5,244.5,4.51,11.1,Wetland,Loamy,393.0,Average,7.75,5,9.64,2.45,0
40,6.61,182.4,26.6,75.4,248.6,3.3,15.2,Agricultural,Loamy,1880.0,Average,5.4,0,7.12,4.72,0
41,5.17,170.4,29.7,74.1,173.3,5.99,31.6,Urban,Clay,993.0,Average,7.4,0,6.75,5.79,1
42,5.26,133.5,34.8,86.5,365.2,5.56,178.4,Forest,Loamy,167.0,Poor,4.6,3,10.0,6.88,1
43,4.28,93.1,31.0,67.5,1180.5,2.55,78.9,Forest,Loamy,937.0,Good,1.88,1,9.1,4.99,1
44,6.53,74.8,29.2,71.8,409.3,6.06,166.4,Agricultural,Clay,586.0,Average,2.16,1,3.53,3.95,1
45,3.67,135.2,25.3,63.0,428.6,2.5,359.6,Forest,Sandy,956.0,Poor,1.74,1,4.02,6.73,0
46,6.78,,33.4,64.7,625.5,4.38,230.8,Wetland,Clay,595.0,Poor,4.72,1,4.09,8.3,1
47,5.62,89.5,29.4,80.9,202.3,3.29,50.9,Forest,Clay,505.0,Average,6.11,1,8.16,6.41,0
48,2.27,250.6,21.9,70.1,1202.2,2.69,26.3,Urban,Loamy,671.0,Good,6.17,2,3.3,3.66,0
49,3.01,71.5,25.3,93.0,341.6,4.53,177.2,Agricultural,Silty,1388.0,Average,5.02,0,5.96,6.12,0
50,10.0,112.4,16.5,71.2,370.2,3.03,78.5,Urban,Loamy,627.0,Average,2.01,1,6.16,7.17,1
51,5.84,95.2,28.3,60.9,414.2,7.34,128.5,Forest,Clay,1163.0,Poor,0.7,0,3.23,6.0,1
52,3.33,173.0,27.1,79.5,619.4,7.51,91.6,Urban,Clay,1854.0,Average,5.77,2,8.6,3.57,1
53,4.59,124.3,24.9,85.9,991.0,0.0,191.4,Agricultural,Silty,1046.0,Poor,1.43,0,10.0,6.35,1
54,0.8,145.2,30.1,47.9,473.0,7.14,145.7,Urban,Sandy,630.0,Poor,3.26,0,6.92,5.05,0
55,7.33,146.1,25.3,90.3,528.0,4.33,581.1,Forest,Loamy,256.0,Average,5.9,2,5.15,7.62,0
56,3.11,136.0,26.5,71.1,781.4,4.26,35.9,Agricultural,Silty,507.0,Average,5.62,1,5.84,4.74,0
57,7.36,171.8,24.3,72.6,563.3,5.4,222.7,Agricultural,Loamy,392.0,Average,2.76,1,3.62,3.85,1
58,6.35,279.5,33.8,89.1,276.6,6.9,24.8,Urban,Sandy,429.0,Poor,7.73,1,2.41,4.16,1
59,3.89,101.5,19.9,71.1,482.8,4.21,9.2,Urban,Loamy,430.0,Average,5.05,1,7.95,5.4,0
60,7.62,176.3,28.1,61.3,815.9,2.88,523.8,Urban,Loamy,304.0,Average,5.94,1,7.61,5.45,0
61,2.68,267.9,28.6,73.7,450.5,7.7,271.8,Barren,Loamy,737.0,Poor,3.73,3,4.31,6.16,1
62,2.83,89.9,19.9,82.1,510.8,4.82,10.8,Barren,Clay,732.0,Good,3.74,0,5.89,2.22,0
63,5.94,115.3,20.5,89.5,540.8,3.55,14.2,Forest,Loamy,2003.0,Good,3.34,2,4.6,0.0,0
64,6.53,,22.7,54.4,350.6,4.51,85.4,Agricultural,Sandy,801.0,Average,6.21,4,9.23,2.9,1
65,9.57,129.5,27.1,77.9,198.3,4.77,9.4,Urban,Loamy,327.0,Poor,3.34,1,4.48,4.05,1
66,8.41,176.0,22.7,80.5,266.6,7.3,71.8,Forest,Loamy,239.0,Poor,3.03,0,6.47,4.3,1
67,6.08,171.1,27.9,72.3,911.8,6.04,205.8,Agricultural,Clay,3114.0,Good,5.48,1,4.44,5.48,1
68,4.82,76.4,27.2,76.1,100.0,,228.3,Agricultural,Sandy,1099.0,Average,3.91,0,3.61,6.15,0
69,5.71,334.8,26.6,86.6,261.5,5.31,242.4,Wetland,Loamy,150.0,Average,5.56,2,8.69,6.06,1
70,7.81,163.8,25.6,100.0,742.7,1.03,303.3,Agricultural,Clay,764.0,Poor,6.66,3,3.56,8.2,1
71,2.62,280.7,28.4,58.0,314.1,3.59,53.9,Agricultural,Clay,49.0,Poor,4.51,5,5.52,5.79,1
72,3.96,188.9,27.6,36.6,259.6,6.97,49.0,Wetland,Silty,494.0,Good,4.68,1,6.83,6.6,1
73,3.55,114.2,20.3,77.4,289.6,4.25,309.8,Forest,Clay,1353.0,Good,2.61,2,1.22,4.83,0
74,4.38,109.9,27.9,81.8,426.7,2.45,27.1,Urban,Loamy,280.0,Average,5.58,0,7.35,5.99,0
75,3.31,63.2,26.9,57.2,333.3,8.3,106.1,Agricultural,Sandy,540.0,Poor,8.34,0,3.81,5.57,0
76,4.69,140.5,29.6,79.1,489.1,5.42,199.1,Agricultural,Sandy,223.0,Average,7.57,1,6.01,4.83,0
77,3.15,,24.9,59.5,475.3,4.92,125.5,Urban,Clay,249.0,Poor,5.12,0,3.26,5.62,0
78,7.03,135.7,27.2,61.6,722.4,2.73,41.6,Forest,Clay,726.0,Good,4.2,1,1.62,5.72,0
79,9.67,191.5,25.7,62.4,117.3,8.34,90.8,Agricultural,Loamy,434.0,Poor,0.15,0,3.46,5.88,1
80,8.3,373.4,26.8,59.7,426.1,4.06,326.9,Agricultural,Silty,1005.0,Average,4.93,0,5.56,2.83,0
81,4.01,105.7,24.8,83.2,139.9,6.33,249.8,Urban,Clay,579.0,Good,4.72,1,1.08,7.18,0
82,6.13,195.8,25.0,83.3,541.5,4.19,54.5,Agricultural,Loamy,980.0,Good,8.14,1,2.39,6.92,0
83,4.02,183.4,21.7,56.2,392.3,7.09,226.8,Urban,Loamy,568.0,Poor,5.21,1,0.65,2.72,0
84,8.34,296.7,29.2,72.3,317.1,8.24,38.4,Agricultural,Sandy,860.0,Good,4.73,2,9.41,7.78,1
85,1.6,288.2,29.4,74.8,306.0,4.15,47.7,Agricultural,Loamy,354.0,Average,5.3,2,2.87,5.72,0
86,4.29,210.5,22.4,73.8,77.9,6.03,195.9,Forest,Clay,519.0,Average,4.07,1,6.48,3.39,0
87,4.42,166.7,32.7,60.4,591.1,5.45,855.7,Agricultural,Loamy,906.0,Poor,3.85,1,4.33,5.36,0
88,3.2,86.7,29.1,41.1,506.4,7.57,97.9,Urban,Sandy,845.0,Poor,4.33,0,1.7,6.41,1
89,3.18,118.5,30.3,100.0,1150.0,6.49,216.5,Agricultural,Clay,603.0,Average,7.6,1,2.64,2.72,0
90,5.6,68.6,29.8,54.3,1415.4,6.81,121.7,Agricultural,Clay,1138.0,Poor,6.71,1,4.28,6.04,1
91,7.04,76.2,30.4,62.6,954.1,6.87,39.8,Agricultural,Clay,871.0,Good,5.08,0,3.86,1.59,1
92,6.09,76.8,28.9,66.0,156.5,,57.9,Forest,Clay,1189.0,Poor,4.67,1,3.29,6.14,1
93,4.92,248.2,27.1,90.2,220.8,4.05,378.7,Forest,Sandy,826.0,Average,0.0,3,6.66,4.01,0
94,2.03,68.0,30.6,45.1,612.3,3.94,73.4,Forest,Sandy,906.0,Poor,8.22,0,10.0,6.25,0
95,10.0,280.2,31.4,97.6,347.4,4.94,69.5,Urban,Loamy,1076.0,Average,0.7,0,6.73,5.17,1
96,8.01,90.7,32.5,67.8,544.2,6.23,102.9,Urban,Silty,572.0,Good,3.68,0,6.32,2.72,1
97,6.85,62.2,22.8,64.8,503.0,4.45,217.7,Agricultural,Loamy,1034.0,Poor,6.58,2,4.68,0.93,1
98,6.93,158.0,28.1,79.5,327.7,4.53,50.7,Urban,Loamy,1130.0,Average,4.54,1,3.37,1.11,0
99,6.32,152.7,21.9,60.9,205.9,,126.2,Urban,Silty,44.0,Poor,0.09,0,0.14,7.24,1
100,5.85,142.6,22.7,,611.5,0.85,64.7,Agricultural,Sandy,413.0,Poor,6.44,1,4.2,6.24,0
101,5.89,190.3,22.9,54.8,358.8,7.07,243.2,Urban,Clay,1041.0,Good,9.57,3,8.79,1.15,0
102,5.9,257.2,30.9,71.6,346.5,3.48,0.2,Agricultural,Silty,253.0,Average,5.12,1,4.13,2.57,0
103,1.06,189.2,23.3,64.6,361.2,4.64,0.6,Forest,Sandy,1397.0,Poor,2.64,0,0.0,0.11,0
104,6.57,101.2,24.1,47.1,296.1,5.05,0.4,Urban,Loamy,2137.0,Poor,5.69,1,2.66,8.66,1
105,5.05,79.7,30.7,55.9,389.7,2.21,274.6,Forest,Clay,455.0,Good,1.94,2,9.5,4.59,0
106,6.18,83.3,17.6,76.5,368.5,2.26,3.1,Agricultural,Clay,1216.0,Poor,6.38,2,2.38,2.68,1
107,9.19,290.6,21.1,69.5,501.5,3.53,144.5,Urban,Sandy,912.0,Average,5.39,1,4.24,4.37,1
108,1.53,143.4,29.3,91.3,463.9,7.13,244.6,Forest,Clay,1494.0,Average,10.0,1,5.79,6.19,0
109,4.52,149.6,28.6,76.6,920.2,4.36,54.3,Wetland,Clay,740.0,,4.61,0,5.88,4.63,1
110,6.39,184.9,29.1,84.3,78.7,4.15,176.7,Barren,Sandy,66.0,Good,2.87,1,1.81,5.21,0
111,8.17,84.9,29.0,54.7,808.6,2.79,1.5,Forest,Sandy,860.0,Average,6.14,0,3.11,2.89,0
112,6.0,111.6,35.7,76.6,484.4,2.16,180.5,Agricultural,Sandy,726.0,Good,6.61,1,4.8,6.03,0
113,1.54,326.5,33.0,82.2,517.8,0.0,110.7,Agricultural,Loamy,1445.0,Good,3.44,0,1.14,8.3,0
114,7.51,164.7,26.0,85.4,738.4,6.84,90.7,Wetland,Loamy,1250.0,Average,6.71,0,3.02,2.59,1
115,3.09,152.7,31.1,71.4,230.3,3.61,14.2,Agricultural,Sandy,314.0,Poor,4.29,1,5.25,0.82,0
116,5.23,147.5,26.9,78.1,144.9,3.54,67.9,Forest,Silty,465.0,Average,0.52,2,4.56,6.45,0
117,5.7,91.4,28.8,71.0,62.9,7.45,32.1,Barren,Loamy,909.0,Average,5.72,2,10.0,6.54,1
118,4.26,175.1,38.1,65.9,711.3,5.2,151.3,Agricultural,Clay,466.0,Average,7.59,3,5.46,5.85,0
119,3.84,127.5,34.2,63.7,344.7,,258.9,Urban,Sandy,749.0,Average,8.02,0,3.89,2.7,0
120,3.84,150.8,34.9,84.0,174.7,9.18,32.2,Barren,Clay,941.0,Average,7.42,1,2.38,1.37,1
121,8.73,58.9,25.0,80.7,593.3,2.64,43.4,Wetland,Clay,731.0,Average,2.57,0,8.14,4.79,1
122,5.33,222.7,27.7,,349.3,3.82,282.1,Agricultural,Loamy,1133.0,Good,,0,10.0,6.18,0
123,7.98,116.0,29.4,91.9,1198.6,6.08,2.9,Urban,Sandy,589.0,Poor,6.09,1,2.37,0.86,1
124,2.52,334.0,18.6,71.5,96.3,4.45,32.3,Agricultural,Loamy,1665.0,Average,4.0,2,0.92,7.31,1
125,0.8,,22.7,69.1,75.4,3.97,352.4,Wetland,Clay,96.0,Average,4.34,0,6.58,7.8,0
126,10.0,236.1,21.7,55.6,583.6,,54.4,Forest,Clay,160.0,Good,6.67,1,3.85,4.05,1
127,4.2,98.4,32.7,63.7,534.1,4.87,28.0,Urban,Clay,1188.0,Average,8.82,1,8.68,2.35,0
128,4.27,240.4,26.7,71.2,507.5,3.78,223.2,Urban,Sandy,1145.0,Poor,4.17,1,6.54,6.97,0
129,7.84,196.5,30.3,88.5,545.7,5.04,100.8,Barren,Loamy,507.0,Average,3.53,1,4.77,5.49,1
130,2.97,140.0,26.2,67.5,300.4,2.28,98.6,Forest,Clay,727.0,Poor,6.21,0,4.99,3.54,0
131,5.9,186.1,32.6,94.7,723.2,5.76,383.2,Urban,Clay,1152.0,Poor,6.83,4,8.46,4.62,1
132,4.66,344.0,30.1,62.9,345.2,4.01,24.5,Urban,Loamy,907.0,Average,3.81,1,3.97,2.27,1
133,5.92,126.9,26.5,,393.5,4.45,12.2,Barren,Clay,293.0,,9.28,2,0.22,5.77,0
134,7.99,,24.2,87.1,532.7,4.56,36.4,Urban,Sandy,1576.0,Poor,2.6,1,5.74,6.05,1
135,6.06,233.1,24.8,80.0,627.1,3.34,149.4,Agricultural,Loamy,717.0,Poor,9.58,0,2.15,4.97,0
136,7.28,141.3,28.9,74.5,157.2,5.07,3.0,Wetland,Silty,952.0,Poor,6.25,0,0.81,5.5,1
137,8.83,188.6,27.4,82.5,804.6,5.19,44.9,Barren,Loamy,1243.0,Good,6.53,1,7.89,1.85,1
138,5.66,341.2,25.1,66.8,239.6,4.85,5.8,Urban,Loamy,639.0,Average,4.29,0,7.03,5.09,1
139,5.38,135.9,25.9,82.5,543.5,7.18,188.1,Urban,Silty,412.0,Poor,3.33,1,5.47,2.81,1
140,6.72,244.7,30.0,74.2,790.5,4.56,73.4,Agricultural,Clay,630.0,Average,5.97,0,1.03,4.82,0
141,5.69,191.1,33.2,94.1,207.6,3.05,89.5,Urban,Clay,1549.0,Average,5.68,1,1.06,3.5,0
142,7.14,138.4,28.0,74.2,284.1,3.84,106.3,Wetland,Clay,3020.0,Average,6.7,1,9.74,3.1,1
143,0.65,207.6,28.1,70.6,555.5,0.69,64.4,Forest,Silty,398.0,Poor,6.83,1,7.36,6.91,0
144,2.36,148.7,22.8,68.6,135.6,5.16,97.1,Barren,Loamy,1571.0,Poor,2.09,1,4.95,6.52,1
145,5.55,36.4,24.7,54.6,619.2,1.73,46.9,Forest,Loamy,1049.0,Good,2.63,2,6.21,5.1,0
146,8.19,196.8,21.5,50.2,101.9,3.71,14.9,Forest,Loamy,396.0,Good,6.28,0,5.03,3.68,0
147,4.84,209.3,31.2,65.6,76.1,3.08,121.4,Forest,Clay,185.0,Average,4.7,1,0.0,3.03,0
148,8.64,150.4,18.1,63.9,355.7,1.91,297.8,Forest,Clay,2220.0,Average,5.78,4,4.41,6.16,0
149,8.66,102.9,31.1,81.9,624.3,4.03,88.0,Forest,Loamy,112.0,Good,3.08,2,3.86,3.12,0
150,2.29,129.0,23.9,79.9,231.2,5.58,161.5,Urban,Silty,601.0,Average,5.12,0,2.71,6.74,0
151,2.74,47.6,26.2,91.4,469.2,5.71,11.7,Agricultural,Silty,721.0,Poor,2.44,0,5.48,8.74,1
152,5.8,152.7,31.5,99.7,554.8,4.72,477.5,Agricultural,Sandy,609.0,Average,4.05,0,1.92,7.3,0
153,6.56,311.7,25.5,79.6,735.0,7.36,52.0,Urban,Sandy,436.0,Average,7.12,2,5.98,7.9,1
154,7.61,349.2,32.2,63.3,512.8,6.8,313.8,Forest,Loamy,109.0,Average,4.1,0,5.08,3.09,0
155,0.95,171.7,35.1,88.4,193.5,3.44,58.8,Agricultural,Loamy,1450.0,Average,5.03,1,6.5,5.33,0
156,5.4,206.5,29.1,65.8,771.2,4.12,60.3,Agricultural,Loamy,1082.0,Average,10.0,1,1.04,4.7,0
157,3.0,67.7,29.2,76.0,669.3,5.74,88.0,Agricultural,Sandy,732.0,Average,5.57,1,7.18,2.74,1
158,3.85,188.8,21.0,96.7,194.6,4.74,136.8,Urban,Loamy,2658.0,Average,7.46,0,5.41,9.22,0
159,5.66,257.7,30.5,59.0,899.9,4.18,62.8,Forest,Clay,805.0,Good,9.47,1,9.24,6.51,1
160,6.45,97.3,31.6,84.1,618.3,2.66,136.0,Urban,Loamy,1111.0,Average,3.35,2,8.8,5.54,1
161,5.65,171.6,35.5,80.0,154.5,3.4,196.8,Agricultural,Clay,445.0,Poor,6.09,1,5.7,4.94,0
162,5.41,118.5,26.3,81.7,711.9,2.57,58.0,Urban,Loamy,44.0,Poor,4.91,1,5.85,5.32,0
163,4.4,157.7,22.4,69.4,205.4,4.51,217.4,Wetland,Loamy,681.0,Average,4.43,2,7.06,5.09,0
164,6.28,133.0,26.9,86.7,851.0,3.58,448.2,Urban,Sandy,819.0,Poor,8.56,1,8.2,7.88,0
165,4.2,182.2,26.2,68.7,866.2,5.54,539.1,Agricultural,Sandy,428.0,Good,2.74,1,3.01,0.68,0
166,2.43,156.8,23.9,77.8,476.3,5.1,161.1,Agricultural,Clay,318.0,Average,5.63,1,4.67,4.25,0
167,4.61,229.3,33.8,83.4,653.2,3.96,45.3,Agricultural,Sandy,171.0,Average,9.17,1,5.96,6.34,0
168,0.0,182.0,31.4,69.8,237.7,7.07,41.9,Agricultural,Sandy,442.0,Average,4.08,1,6.48,2.63,0
169,6.44,141.8,27.9,70.8,385.6,0.12,238.5,Urban,Sandy,1485.0,Good,7.6,2,3.72,2.46,0
170,1.33,67.0,23.1,56.7,351.7,2.47,423.4,Barren,Clay,1698.0,Average,3.49,1,1.85,5.48,0
171,6.02,272.9,29.0,42.9,599.3,3.78,399.4,Wetland,Sandy,1454.0,Average,4.44,0,3.63,3.59,0
172,3.35,67.4,25.0,51.3,507.9,6.48,145.9,Urban,Loamy,239.0,Average,6.37,1,9.58,4.2,0
173,8.55,153.2,30.4,77.7,633.3,4.21,339.1,Agricultural,Clay,1695.0,Good,3.55,0,1.98,2.53,0
174,2.36,157.3,29.1,87.8,317.4,6.71,217.0,Forest,Sandy,207.0,Average,4.28,1,3.84,5.4,0
175,6.06,190.6,22.8,58.2,454.4,3.17,153.4,Wetland,Sandy,1102.0,Average,4.54,1,9.01,5.95,0
176,4.55,66.8,28.2,64.8,738.7,5.14,52.4,Urban,Clay,1277.0,Good,5.69,3,5.7,1.61,0
177,7.05,304.9,27.9,61.1,567.1,5.32,4.9,Wetland,Clay,1094.0,Poor,4.91,0,7.72,5.13,1
178,1.48,174.8,21.7,28.1,164.3,3.35,199.8,Urban,Loamy,529.0,Good,3.33,2,0.69,4.48,0
179,5.44,85.2,22.0,59.8,97.2,7.13,395.9,Forest,Clay,459.0,Poor,6.75,2,3.32,1.77,0
180,3.86,88.9,29.8,70.8,164.7,3.95,192.5,Wetland,Clay,444.0,Average,2.73,2,3.82,5.09,0
181,5.11,100.1,32.5,68.4,752.7,2.84,245.6,Forest,Clay,1549.0,Average,2.58,1,2.65,2.02,0
182,1.71,138.5,36.8,76.5,250.1,5.13,77.9,Wetland,Loamy,2155.0,Average,6.48,2,1.91,3.44,0
183,5.61,226.3,33.0,72.9,549.0,4.15,41.8,Barren,Loamy,725.0,Good,3.98,0,6.04,4.53,0
184,2.06,99.0,29.1,59.1,791.5,3.86,453.4,Forest,Sandy,1172.0,Average,7.47,3,0.0,8.41,0
185,8.02,,21.3,78.9,270.3,4.42,10.4,Barren,Sandy,1125.0,Average,5.61,0,3.54,8.88,0
186,5.64,285.0,35.8,53.2,744.9,3.63,57.9,Wetland,Silty,364.0,Average,4.52,1,3.83,5.74,1
187,3.18,164.1,29.9,69.1,245.6,4.92,320.0,Barren,Clay,888.0,Average,3.94,1,5.36,4.35,0
188,2.45,66.1,22.1,80.2,449.6,5.95,296.8,Agricultural,Sandy,814.0,Poor,3.42,1,0.95,5.17,0
189,6.09,177.4,27.5,94.6,341.3,0.21,37.1,Urban,Loamy,963.0,Poor,3.92,2,0.05,4.58,1
190,5.94,250.9,23.3,59.0,905.9,6.09,90.0,Forest,Loamy,396.0,Poor,10.0,0,10.0,7.1,1
191,4.86,69.5,24.0,77.2,184.9,4.97,25.5,Wetland,Loamy,741.0,Poor,7.62,0,1.31,6.74,0
192,3.0,137.6,24.2,83.5,82.1,10.17,49.7,Urban,Clay,1134.0,Poor,5.35,0,5.34,5.36,1
193,4.74,124.8,30.7,55.7,261.8,2.75,63.6,Urban,Sandy,302.0,Average,4.34,0,5.37,4.24,0
194,7.8,126.2,24.8,59.4,141.0,7.79,63.2,Urban,Clay,384.0,Good,8.73,1,4.39,8.65,1
195,9.18,,27.8,68.9,1743.3,4.5,247.8,Urban,Clay,783.0,Average,0.0,2,5.22,5.18,1
196,0.21,182.5,21.1,77.9,1518.4,2.99,58.2,Wetland,Clay,855.0,Poor,5.7,2,8.52,3.86,1
197,3.65,161.2,26.0,64.1,167.1,1.43,188.4,Urban,Loamy,269.0,Good,5.96,0,1.6,5.17,0
198,6.31,108.3,24.2,72.9,1295.3,4.92,110.1,Barren,Silty,122.0,Good,2.76,0,10.0,2.81,0
199,4.13,249.2,28.0,62.7,151.3,2.5,26.1,Forest,Clay,1771.0,Average,3.58,0,3.69,4.66,0
200,2.21,73.3,27.2,52.4,241.0,3.52,273.5,Forest,Sandy,524.0,Average,2.94,2,2.4,5.44,0
201,2.6,163.6,26.5,90.6,923.6,2.52,162.9,Agricultural,Loamy,891.0,Good,6.28,0,7.59,3.14,0
202,0.51,181.9,26.3,57.9,303.5,5.44,72.0,Forest,Loamy,974.0,Poor,7.25,0,4.67,7.08,0
203,5.96,301.3,27.0,88.6,165.4,1.81,35.4,Barren,Clay,20.0,Poor,5.45,3,4.83,3.02,1
204,7.4,190.6,28.2,76.2,532.2,4.73,29.8,Forest,Loamy,822.0,Good,5.44,0,7.97,8.57,0
205,1.89,116.7,32.4,93.1,354.9,4.37,3.0,Urban,Loamy,1297.0,Good,6.08,2,4.19,6.55,1
206,5.45,57.8,27.6,61.1,127.0,5.1,361.2,Urban,Sandy,289.0,Average,8.11,2,7.2,7.35,0
207,8.37,94.4,17.7,66.3,207.8,7.67,323.5,Forest,Sandy,643.0,Average,6.09,1,3.66,3.02,0
208,5.79,181.9,21.9,78.3,580.1,6.26,34.2,Urban,Sandy,1668.0,Average,8.93,1,6.43,7.95,0
209,7.4,94.2,23.9,67.3,196.9,6.32,205.8,Forest,Silty,93.0,Average,0.48,3,3.96,3.14,1
210,4.09,101.5,35.3,78.7,502.1,6.75,23.6,Agricultural,Clay,750.0,Average,6.24,0,4.65,0.61,0
211,5.61,166.2,24.2,75.3,373.9,4.37,16.3,Urban,Sandy,855.0,Average,10.0,0,3.57,4.56,0
212,0.21,20.1,27.0,76.6,1247.0,5.82,40.8,Urban,Loamy,1311.0,Average,5.22,3,1.86,5.97,1
213,6.76,145.0,20.4,58.5,446.3,2.1,227.2,Wetland,Sandy,476.0,Average,1.81,0,7.31,5.64,0
214,6.08,169.0,30.2,62.5,271.1,2.84,282.5,Forest,Silty,661.0,Poor,2.62,0,1.95,7.22,0
215,7.1,180.2,26.0,59.8,799.4,0.0,70.1,Barren,Loamy,997.0,Average,1.5,0,0.0,5.86,0
216,4.91,242.2,26.3,76.3,145.2,6.63,21.9,Forest,Sandy,1033.0,Poor,4.13,1,7.26,3.94,1
217,3.51,212.2,27.6,82.6,345.5,4.16,9.9,Barren,Loamy,452.0,Poor,4.63,1,3.08,3.01,1
218,2.04,154.7,29.2,87.0,155.5,6.21,61.1,Agricultural,Clay,778.0,Poor,7.8,0,4.25,4.68,0
219,3.97,384.8,26.2,72.5,233.2,3.76,188.0,Urban,Sandy,77.0,Average,6.51,1,6.03,3.33,0
220,5.55,175.3,26.9,65.4,188.9,4.17,320.4,Agricultural,Clay,546.0,Good,5.81,4,3.56,4.28,0
221,5.44,185.8,26.5,44.9,165.9,2.34,125.6,Urban,Loamy,879.0,Average,4.97,1,4.91,4.54,0
222,5.11,222.5,16.6,44.0,230.4,5.98,343.8,Barren,Loamy,641.0,Good,6.47,0,4.56,6.96,0
223,4.26,105.1,21.7,72.1,192.5,5.35,36.3,Urban,Clay,610.0,Average,3.76,0,7.42,4.89,1
224,5.24,101.2,30.3,56.9,549.3,3.99,277.6,Agricultural,Silty,902.0,Poor,6.59,0,9.62,1.83,0
225,7.78,106.1,34.3,73.8,759.9,3.9,131.6,Urban,Loamy,103.0,Average,4.04,2,2.54,2.46,1
226,5.86,98.5,26.4,63.6,308.0,0.0,57.9,Barren,Silty,2095.0,Average,6.66,2,4.67,7.45,0
227,5.55,71.2,26.1,64.7,412.5,2.12,70.2,Forest,Clay,944.0,Average,7.18,0,7.76,0.0,0
228,0.59,188.6,28.1,54.2,593.7,1.98,78.2,Agricultural,Clay,679.0,Average,7.72,1,4.56,5.97,0
229,5.01,289.6,19.8,59.4,740.4,3.1,647.7,Agricultural,Silty,1019.0,Average,4.0,1,2.93,7.79,0
230,3.58,889.0369362942677,24.8,50.6,569.3,6.35,37.5,Agricultural,Loamy,670.0,Average,6.51,0,6.39,5.42,0
231,7.93,194.4,27.1,79.8,1295.8,,2.4,Urban,Loamy,995.0,Average,7.4,0,5.55,1.85,1
232,6.67,137.6,28.0,73.2,515.4,5.21,151.2,Urban,Sandy,396.0,Poor,10.0,4,4.08,4.26,1
233,4.21,107.4,24.1,57.4,137.7,3.12,93.9,Wetland,Loamy,1046.0,Average,5.17,2,0.16,6.56,0
234,6.12,163.7,23.0,76.3,426.9,2.67,334.4,Wetland,Sandy,409.0,Good,1.95,0,2.99,5.61,0
235,5.44,233.0,18.3,79.2,166.5,2.84,335.8,Agricultural,Clay,569.0,Poor,2.39,0,5.76,5.13,0
236,3.6,147.6,26.3,91.9,338.8,4.23,155.9,Forest,Loamy,320.0,Average,3.77,2,3.62,6.13,0
237,4.49,216.2,18.8,46.5,634.8,1.21,256.5,Agricultural,Clay,487.0,Average,5.25,2,9.51,5.56,1
238,3.77,96.7,25.4,79.7,85.4,1.54,28.1,Wetland,Loamy,249.0,Good,5.27,2,7.44,6.21,0
239,5.68,236.4,32.0,73.2,543.2,0.25,328.1,Agricultural,Sandy,633.0,Poor,2.23,1,4.72,5.52,0
240,0.16,240.7,23.9,74.7,73.4,5.2,77.6,Urban,Loamy,548.0,Average,2.42,0,1.34,7.64,0
241,1.11,124.7,21.9,70.8,463.4,10.36,30.4,Urban,Clay,333.0,Poor,5.96,2,2.97,6.29,1
242,8.58,257.5,27.8,68.1,295.7,4.62,201.9,Agricultural,Loamy,537.0,Poor,2.12,0,5.2,3.94,1
243,4.58,212.8,25.4,51.2,356.6,4.58,529.9,Wetland,Clay,81.0,Average,2.01,1,2.97,3.15,0
244,4.47,170.5,26.9,86.4,95.6,2.81,105.5,Agricultural,Sandy,313.0,,7.0,2,8.92,6.53,0
245,3.68,117.0,30.3,65.7,421.4,7.1,20.4,Urban,Loamy,1086.0,Average,4.33,0,4.65,4.7,1
246,6.63,81.7,25.6,52.7,1317.6,1.73,129.2,Agricultural,Loamy,733.0,Good,2.53,1,6.76,4.68,0
247,2.41,49.5,32.1,71.7,865.9,3.18,210.9,Agricultural,Loamy,375.0,Average,,1,9.49,5.89,0
248,4.97,255.0,25.8,79.0,524.1,7.33,19.8,Agricultural,Loamy,191.0,Average,4.66,0,7.31,5.48,0
249,5.44,205.8,28.1,66.7,393.7,3.33,26.2,Urban,Silty,367.0,Average,6.21,2,3.08,4.48,0
250,2.21,97.3,21.5,70.7,812.3,,100.1,Forest,Sandy,1133.0,Average,3.82,0,5.25,5.3,0
251,5.17,92.4,32.7,67.8,494.4,4.0,4.0,Agricultural,Sandy,666.0,Poor,3.51,0,3.98,0.0,0
252,6.86,129.3,24.7,63.2,308.3,6.47,16.7,Agricultural,Clay,457.0,Poor,8.8,0,7.8,4.84,1
253,7.89,178.8,22.7,70.7,256.1,4.47,12.7,Urban,Clay,619.0,Average,4.55,1,3.92,3.53,1
254,3.29,121.3,31.9,77.1,338.5,5.07,14.5,Agricultural,Clay,590.0,Good,5.09,3,7.24,6.99,0
255,4.48,164.7,22.9,64.8,322.4,4.83,102.6,Agricultural,Sandy,2071.0,Poor,4.83,2,8.14,2.49,0
256,1.48,67.1,26.8,85.5,166.8,3.99,77.0,Forest,Clay,2976.0,Good,5.45,0,3.34,3.72,0
257,5.18,95.1,27.6,65.3,510.1,4.77,102.1,Wetland,Clay,1265.0,Average,7.84,2,6.39,7.56,1
258,3.8,245.4,33.6,54.4,225.4,3.78,392.4,Forest,Silty,760.0,Poor,,0,1.73,9.69,0
259,5.35,221.2,33.3,62.4,128.7,4.54,391.3,Forest,Clay,417.0,Average,3.51,1,6.92,2.22,0
260,0.06,267.3,30.4,63.2,310.3,4.69,136.8,Agricultural,Sandy,2246.0,Average,2.28,0,6.62,5.62,0
261,10.0,200.4,27.8,51.9,208.9,3.21,19.8,Forest,Clay,291.0,Good,7.4,1,9.68,4.64,0
262,3.85,224.3,34.9,74.5,210.2,1.11,70.8,Forest,Clay,2986.0,Average,5.71,0,3.6,1.76,0
263,6.57,194.6,24.3,46.8,579.6,6.62,60.6,Agricultural,Loamy,723.0,Good,7.98,0,0.0,0.43,0
264,4.14,135.3,30.6,81.8,249.9,6.06,76.4,Urban,Clay,935.0,Average,2.95,1,7.37,7.88,1
265,8.13,243.3,28.7,69.6,254.1,2.48,160.0,Wetland,Silty,78.0,Poor,5.6,0,4.44,4.43,0
266,7.77,176.1,31.1,53.0,451.2,6.79,29.5,Urban,Silty,112.0,Good,6.84,2,8.26,8.3,1
267,3.65,192.3,22.7,74.3,340.7,6.29,83.8,Agricultural,Sandy,592.0,Average,8.09,1,6.15,6.19,0
268,3.85,95.8,22.4,79.2,1056.0,5.07,134.4,Agricultural,Clay,179.0,Good,3.4,0,4.44,2.66,0
269,8.2,133.3,29.3,77.8,365.9,6.15,24.2,Urban,Loamy,1807.0,Average,9.47,1,5.58,1.37,1
270,2.49,118.6,28.4,77.3,397.3,7.55,68.3,Wetland,Clay,1178.0,Average,4.87,1,0.12,4.67,0
271,4.1,302.2,23.7,66.8,189.0,2.66,38.3,Wetland,Clay,625.0,Average,4.65,1,5.29,5.76,0
272,6.4,364.3,30.1,83.3,151.4,4.58,20.4,Agricultural,Sandy,547.0,Poor,7.73,1,5.4,3.4,0
273,4.12,162.7,30.3,74.5,406.7,2.97,55.1,Urban,Silty,440.0,Average,7.64,4,6.74,4.43,1
274,5.43,224.8,19.6,70.4,652.3,3.59,58.3,Forest,Sandy,897.0,Average,2.19,1,1.7,5.76,0
275,5.35,193.9,32.0,81.3,441.9,2.22,26.1,Agricultural,Clay,878.0,Average,6.72,0,2.07,5.15,1
276,4.49,147.1,32.9,83.9,964.5,6.41,173.0,Agricultural,Sandy,137.0,Poor,4.93,1,4.72,5.8,1
277,7.28,317.4,23.2,,520.2,5.0,186.2,Urban,Clay,644.0,Average,3.15,1,5.27,5.03,1
278,4.65,154.6,26.7,54.4,64.5,7.33,22.4,Barren,Sandy,917.0,Poor,5.22,2,0.55,6.13,1
279,3.51,238.5,25.5,92.6,722.0,4.7,207.7,Urban,Clay,461.0,Average,3.63,0,6.97,1.95,0
280,4.74,307.1,17.5,65.5,122.3,5.02,733.9,Urban,Clay,711.0,Average,3.75,2,6.67,4.78,0
281,3.56,156.8,32.7,56.5,395.6,6.79,120.5,Agricultural,Sandy,229.0,Average,6.17,2,6.78,0.65,0
282,6.17,157.0,35.3,63.2,305.7,5.18,200.9,Urban,Clay,1105.0,Average,4.21,1,10.0,5.37,1
283,0.0,67.1,28.5,34.7,374.9,4.08,115.7,Urban,Clay,1784.0,Average,,3,4.29,5.23,1
284,5.7,244.6,26.5,53.8,320.4,5.35,142.0,Forest,Sandy,1224.0,Poor,3.48,0,1.83,2.18,0
285,6.04,,27.3,82.8,448.3,5.68,52.5,Agricultural,Loamy,969.0,Poor,5.08,2,8.53,5.26,1
286,5.84,156.8,30.5,87.4,291.1,5.13,90.1,Agricultural,Sandy,295.0,Average,2.57,0,7.14,3.44,0
287,0.67,193.5,24.4,71.8,635.1,,174.6,Forest,Clay,1430.0,Average,5.92,1,6.51,5.6,0
288,2.57,191.9,23.3,79.7,604.7,6.18,90.1,Agricultural,Loamy,387.0,Poor,2.31,3,5.83,4.27,1
289,7.54,59.1,33.4,77.7,696.3,4.15,417.6,Wetland,Sandy,881.0,Average,6.12,1,4.36,6.75,0
290,2.74,131.0,22.7,75.9,704.9,3.47,189.9,Forest,Clay,1158.0,Average,2.5,1,8.13,2.48,0
291,7.27,165.3,27.0,59.4,498.7,4.0,9.0,Urban,Loamy,530.0,Average,3.64,0,4.03,4.12,1
292,3.83,51.2,32.6,59.5,733.2,3.44,72.3,Agricultural,Silty,321.0,Good,5.2,0,6.82,8.49,0
293,4.15,109.5,30.3,81.1,267.5,2.96,80.9,Wetland,Loamy,275.0,Poor,6.68,1,1.24,0.94,0
294,5.06,87.1,22.6,66.4,435.8,4.71,61.6,Forest,Loamy,350.0,Poor,5.82,1,3.2,4.23,0
295,6.73,151.1,31.1,67.7,161.1,1.72,14.1,Wetland,Clay,690.0,Poor,7.73,0,6.93,6.58,0
296,2.28,153.9,23.9,76.0,471.9,3.68,373.2,Agricultural,Loamy,2000.0,Poor,4.4,3,7.82,3.45,0
297,6.2,116.2,18.4,84.8,489.5,5.61,132.6,Agricultural,Clay,269.0,Poor,6.93,0,7.42,4.43,1
298,4.19,359.6,20.5,66.4,515.4,9.9,545.8,Agricultural,Silty,1133.0,Average,1.85,1,0.38,7.96,0
299,5.95,252.1,33.1,54.3,469.3,,319.4,Forest,Silty,113.0,Good,6.04,4,10.0,6.35,0
300,4.9,124.5,20.2,80.4,755.7,3.88,29.6,Urban,Clay,201.0,Average,6.04,2,5.17,3.98,1
301,2.87,240.0,26.1,63.7,169.8,5.21,122.7,Barren,Loamy,314.0,Average,2.6,1,6.76,4.19,0
302,4.94,165.1,30.7,63.3,191.1,5.1,23.8,Barren,Clay,882.0,Poor,5.71,3,4.7,7.79,1
303,6.88,170.2,23.9,80.3,297.9,5.22,222.2,Urban,Sandy,889.0,Poor,3.47,0,3.66,9.0,1
304,5.64,295.5,23.2,65.7,477.2,6.91,211.2,Forest,Clay,922.0,Average,2.76,2,8.45,4.65,0
305,4.89,239.1,18.7,65.9,271.1,7.97,169.9,Forest,Clay,507.0,Poor,8.12,0,5.28,5.09,1
306,3.74,168.4,30.8,53.3,287.0,6.52,224.1,Agricultural,Clay,294.0,Average,2.63,0,5.7,6.7,0
307,0.86,273.1,30.8,68.8,398.0,6.52,48.3,Urban,Loamy,395.0,Poor,6.64,1,3.58,2.61,0
308,7.57,111.3,29.1,58.1,617.7,5.5,31.9,Wetland,Loamy,461.0,Average,8.01,1,3.28,4.21,0
309,4.1,198.9,23.7,60.3,564.1,,60.9,Barren,Clay,915.0,Poor,0.28,1,0.0,4.07,1
310,4.82,208.6,30.4,66.2,1288.9,4.22,42.7,Agricultural,Sandy,625.0,Poor,7.87,3,5.48,4.69,1
311,2.55,146.1,27.7,57.2,218.0,4.22,9.8,Forest,Silty,1230.0,Good,2.62,1,7.67,4.29,0
312,2.56,145.7,18.8,75.0,737.1,5.56,56.1,Agricultural,Clay,729.0,Average,6.43,3,7.59,5.69,1
313,4.52,,31.8,70.1,491.5,5.84,72.2,Agricultural,Loamy,253.0,Poor,2.02,1,0.93,4.99,1
314,6.58,180.7,29.2,67.1,626.6,2.74,4.3,Forest,Clay,1167.0,Poor,1.62,4,2.77,2.63,1
315,4.89,161.1,26.4,97.2,63.5,3.37,193.1,Urban,Clay,577.0,Poor,2.48,0,9.17,5.33,0
316,8.66,171.0,23.8,72.5,303.2,6.07,765.7,Agricultural,Clay,1274.0,Good,2.66,3,4.87,8.23,0
317,2.15,270.6,26.4,73.8,588.7,4.52,60.6,Wetland,Loamy,2033.0,Average,4.87,1,5.22,8.12,1
318,5.51,146.5,24.3,70.8,447.5,5.19,99.5,Barren,Loamy,2629.0,Average,10.0,0,7.59,1.67,0
319,6.67,162.0,29.9,76.2,309.3,4.41,160.8,Barren,Sandy,771.0,Poor,8.61,0,2.91,4.27,0
320,8.54,186.5,27.3,80.9,443.7,3.41,16.1,Agricultural,Silty,579.0,Poor,3.65,4,7.67,4.99,1
321,3.68,174.4,22.3,78.8,386.9,9.67,56.0,Agricultural,Sandy,564.0,Average,5.04,0,2.29,3.8,1
322,4.48,151.4,23.9,69.3,339.2,4.62,8.6,Urban,Clay,424.0,Average,6.2,1,4.36,6.37,1
323,1.59,104.1,33.4,81.6,476.2,2.46,38.4,Forest,Sandy,1427.0,Average,5.33,0,10.0,8.32,0
324,6.63,165.1,22.4,72.3,193.6,5.88,36.7,Agricultural,Loamy,1212.0,Good,6.88,1,5.7,6.99,0
325,2.41,223.5,27.0,87.9,428.6,0.84,551.9,Urban,Silty,699.0,Average,2.89,2,3.07,6.89,0
326,1.66,143.0,27.2,62.6,476.0,4.01,75.3,Forest,Loamy,455.0,Good,2.18,3,2.79,6.43,1
327,4.13,275.7,20.4,58.4,422.1,6.03,224.4,Urban,Loamy,453.0,Average,,0,7.0,0.5,0
328,6.92,101.6,34.3,64.8,493.1,4.98,77.0,Agricultural,Clay,1212.0,Poor,5.2,0,8.33,4.62,0
329,3.71,120.2,26.1,83.4,470.9,3.17,183.7,Agricultural,Sandy,835.0,Average,2.24,1,5.57,7.01,0
330,0.91,144.8,23.4,65.0,353.5,8.11,178.2,Urban,Sandy,915.0,Good,1.67,1,8.33,3.2,0
331,5.43,281.2,30.4,48.8,305.3,3.12,94.0,Urban,Sandy,525.0,,4.49,1,3.12,6.74,1
332,2.59,273.4,27.4,70.5,821.1,5.24,32.1,Wetland,Clay,2563.0,Poor,5.63,0,8.01,5.14,1
333,1.52,80.4,27.2,66.5,1095.6,4.63,285.2,Agricultural,Clay,1064.0,Poor,2.58,1,3.41,5.48,1
334,4.01,140.2,34.0,72.0,783.6,6.75,725.4,Agricultural,Silty,1147.0,Poor,4.71,1,5.01,5.22,0
335,7.59,87.7,25.5,41.4,383.6,8.26,11.9,Urban,Clay,56.0,Good,9.6,2,5.15,4.08,1
336,2.26,60.8,30.6,71.0,494.7,3.06,52.2,Barren,Loamy,799.0,Poor,8.1,4,1.52,6.18,0
337,4.28,170.1,32.0,83.6,218.8,2.89,7.6,Urban,Sandy,677.0,Poor,,2,5.99,6.91,0
338,1.95,207.2,23.9,67.2,504.9,2.71,42.2,Agricultural,Clay,385.0,Poor,9.7,1,9.42,5.88,0
339,4.01,123.1,26.5,72.4,306.8,3.5,117.5,Agricultural,Silty,837.0,Poor,6.73,0,9.13,2.16,0
340,8.79,84.8,32.3,53.1,557.2,,26.8,Agricultural,Clay,499.0,Poor,4.78,0,2.23,2.88,1
341,3.82,173.8,27.9,65.0,285.4,3.06,71.0,Agricultural,Silty,929.0,Good,5.97,1,6.35,5.69,0
342,6.41,177.7,29.9,58.0,210.6,6.46,403.7,Forest,Clay,854.0,Average,5.98,1,1.43,6.37,0
343,6.1,178.3,27.7,80.7,237.6,2.72,211.8,Forest,Loamy,1728.0,Average,1.32,1,3.31,4.73,0
344,3.83,129.1,33.0,73.1,510.8,6.49,190.3,Agricultural,Silty,358.0,Average,5.17,0,6.67,4.62,1
345,3.48,115.0,29.2,73.2,536.3,3.86,44.6,Barren,Loamy,507.0,Average,7.23,0,8.29,9.8,0
346,7.19,96.2,25.1,74.1,1024.4,6.27,39.2,Forest,Loamy,1293.0,,5.1,0,7.6,4.34,1
347,5.47,105.5,36.0,79.5,1114.2,5.69,40.7,Forest,Loamy,743.0,Good,9.23,1,8.02,2.76,0
348,7.33,135.6,28.9,54.4,433.8,4.71,74.0,Agricultural,Sandy,228.0,Poor,7.28,2,2.83,4.29,0
349,4.72,120.9,28.4,68.6,257.1,8.23,196.3,Wetland,Sandy,794.0,Average,1.83,4,1.44,5.03,1
350,3.08,171.0,21.7,85.6,223.2,1.37,93.1,Wetland,Loamy,852.0,Good,6.69,0,7.25,6.16,0
351,3.5,206.5,20.2,63.7,462.5,4.08,81.9,Wetland,Clay,339.0,Poor,8.48,0,9.77,7.39,0
352,5.47,158.8,29.3,58.8,648.0,7.85,114.3,Forest,Clay,358.0,Average,4.45,2,6.57,3.44,1
353,6.79,189.0,29.9,71.8,394.5,3.09,80.0,Urban,Loamy,357.0,Good,4.14,0,2.15,4.51,0
354,5.7,156.3,25.3,60.2,730.6,6.56,69.5,Agricultural,Clay,1675.0,Good,10.0,1,3.05,5.57,0
355,7.43,226.8,24.1,65.1,222.1,,244.2,Wetland,Silty,940.0,Good,5.01,1,3.13,5.24,0
356,4.75,258.1,23.8,68.7,201.3,8.1,300.2,Agricultural,Sandy,1455.0,Average,2.2,1,4.93,2.91,0
357,5.13,130.4,23.7,,201.9,2.86,76.4,Agricultural,Clay,294.0,Poor,2.99,1,7.19,1.31,1
358,7.14,294.0,25.2,71.1,155.2,7.99,140.7,Agricultural,Silty,323.0,Poor,8.09,1,3.87,3.72,0
359,5.0,94.6,28.5,64.5,845.2,3.94,33.0,Agricultural,Loamy,285.0,,1.83,1,4.03,2.24,0
360,4.26,186.0,19.4,87.4,913.2,6.72,66.7,Urban,Clay,293.0,Average,5.63,1,3.58,5.22,1
361,6.42,325.3,27.5,57.9,1084.7,3.86,513.8,Forest,Loamy,95.0,Good,2.01,2,7.62,6.45,0
362,5.77,308.7,26.1,63.1,1581.1,6.53,2.9,Urban,Sandy,277.0,Average,5.62,0,4.32,8.55,1
363,1.05,93.1,28.4,60.6,480.1,5.6,134.6,Urban,Silty,137.0,Poor,1.96,1,6.3,3.95,1
364,6.57,294.8,23.7,62.0,35.9,4.4,146.9,Urban,Clay,775.0,Poor,6.31,2,3.83,8.91,0
365,8.61,163.6,28.0,72.9,144.9,5.59,14.0,Urban,Loamy,2251.0,Average,0.03,2,5.12,4.09,1
366,1.41,90.9,29.3,71.8,122.4,2.31,332.6,Agricultural,Sandy,1710.0,Average,7.72,1,4.92,2.79,0
367,5.95,268.6,22.6,63.8,598.3,3.66,15.4,Barren,Loamy,876.0,Average,5.1,2,5.4,2.63,0
368,3.52,93.4,30.9,75.9,828.4,6.41,596.7,Wetland,Clay,1706.0,Good,6.49,2,3.62,5.43,0
369,3.47,129.7,25.6,98.9,740.5,7.28,79.6,Agricultural,Silty,614.0,Poor,6.35,1,4.15,6.24,1
370,3.75,202.9,27.3,70.0,231.5,2.52,33.8,Barren,Silty,530.0,Poor,3.75,0,3.15,4.1,0
371,4.92,112.7,25.6,66.7,338.4,4.09,335.9,Forest,Clay,226.0,Average,3.58,1,5.73,9.19,0
372,7.84,171.8,27.2,79.4,224.7,4.35,4.0,Barren,Loamy,281.0,Good,,2,5.14,1.78,0
373,3.12,70.3,31.7,90.6,206.3,4.78,252.5,Wetland,Sandy,475.0,Average,7.6,1,6.38,5.36,0
374,5.15,118.6,27.8,78.7,742.7,3.97,146.1,Urban,Clay,1382.0,Average,6.85,3,8.71,4.87,1
375,7.1,59.6,28.9,77.0,586.0,3.45,44.4,Forest,Loamy,471.0,Good,5.34,2,0.0,4.25,0
376,7.02,225.4,15.4,58.7,268.8,0.0,80.9,Urban,Clay,1196.0,Poor,1.63,2,1.1,5.64,1
377,5.08,137.2,27.0,59.1,709.7,3.55,376.9,Urban,Clay,172.0,Average,5.23,1,2.98,5.49,0
378,4.22,172.7,23.0,90.5,325.6,7.82,233.5,Wetland,Silty,810.0,Good,6.04,3,1.36,3.59,0
379,3.4,190.9,29.2,,180.1,5.22,182.7,Forest,Silty,302.0,Average,7.33,0,1.8,4.35,0
380,0.58,316.3,26.3,54.9,641.6,2.22,89.5,Forest,Silty,980.0,Poor,8.55,2,8.2,4.86,0
381,4.84,155.3,27.3,90.6,1140.5,4.84,508.1,Wetland,Clay,1465.0,Poor,5.29,2,8.7,7.06,1
382,5.1,142.6,25.2,84.9,392.7,4.24,44.4,Forest,Clay,366.0,Good,5.66,1,5.51,7.21,1
383,0.0,115.6,23.0,54.2,857.5,6.12,110.4,Urban,Clay,646.0,Average,5.58,1,5.12,5.06,1
384,4.66,333.3,30.5,76.8,325.1,6.18,434.0,Forest,Clay,306.0,Average,3.82,2,8.86,3.2,1
385,4.42,108.5,29.9,83.9,466.6,4.34,351.9,Urban,Sandy,291.0,Poor,4.19,2,4.78,5.85,0
386,4.96,73.7,27.8,92.8,138.7,3.34,41.6,Urban,Loamy,2920.0,Poor,0.96,0,1.76,3.73,1
387,4.44,219.2,27.3,74.6,600.8,4.54,1.8,Forest,Loamy,548.0,Poor,6.93,2,7.62,0.3,1
388,2.1,260.4,26.8,68.0,1019.0,4.97,25.8,Urban,Clay,867.0,Average,6.29,2,2.81,4.61,1
389,7.44,91.5,25.7,74.0,317.3,2.39,97.6,Forest,Silty,898.0,Average,0.04,0,5.59,6.81,1
390,4.2,61.6,26.7,88.1,302.8,4.25,180.2,Wetland,Loamy,614.0,Poor,,2,6.54,5.51,1
391,6.46,76.1,27.0,53.1,79.4,3.86,228.7,Forest,Clay,935.0,Good,4.11,2,5.81,8.02,0
392,4.88,91.7,34.7,68.1,359.8,5.55,98.2,Urban,Clay,160.0,Average,5.4,1,1.46,5.18,1
393,4.44,198.7,26.1,68.8,395.8,1.4,106.2,Wetland,Clay,1283.0,Average,7.35,0,3.07,4.49,0
394,6.82,50.3,24.8,64.8,221.5,4.1,338.9,Agricultural,Clay,833.0,Average,7.51,2,2.73,1.9,0
395,4.18,158.6,30.0,66.7,250.4,3.81,57.0,Urban,Loamy,339.0,Good,7.18,2,3.42,4.84,0
396,6.29,163.4,21.7,77.5,295.8,3.24,292.2,Agricultural,Sandy,651.0,Good,7.51,0,4.12,4.07,0
397,2.51,118.8,24.0,67.2,444.6,2.74,113.0,Urban,Loamy,1444.0,Average,2.01,2,1.55,4.7,0
398,4.06,88.0,20.3,75.2,295.3,5.7,6.0,Agricultural,Sandy,575.0,Poor,2.11,0,5.96,5.23,1
399,5.53,212.2,23.9,86.4,765.2,3.77,90.4,Urban,Sandy,1034.0,Good,5.21,3,6.61,4.06,0
400,4.63,259.5,25.6,41.8,515.9,7.93,406.7,Agricultural,Silty,677.0,Average,5.59,2,6.58,4.3,0
401,7.1,179.8,25.4,52.4,905.8,6.44,82.4,Wetland,Clay,863.0,Poor,5.38,1,6.04,3.11,1
402,3.89,152.1,25.1,70.2,210.0,5.21,196.4,Agricultural,Sandy,835.0,Good,2.37,2,5.31,7.38,0
403,3.61,142.4,28.0,58.0,182.4,3.96,133.5,Forest,Silty,167.0,Poor,3.24,1,6.75,5.44,0
404,7.65,77.6,18.1,84.8,482.0,0.17,50.4,Urban,Sandy,958.0,Average,4.36,1,5.87,4.32,0
405,5.66,173.9,30.4,73.0,490.1,4.73,16.9,Urban,Loamy,887.0,Average,2.89,2,4.71,8.57,1
406,5.07,61.5,30.7,65.1,460.6,6.36,102.5,Wetland,Silty,1092.0,Poor,7.17,0,1.64,6.32,1
407,3.98,144.0,24.9,61.1,589.1,5.47,10.4,Agricultural,Loamy,1065.0,Poor,4.35,0,5.16,4.63,1
408,4.75,202.2,26.1,68.7,321.4,4.39,67.8,Wetland,Sandy,2360.0,Average,2.68,0,8.23,5.84,1
409,3.57,285.4,25.1,58.4,612.5,0.0,271.9,Urban,Loamy,930.0,Poor,0.92,0,6.44,5.52,0
410,5.19,269.2,26.4,56.3,345.8,7.13,124.3,Wetland,Sandy,199.0,Poor,9.11,1,4.01,5.24,0
411,5.28,42.8,23.5,86.3,525.0,5.53,249.2,Urban,Loamy,262.0,Average,5.88,1,5.21,1.15,0
412,7.23,143.9,27.8,69.5,448.4,4.1,46.7,Forest,Sandy,1112.0,Good,4.84,0,3.6,6.32,0
413,5.29,164.8,27.0,53.4,169.3,2.06,455.5,Wetland,Loamy,1402.0,Poor,2.8,1,5.34,4.67,0
414,6.26,267.1,33.3,71.8,658.8,5.58,173.8,Agricultural,Loamy,721.0,Poor,0.91,1,5.0,5.06,1
415,6.27,189.8,32.5,74.4,357.4,3.35,57.2,Agricultural,Sandy,558.0,Good,1.31,1,3.88,6.94,0
416,8.07,,19.4,79.0,362.0,5.54,435.2,Agricultural,Sandy,1005.0,Average,7.69,1,6.25,4.03,0
417,8.06,87.5,23.2,75.9,248.7,5.58,25.0,Barren,Clay,180.0,Poor,5.53,3,2.78,3.59,1
418,3.24,88.1,20.2,79.6,300.1,4.23,220.7,Agricultural,Clay,372.0,Poor,5.24,2,4.39,6.86,1
419,7.21,,23.4,77.3,295.9,3.64,21.8,Agricultural,Loamy,1563.0,Good,4.11,1,2.7,4.21,0
420,3.23,,20.8,66.8,897.0,6.09,57.0,Forest,Clay,737.0,Good,1.79,1,6.47,3.02,1
421,0.84,117.8,34.1,70.2,767.1,3.21,125.3,Wetland,Sandy,937.0,Average,7.8,1,4.42,9.93,0
422,3.43,163.5,27.8,70.1,323.5,3.21,77.5,Wetland,Silty,639.0,Average,4.66,1,4.32,6.37,0
423,3.13,136.4,27.1,76.4,451.4,5.26,107.2,Agricultural,Loamy,1439.0,Poor,1.57,1,4.62,4.54,1
424,6.26,133.9,26.7,65.1,117.7,4.68,120.5,Barren,Clay,924.0,Poor,4.17,2,2.38,2.93,1
425,7.36,32.9,27.0,71.8,260.3,2.32,137.2,Forest,Loamy,1759.0,Average,7.03,3,5.73,3.05,0
426,6.44,329.0,27.2,78.6,559.8,2.42,389.7,Agricultural,Silty,871.0,Good,2.61,1,2.14,4.44,0
427,4.82,156.9,30.3,47.8,226.0,3.05,185.7,Forest,Loamy,1137.0,Good,4.39,0,5.11,4.79,0
428,8.36,112.0,32.6,55.8,438.9,5.14,489.6,Agricultural,Loamy,952.0,Good,9.73,1,7.39,2.95,0
429,3.93,157.5,30.2,87.5,222.6,7.52,207.7,Agricultural,Sandy,444.0,Poor,8.76,0,0.0,6.19,0
430,2.59,93.8,21.8,73.7,1442.0,0.0,345.7,Urban,Clay,318.0,Poor,4.2,1,4.92,5.7,0
431,5.81,151.6,35.8,60.1,571.5,2.84,172.8,Urban,Loamy,1718.0,Poor,7.51,1,4.24,6.7,1
432,2.19,183.5,26.7,73.6,804.7,4.48,26.6,Forest,Loamy,1714.0,Average,6.74,1,6.15,3.74,0
433,3.97,206.2,27.3,74.4,297.4,0.24,216.0,Agricultural,Loamy,789.0,Average,4.9,0,6.93,5.96,0
434,6.64,352.3,27.6,83.1,571.3,3.52,450.2,Agricultural,Sandy,811.0,Poor,2.83,2,6.38,1.02,0
435,8.05,218.7,26.2,73.8,506.4,9.09,64.2,Wetland,Sandy,168.0,Poor,4.12,0,7.03,5.98,1
436,5.7,161.4,28.4,63.8,375.2,6.65,59.9,Wetland,Loamy,501.0,Average,3.72,1,6.87,0.0,0
437,5.89,,18.5,65.0,294.5,4.77,347.8,Agricultural,Sandy,493.0,Good,3.75,0,3.87,2.42,0
438,5.86,133.5,31.1,60.1,241.0,5.08,143.9,Forest,Sandy,632.0,Poor,7.14,0,0.61,0.66,0
439,6.41,165.0,22.8,70.9,1150.7,5.67,8.5,Agricultural,Loamy,230.0,Average,2.88,2,5.36,1.57,1
440,4.41,259.8,29.5,95.5,431.0,4.29,100.3,Urban,Silty,322.0,Poor,5.81,0,6.94,5.14,1
441,7.07,334.9,23.8,69.9,869.1,5.58,275.7,Forest,Clay,2150.0,Average,3.87,2,5.36,6.38,1
442,3.28,160.7,23.3,76.9,342.1,5.59,120.6,Urban,Sandy,759.0,Poor,8.13,0,2.79,6.89,0
443,5.87,97.4,18.4,71.1,506.0,4.4,68.0,Agricultural,Loamy,567.0,Average,5.9,1,2.31,6.83,0
444,6.18,274.9,35.1,68.2,421.2,4.63,24.9,Agricultural,Loamy,670.0,Good,3.47,0,8.52,4.31,1
445,5.48,37.7,27.5,,513.6,3.14,16.8,Wetland,Clay,216.0,Good,6.19,2,10.0,3.01,0
446,6.93,361.9,34.1,54.5,267.2,6.21,250.1,Agricultural,Loamy,304.0,Average,2.81,0,10.0,2.68,0
447,3.24,121.1,30.2,52.3,504.5,5.23,75.9,Urban,Clay,343.0,Average,8.89,0,7.91,4.17,0
448,4.73,226.5,29.0,72.1,819.8,5.56,233.2,Forest,Sandy,379.0,Poor,7.95,0,2.02,5.68,0
449,7.15,244.1,27.4,64.8,671.5,3.62,170.7,Forest,Loamy,163.0,Poor,5.2,1,0.0,3.19,1
450,5.19,315.3,23.0,79.9,398.0,4.51,108.6,Wetland,Clay,842.0,Average,3.6,5,2.95,4.92,1
451,6.72,65.9,28.3,76.5,126.2,5.63,341.2,Urban,Sandy,1215.0,Average,4.62,1,7.7,5.64,0
452,6.29,184.5,29.0,46.7,1123.1,5.18,199.0,Barren,Sandy,1109.0,Good,7.27,0,0.0,6.41,0
453,4.34,269.9,32.7,75.1,661.4,6.8,29.0,Urban,Silty,602.0,Poor,5.98,0,2.64,5.75,1
454,4.81,76.0,20.3,50.8,322.5,4.9,51.5,Urban,Clay,876.0,Good,8.62,2,10.0,5.49,1
455,7.92,210.0,28.4,69.2,938.2,1.45,1117.6,Forest,Sandy,359.0,Poor,4.25,1,7.94,0.95,0
456,8.95,158.6,18.8,63.2,537.5,2.29,124.1,Barren,Clay,360.0,Poor,7.31,2,4.63,3.06,1
457,4.0,383.7,26.9,65.5,408.3,4.02,29.5,Urban,Loamy,225.0,Average,7.95,1,9.4,5.57,1
458,3.51,159.0,29.6,57.4,52.0,4.41,214.0,Forest,Clay,1660.0,Average,5.62,0,7.0,4.33,0
459,3.73,305.2,27.8,54.1,521.0,4.24,80.3,Forest,Loamy,1303.0,Average,6.32,2,5.2,5.84,0
460,2.66,124.4,27.1,49.3,96.1,1.92,73.7,Forest,Sandy,522.0,Poor,4.8,1,5.5,4.28,0
461,4.95,97.3,26.5,51.7,428.4,6.57,26.9,Barren,Sandy,876.0,Average,3.47,1,2.07,0.33,1
462,3.14,28.5,29.0,68.6,102.3,3.92,83.8,Urban,Loamy,1989.0,Average,2.62,0,9.51,2.24,0
463,6.11,152.4,26.1,68.4,149.4,5.15,119.4,Barren,Silty,132.0,Good,3.11,1,0.87,3.89,0
464,4.1,153.2,34.1,57.2,460.1,4.2,11.7,Wetland,Clay,444.0,Average,9.17,1,8.58,3.61,0
465,6.13,79.2,25.5,69.4,376.9,1.96,193.8,Urban,Clay,351.0,Good,6.88,0,3.39,7.83,0
466,6.0,190.4,27.1,76.3,659.8,5.34,124.2,Agricultural,Silty,423.0,Poor,6.77,1,7.14,8.31,1
467,6.41,294.4,27.5,77.4,387.3,6.11,293.3,Urban,Silty,576.0,Poor,4.79,1,4.01,8.58,0
468,3.69,188.1,26.3,51.6,364.6,1.53,64.9,Forest,Loamy,758.0,Poor,5.06,1,7.31,5.61,0
469,7.34,186.7,25.9,60.3,599.7,4.58,215.7,Forest,Sandy,1451.0,Poor,3.33,0,3.45,3.19,0
470,0.79,68.4,33.9,53.3,191.3,2.53,19.0,Wetland,Silty,614.0,Average,4.49,1,3.74,4.91,0
471,4.54,,31.5,63.9,546.1,5.76,112.8,Forest,Clay,637.0,Good,4.72,3,6.69,4.02,0
472,4.53,117.2,28.0,54.7,176.1,2.95,30.6,Forest,Silty,233.0,Average,7.55,0,6.13,2.58,0
473,6.21,51.0,28.4,66.7,277.8,5.95,172.6,Urban,Loamy,905.0,Average,8.92,1,3.73,3.29,0
474,4.8,131.9,22.6,78.4,501.0,3.61,762.1,Urban,Sandy,2517.0,Average,6.8,3,2.94,3.92,0
475,7.44,118.7,28.3,65.6,310.0,3.34,127.4,Urban,Clay,1555.0,Poor,4.42,0,4.59,4.58,1
476,5.68,84.3,29.3,58.1,346.6,2.5,227.7,Agricultural,Clay,1723.0,Average,6.95,2,4.79,7.11,0
477,0.26,148.7,27.9,74.0,1259.3,6.72,25.4,Agricultural,Sandy,959.0,Good,7.97,0,2.28,4.49,0
478,5.97,63.1,21.4,69.9,445.8,10.05,108.5,Urban,Silty,233.0,Poor,7.56,0,6.3,5.28,1
479,5.39,140.1,22.8,72.3,477.4,1.83,137.6,Agricultural,Clay,1670.0,Average,7.43,1,1.86,0.32,0
480,0.65,117.9,26.5,81.9,540.5,8.46,126.7,Urban,Sandy,106.0,Poor,2.69,1,7.22,5.07,1
481,2.43,205.1,27.3,65.5,90.2,3.29,84.3,Barren,Sandy,1794.0,Average,3.94,2,6.3,3.4,0
482,5.09,189.4,28.3,59.6,287.4,5.89,115.8,Agricultural,Silty,511.0,Average,0.93,0,4.5,5.89,1
483,7.04,121.2,30.9,60.7,136.7,3.15,317.3,Urban,Sandy,1207.0,,4.92,2,6.95,3.59,0
484,7.8,104.2,30.5,69.0,417.5,2.51,17.1,Agricultural,Sandy,1158.0,Average,6.04,1,4.49,4.24,0
485,7.63,129.8,27.3,73.6,227.6,8.6,25.2,Forest,Clay,1361.0,Average,3.71,1,9.71,6.66,1
486,1.45,187.4,23.2,69.3,310.9,4.15,171.4,Urban,Clay,868.0,Poor,0.99,1,6.36,5.48,1
487,0.99,130.0,27.8,71.4,293.9,8.49,39.4,Urban,Sandy,901.0,Good,4.63,0,5.58,4.69,0
488,7.74,65.6,26.0,74.7,156.4,5.19,98.3,Barren,Silty,206.0,Average,7.62,2,2.4,7.61,1
489,4.19,148.0,32.9,67.8,710.9,4.28,176.4,Agricultural,Loamy,672.0,Poor,3.44,0,4.9,6.69,1
490,7.41,56.0,30.8,76.4,657.3,4.55,342.8,Agricultural,Sandy,2632.0,Poor,2.98,1,9.55,5.85,1
491,7.09,155.3,26.7,76.8,788.5,6.46,2.6,Forest,Clay,1862.0,Good,3.59,1,3.76,3.08,1
492,3.34,111.4,20.6,80.7,296.4,5.61,140.8,Agricultural,Loamy,423.0,Average,7.51,0,5.68,2.41,0
493,6.82,251.7,27.8,54.2,444.9,4.44,283.1,Wetland,Sandy,1510.0,Good,3.05,1,1.41,2.78,0
494,5.71,95.8,33.5,86.8,107.7,8.16,274.3,Forest,Loamy,1065.0,Poor,4.9,2,7.35,1.91,1
495,7.55,317.0,23.1,80.8,541.0,4.31,247.3,Forest,Silty,851.0,Good,,0,3.7,5.0,0
496,3.14,283.8,32.8,80.9,138.0,5.69,310.2,Forest,Silty,628.0,Poor,9.54,2,1.69,7.87,0
497,2.18,79.8,22.5,67.4,111.4,4.55,515.8,Agricultural,Loamy,1045.0,Average,6.83,2,3.01,3.94,0
498,8.34,145.8,33.3,69.9,994.7,4.03,179.0,Urban,Loamy,1761.0,Average,6.11,2,2.53,5.36,1
499,7.68,148.5,29.0,79.1,1163.6,5.82,315.0,Forest,Silty,519.0,Poor,6.71,0,0.76,5.09,1
500,6.95,241.7,27.0,59.9,223.2,2.56,154.1,Agricultural,Loamy,1111.0,Poor,6.4,1,1.3,5.0,0
501,4.16,210.6,27.3,,591.3,4.19,263.4,Forest,Loamy,724.0,Average,5.56,0,7.89,4.12,0
502,5.81,225.9,26.2,68.0,1047.6,6.92,16.9,Urban,Clay,1010.0,Good,0.0,1,3.64,3.12,1
503,6.07,98.2,30.7,56.6,443.1,4.89,155.5,Forest,Clay,92.0,Poor,5.69,1,5.53,8.89,1
504,7.15,111.3,29.1,51.8,541.4,8.27,434.2,Agricultural,Silty,2260.0,Average,4.36,0,2.64,5.83,0
505,7.5,84.4,22.4,48.0,458.2,2.71,17.0,Forest,Loamy,1828.0,Poor,5.69,0,4.44,6.6,0
506,1.28,91.7,28.3,81.6,254.2,11.26,355.5,Barren,Clay,794.0,Good,4.15,0,3.79,5.76,0
507,5.48,47.7,21.6,64.7,581.4,2.61,27.6,Forest,Silty,1097.0,Good,0.41,0,5.53,5.96,1
508,5.48,332.8,27.8,53.6,1173.6,4.83,40.2,Wetland,Loamy,931.0,Poor,4.23,0,0.0,5.92,1
509,4.63,171.4,27.6,71.5,313.6,5.88,216.9,Urban,Silty,400.0,Poor,3.92,1,4.26,4.45,1
510,7.25,100.0,25.8,59.7,599.3,8.3,363.5,Wetland,Loamy,578.0,Good,4.05,1,8.61,6.86,1
511,2.07,78.6,27.7,71.7,686.6,4.14,187.6,Wetland,Loamy,331.0,Average,7.07,0,3.02,2.68,0
512,3.63,124.5,26.1,43.3,332.2,6.52,52.6,Agricultural,Sandy,863.0,Poor,4.22,1,5.25,3.74,1
513,7.76,244.1,23.3,76.6,46.1,4.4,64.1,Agricultural,Sandy,1229.0,Average,6.55,0,8.46,2.05,0
514,3.6,323.1,24.1,78.3,306.1,8.67,69.5,Urban,Clay,1198.0,Poor,0.55,1,8.6,6.86,1
515,2.8,105.3,21.4,65.6,362.4,4.57,29.9,Forest,Loamy,1814.0,Average,5.23,2,2.7,5.39,0
516,4.63,198.8,24.6,76.1,452.2,4.51,51.4,Agricultural,Loamy,179.0,Average,8.33,1,4.08,2.18,0
517,9.58,86.2,26.0,40.6,863.3,6.73,197.4,Barren,Clay,499.0,Good,4.87,1,9.17,7.9,1
518,3.64,147.4,32.9,81.3,932.1,3.86,80.0,Agricultural,Sandy,372.0,Poor,7.55,1,5.12,3.61,1
519,3.23,109.9,31.5,55.3,221.8,5.61,15.0,Urban,Loamy,1134.0,Poor,2.39,2,4.65,3.88,1
520,4.39,66.1,24.0,55.8,167.1,4.2,519.6,Agricultural,Clay,2621.0,Average,1.87,2,1.97,4.21,0
521,9.83,170.5,29.4,65.9,548.0,7.2,184.1,Forest,Loamy,589.0,Good,2.9,0,4.51,8.33,1
522,9.31,111.9,24.5,85.0,458.5,,60.9,Forest,Loamy,1370.0,Good,6.29,1,1.45,5.48,1
523,4.15,84.7,25.2,82.1,293.4,2.23,206.8,Urban,Clay,254.0,Poor,2.72,0,4.63,7.29,0
524,4.01,270.5,23.8,85.8,219.5,4.67,59.8,Agricultural,Clay,500.0,Poor,4.6,1,8.59,7.1,0
525,5.53,83.2,28.6,66.2,768.2,1.81,99.2,Agricultural,Silty,1032.0,Poor,2.29,1,3.37,3.09,1
526,5.18,194.4,20.8,66.8,290.6,5.21,36.7,Barren,Silty,767.0,Good,9.61,2,1.11,6.95,0
527,4.57,149.3,19.2,100.0,326.3,3.64,13.0,Agricultural,Loamy,759.0,Good,6.52,2,0.37,6.02,0
528,0.09,110.2,27.2,86.7,263.2,3.0,8.6,Forest,Sandy,592.0,Average,4.7,3,6.21,5.27,0
529,5.34,88.8,20.7,64.7,150.1,6.42,121.3,Agricultural,Clay,1157.0,Poor,5.05,1,1.06,5.35,0
530,6.21,122.5,24.8,75.7,684.6,5.38,166.2,Agricultural,Clay,187.0,Poor,6.65,1,4.02,1.36,1
531,6.71,262.7,32.3,53.3,809.6,3.8,61.6,Barren,Loamy,1079.0,Good,7.48,1,4.97,4.8,0
532,5.1,101.5,26.7,67.0,300.5,1.96,24.9,Urban,Clay,1063.0,Poor,6.14,1,3.19,7.7,0
533,3.1,87.5,22.4,60.3,787.2,4.92,110.3,Wetland,Sandy,1077.0,,5.04,1,8.36,5.49,1
534,6.12,139.5,25.1,75.8,1210.3,3.34,49.8,Barren,Loamy,2097.0,Average,7.32,2,4.05,9.65,1
535,5.0,303.6,33.4,28.6,200.6,3.16,45.0,Urban,Sandy,600.0,Poor,5.79,1,5.69,3.67,0
536,3.91,85.6,36.8,76.9,251.7,6.53,69.1,Urban,Clay,939.0,Average,5.84,0,6.52,2.09,0
537,4.91,208.4,25.1,53.7,528.1,8.83,224.5,Agricultural,Loamy,765.0,Average,7.17,0,8.37,5.35,1
538,4.56,57.2,20.1,87.7,361.0,4.75,129.3,Barren,Clay,557.0,Poor,5.64,0,6.08,5.01,0
539,1.61,117.0,29.5,92.9,151.9,5.98,356.7,Agricultural,Clay,871.0,Average,7.31,3,4.22,2.47,0
540,8.32,95.4,26.7,77.9,639.6,4.73,139.6,Urban,Clay,2157.0,Poor,5.98,0,8.87,5.4,1
541,7.6,118.8,27.3,54.5,516.1,5.07,181.6,Urban,Loamy,355.0,Good,5.65,3,1.52,4.82,0
542,4.48,275.6,25.7,62.2,462.6,2.74,23.2,Agricultural,Loamy,1239.0,Average,5.68,0,3.77,2.14,0
543,6.1,82.7,28.5,69.7,1265.0,2.88,213.6,Forest,Sandy,251.0,Average,3.23,2,7.02,3.48,1
544,4.41,36.7,28.0,43.1,377.1,4.07,318.9,Agricultural,Loamy,290.0,Average,2.12,2,4.44,2.33,0
545,3.15,152.9,17.8,69.6,127.7,6.15,17.5,Barren,Loamy,1671.0,Poor,10.0,0,3.02,4.41,0
546,6.91,83.0,25.4,99.6,138.1,6.12,58.3,Agricultural,Sandy,363.0,Average,1.16,1,3.16,3.28,0
547,2.74,130.8,28.6,55.9,676.8,,11.2,Barren,Clay,1064.0,Good,,0,0.14,7.15,0
548,7.16,166.0,35.0,78.4,416.7,2.14,45.6,Wetland,Sandy,645.0,Good,3.61,0,10.0,3.99,0
549,7.29,201.9,22.3,78.7,368.4,3.8,592.1,Wetland,Clay,378.0,Average,3.37,0,10.0,3.72,0
550,4.26,167.2,26.6,68.4,322.5,4.58,52.1,Agricultural,Silty,611.0,Average,3.47,1,5.04,5.15,0
551,1.1,349.8,32.0,67.8,134.3,9.88,7.1,Forest,Loamy,2022.0,Good,4.81,0,3.97,6.01,0
552,4.08,169.3,24.2,67.5,818.9,4.13,79.2,Wetland,Clay,582.0,Good,9.05,2,5.16,4.29,0
553,1.42,421.9,23.7,62.7,315.6,3.27,106.8,Forest,Sandy,1738.0,Poor,6.75,2,0.0,4.5,0
554,3.61,346.3,36.5,81.7,538.0,3.39,249.1,Agricultural,Sandy,91.0,Average,7.39,2,7.12,6.42,0
555,4.63,114.0,27.5,66.5,396.0,4.72,82.9,Agricultural,Clay,668.0,Good,5.05,1,5.74,10.0,0
556,6.8,317.4,29.7,70.5,478.2,4.69,6.2,Agricultural,Silty,833.0,Poor,5.56,2,8.0,3.47,1
557,5.54,109.1,27.7,61.2,678.7,4.52,145.2,Forest,Loamy,1675.0,Average,3.92,1,7.98,5.36,1
558,5.97,79.4,25.6,63.8,505.5,5.48,217.9,Agricultural,Silty,1431.0,Poor,4.4,0,3.63,7.7,1
559,7.8,60.1,28.7,63.0,536.1,5.63,146.7,Forest,Silty,136.0,Average,4.04,0,3.85,4.99,0
560,5.71,,26.2,79.7,779.1,4.28,87.4,Agricultural,Clay,697.0,Average,5.49,0,8.14,6.89,1
561,7.2,203.3,22.5,82.4,191.2,5.48,190.8,Forest,Silty,412.0,Average,2.2,1,6.76,3.81,0
562,2.34,167.6,35.4,89.8,582.1,,258.0,Agricultural,Loamy,331.0,Average,10.0,0,6.17,5.06,0
563,5.54,133.9,34.6,76.9,251.7,6.11,7.9,Wetland,Loamy,1318.0,Poor,5.95,1,10.0,5.18,1
564,2.8,52.9,27.6,85.6,279.6,5.63,11.9,Agricultural,Silty,792.0,Average,,0,2.64,6.31,0
565,5.88,41.0,30.5,75.7,402.1,0.93,41.4,Agricultural,Sandy,473.0,Poor,2.51,2,4.89,5.03,0
566,3.99,126.5,31.7,70.6,594.0,,19.3,Wetland,Loamy,770.0,Average,1.92,1,4.81,0.0,0
567,6.38,168.7,22.5,62.5,459.2,5.44,206.3,Wetland,Clay,656.0,Good,6.87,0,2.89,8.57,0
568,4.55,60.2,24.5,78.7,1025.5,3.08,72.3,Agricultural,Sandy,549.0,Average,3.84,0,2.64,1.86,0
569,5.71,164.0,22.9,76.2,184.1,3.69,317.4,Agricultural,Sandy,1665.0,Good,5.68,1,3.07,7.92,0
570,5.3,107.1,32.7,50.7,168.1,2.85,425.3,Wetland,Loamy,431.0,Average,4.74,0,7.39,6.43,0
571,7.53,131.2,26.3,79.1,568.4,4.76,153.2,Urban,Sandy,476.0,Average,4.42,0,4.12,3.95,1
572,3.76,137.7,29.4,68.2,626.6,5.94,82.2,Urban,Loamy,1206.0,Good,3.77,3,7.67,4.39,1
573,8.25,68.4,23.7,49.8,91.4,3.36,44.6,Forest,Loamy,68.0,Poor,8.97,2,1.15,3.14,0
574,4.3,263.3,20.1,76.6,604.8,5.31,55.9,Wetland,Silty,671.0,Poor,5.93,1,7.72,4.08,1
575,2.93,322.6,17.2,60.0,373.4,4.66,125.3,Urban,Silty,632.0,Average,1.6,0,0.0,7.33,1
576,3.04,81.2,26.4,63.3,516.2,6.3,84.8,Agricultural,Clay,396.0,Average,6.8,1,3.24,6.53,0
577,8.18,159.8,27.2,51.6,462.1,3.27,32.0,Forest,Loamy,720.0,Poor,1.54,7,4.4,3.01,1
578,8.84,149.0,26.8,76.5,536.8,6.63,28.6,Wetland,Loamy,699.0,Average,3.71,3,4.31,5.83,1
579,2.57,169.3,25.6,61.3,259.8,6.28,17.6,Urban,Clay,368.0,Good,2.97,1,4.41,2.72,0
580,1.96,94.1,32.5,73.3,360.7,3.98,25.4,Wetland,Clay,295.0,Average,7.76,1,2.44,5.91,0
581,4.87,182.5,32.3,71.6,254.9,3.64,172.4,Urban,Silty,234.0,Poor,0.84,1,5.99,3.3,0
582,5.48,139.3,29.5,70.0,1590.4,5.32,147.8,Urban,Clay,331.0,Average,0.69,1,2.54,5.24,1
583,3.93,54.8,26.7,71.0,561.7,6.31,53.9,Agricultural,Silty,1423.0,Average,5.15,0,4.87,6.21,0
584,4.33,159.9,22.6,60.3,308.2,5.61,59.4,Forest,Sandy,883.0,Good,2.68,1,7.81,2.45,1
585,6.39,165.8,31.8,65.6,423.6,3.51,97.6,Forest,Silty,1003.0,Poor,2.44,1,3.87,4.56,1
586,5.7,136.1,17.9,80.1,156.0,6.68,79.8,Agricultural,Silty,20.0,Average,1.37,2,4.63,6.96,1
587,4.79,288.4,24.7,71.1,205.5,3.38,165.5,Agricultural,Clay,448.0,Average,4.69,3,3.07,4.69,0
588,5.36,131.6,22.6,83.0,39.9,4.72,220.1,Agricultural,Sandy,275.0,Average,2.24,0,4.44,4.92,0
589,5.6,88.6,28.5,85.1,252.2,5.71,18.8,Urban,Sandy,1032.0,Average,4.96,1,4.36,8.12,1
590,7.13,74.0,28.6,58.4,326.7,7.09,21.4,Forest,Clay,1020.0,Average,2.34,1,3.63,4.81,1
591,6.89,142.8,26.4,100.0,1245.3,3.56,127.2,Wetland,Sandy,1151.0,Good,4.81,2,1.53,2.98,0
592,6.44,183.5,22.9,54.5,432.7,2.99,370.8,Wetland,Clay,649.0,Average,6.57,1,4.31,7.02,0
593,3.72,79.7,30.7,43.4,141.2,7.72,79.7,Wetland,Clay,918.0,Average,7.53,0,6.22,5.49,0
594,2.98,122.1,29.3,70.5,223.3,4.37,0.4,Agricultural,Sandy,1313.0,Poor,5.44,2,1.35,5.78,0
595,5.98,208.1,30.2,48.9,406.8,5.02,49.5,Urban,Sandy,397.0,Good,6.8,1,8.96,4.25,0
596,6.61,212.7,21.3,78.4,336.4,5.54,42.2,Barren,Silty,1494.0,Poor,4.88,2,6.08,7.97,1
597,8.3,231.4,35.9,65.1,371.4,3.07,35.4,Agricultural,Loamy,371.0,Average,2.61,1,8.79,4.63,1
598,1.17,157.9,26.3,63.6,584.9,7.18,175.0,Agricultural,Clay,849.0,Poor,4.67,1,7.65,0.56,0
599,4.59,41.3,20.8,54.0,382.1,9.85,79.5,Forest,Loamy,1382.0,Poor,1.99,2,2.11,5.15,1
600,5.9,104.4,24.4,62.7,1088.8,3.87,81.1,Wetland,Loamy,736.0,Poor,5.2,0,3.65,4.67,1
601,5.75,190.2,24.4,76.1,347.9,,56.0,Forest,Silty,951.0,Poor,4.09,4,10.0,5.28,1
602,3.62,90.7,25.6,64.8,436.4,,125.5,Urban,Clay,2205.0,Poor,5.24,1,6.36,3.75,1
603,0.0,170.0,29.0,57.6,141.5,5.21,459.7,Urban,Sandy,128.0,Average,7.63,2,2.41,5.31,0
604,5.42,153.6,34.6,74.3,440.8,4.64,229.7,Agricultural,Loamy,191.0,Poor,3.42,1,6.4,3.68,0
605,3.55,135.9,26.2,58.6,37.5,4.82,103.3,Urban,Sandy,621.0,Average,9.74,2,3.19,7.05,0
606,4.18,87.6,27.9,50.2,547.4,4.73,169.3,Agricultural,Sandy,934.0,Average,5.34,2,7.49,5.77,0
607,6.92,83.4,23.5,68.3,112.8,9.72,50.9,Agricultural,Silty,955.0,Average,5.24,2,3.81,3.64,1
608,5.24,286.7,29.4,65.4,350.6,3.6,234.4,Urban,Clay,1036.0,Poor,5.5,2,8.84,5.29,1
609,6.57,109.8,21.9,70.4,689.4,6.06,123.8,Forest,Clay,501.0,Poor,2.32,0,9.27,5.83,1
610,7.11,201.3,16.2,58.2,286.1,4.9,15.0,Forest,Silty,487.0,Poor,3.44,0,3.03,4.54,1
611,8.46,231.5,29.2,80.3,119.5,2.94,168.2,Agricultural,Clay,838.0,Average,3.11,1,7.24,4.61,1
612,1.41,102.1,23.6,82.6,428.2,3.85,173.6,Wetland,Clay,907.0,Poor,1.8,1,8.6,1.3,1
613,3.81,150.7,22.8,80.4,367.9,7.79,244.4,Forest,Loamy,821.0,Good,7.31,1,1.69,4.87,0
614,8.75,192.3,31.9,69.9,289.5,3.7,113.7,Agricultural,Clay,650.0,Average,4.78,0,6.86,5.32,0
615,6.41,93.0,27.0,43.3,54.0,4.19,158.7,Forest,Sandy,295.0,Poor,4.8,0,5.93,2.76,0
616,3.95,123.3,28.5,67.6,490.3,6.0,185.7,Forest,Sandy,964.0,Poor,2.34,4,2.03,5.34,1
617,4.01,230.5,26.2,65.9,694.9,5.67,109.6,Agricultural,Sandy,1207.0,Average,4.99,2,2.39,4.08,0
618,6.09,63.5,35.8,62.0,146.3,5.44,181.4,Forest,Clay,826.0,Poor,7.54,0,8.62,3.35,0
619,2.33,47.7,22.6,49.8,662.7,5.01,161.2,Agricultural,Loamy,392.0,Average,6.68,2,8.32,5.45,0
620,7.57,120.8,27.2,62.6,328.8,6.5,118.1,Urban,Loamy,194.0,Average,4.6,4,8.03,1.98,1
621,4.6,172.5,29.5,61.3,215.0,,44.9,Forest,Sandy,1561.0,Good,4.32,0,4.58,6.48,0
622,7.82,98.3,29.2,75.0,737.7,4.42,194.5,Agricultural,Loamy,736.0,Poor,8.91,3,1.81,7.64,1
623,5.38,56.1,30.8,48.2,1241.4,4.28,32.0,Agricultural,Loamy,1258.0,Average,5.26,1,6.29,4.99,1
624,0.0,170.2,24.6,70.3,320.4,5.06,11.2,Urban,Clay,1122.0,Good,5.44,0,3.2,3.24,0
625,5.53,123.4,24.3,93.1,146.5,1.71,9.2,Wetland,Loamy,2311.0,Poor,6.96,4,6.97,4.04,1
626,2.87,123.3,28.5,80.8,718.5,5.85,30.8,Agricultural,Loamy,1630.0,Average,4.14,3,3.21,7.26,1
627,7.55,72.8,29.8,79.9,460.4,6.13,9.9,Urban,Loamy,920.0,Average,6.22,0,4.94,5.56,1
628,3.82,47.9,22.4,65.6,523.1,1.72,8.2,Urban,Clay,1662.0,Poor,7.21,1,2.96,7.65,1
629,6.74,49.7,24.3,82.9,644.8,4.4,90.9,Urban,Loamy,2456.0,Good,5.76,1,5.46,7.26,0
630,4.59,62.4,24.9,83.9,252.3,5.11,65.6,Forest,Loamy,538.0,Average,4.81,1,2.25,5.08,0
631,6.85,150.3,28.9,93.2,623.3,5.47,178.8,Urban,Clay,45.0,Good,3.5,1,1.45,8.46,1
632,1.98,92.4,31.2,56.9,228.5,6.89,143.7,Forest,Loamy,282.0,Average,6.59,0,1.51,7.06,0
633,4.7,272.5,30.7,74.1,335.7,6.01,14.0,Barren,Loamy,279.0,Good,5.97,2,5.0,1.57,0
634,3.31,106.9,32.6,71.6,544.4,7.82,473.8,Forest,Loamy,1197.0,Average,7.23,0,0.0,3.74,0
635,5.81,49.5,18.0,,293.5,4.8,249.7,Urban,Loamy,1066.0,Poor,1.53,0,6.79,5.34,1
636,4.07,124.5,27.2,84.9,558.9,6.73,81.7,Forest,Clay,1007.0,Average,6.13,2,7.25,2.98,0
637,7.9,115.0,30.4,62.2,385.6,3.69,39.5,Urban,Silty,1009.0,Poor,5.32,1,2.48,3.8,1
638,4.59,130.1,21.1,45.0,689.7,2.23,36.1,Urban,Clay,663.0,Average,5.63,4,2.54,0.98,1
639,6.02,360.3,27.1,69.9,324.0,0.47,152.3,Forest,Sandy,1887.0,Poor,8.62,1,4.12,7.1,0
640,6.28,304.0,23.2,55.4,1027.5,0.91,110.6,Forest,Loamy,563.0,Good,5.0,1,9.25,4.14,0
641,3.03,126.4,25.4,62.6,586.1,2.28,106.9,Forest,Loamy,416.0,Average,3.74,1,7.76,5.45,0
642,7.71,252.7,26.5,87.8,849.2,3.59,370.9,Wetland,Loamy,1931.0,Good,5.73,0,3.82,8.52,0
643,4.82,198.2,32.9,79.9,738.3,4.91,202.2,Agricultural,Clay,494.0,Good,4.27,0,3.11,5.7,0
644,8.44,149.3,29.7,61.7,423.2,2.54,88.3,Barren,Silty,742.0,Good,7.28,2,7.56,5.82,0
645,3.01,198.6,27.3,59.4,489.4,5.09,58.6,Agricultural,Loamy,1734.0,Good,3.48,2,4.77,7.29,0
646,1.62,205.1,16.3,84.5,246.8,3.34,85.4,Barren,Silty,398.0,Average,6.1,0,5.24,6.71,0
647,7.67,,25.5,,463.6,3.3,19.4,Agricultural,Sandy,703.0,Average,8.31,0,4.43,6.52,0
648,4.77,125.2,22.3,60.5,290.6,3.37,7.9,Agricultural,Loamy,149.0,Average,3.52,0,3.94,4.68,1
649,4.62,135.0,32.1,71.9,396.5,3.5,184.9,Wetland,Silty,1401.0,Poor,0.72,0,3.26,2.46,0
650,5.41,148.0,32.0,80.7,820.7,6.59,89.7,Agricultural,Loamy,1230.0,Average,8.48,1,7.27,6.38,1
651,4.05,241.4,23.2,80.1,209.0,3.05,124.3,Urban,Clay,339.0,Poor,,2,7.38,7.25,1
652,7.62,64.9,36.3,53.9,386.8,6.03,91.7,Urban,Clay,729.0,Average,3.88,0,5.88,7.14,1
653,6.36,30.6,23.8,57.8,588.1,2.49,43.8,Agricultural,Clay,1279.0,Average,1.34,3,0.0,3.41,1
654,3.69,119.6,33.4,65.1,127.2,3.0,245.8,Urban,Loamy,877.0,Poor,1.14,0,6.8,6.42,0
655,1.58,63.9,22.1,70.4,590.5,3.17,164.3,Barren,Silty,1738.0,Poor,0.99,0,5.43,7.08,0
656,3.56,217.8,32.2,60.0,1612.3,3.36,183.4,Wetland,Sandy,530.0,Good,3.83,2,6.16,5.4,0
657,8.53,173.5,23.5,,843.9,6.57,190.3,Agricultural,Sandy,471.0,Good,4.48,1,8.15,7.15,1
658,5.05,275.3,26.3,63.2,382.2,5.47,53.2,Forest,Sandy,400.0,Average,10.0,2,4.81,6.04,0
659,6.05,89.2,26.7,75.1,196.5,4.34,189.9,Agricultural,Clay,2250.0,Average,8.66,0,5.5,6.45,0
660,0.89,255.9,33.2,73.2,865.9,3.32,9.4,Urban,Silty,250.0,Poor,7.58,3,9.66,0.37,1
661,7.28,119.3,21.7,63.4,215.0,4.03,110.5,Forest,Silty,868.0,Average,6.83,0,7.01,5.64,0
662,0.61,243.5,23.4,67.1,385.2,3.6,900.3,Urban,Loamy,136.0,Poor,4.24,0,6.05,7.63,0
663,3.34,131.7,27.5,83.9,269.4,5.33,39.7,Agricultural,Loamy,456.0,Good,6.7,2,3.62,5.13,0
664,4.52,151.6,24.9,63.5,152.7,5.61,498.8,Agricultural,Silty,279.0,Good,0.99,0,5.33,5.84,0
665,7.92,186.0,29.3,70.5,170.7,3.67,97.4,Agricultural,Loamy,418.0,Average,4.43,0,0.46,2.29,1
666,7.35,93.4,35.1,49.9,569.1,5.29,285.8,Agricultural,Loamy,94.0,Poor,5.5,1,3.09,2.12,1
667,3.83,164.6,22.2,74.4,253.2,2.87,4.0,Wetland,Loamy,1154.0,Poor,4.92,2,3.35,6.23,0
668,6.48,261.0,34.6,78.8,1024.6,5.56,357.3,Barren,Silty,567.0,Average,1.69,2,4.23,5.59,1
669,2.81,203.5,31.1,55.1,101.7,6.31,7.7,Agricultural,Clay,178.0,Average,,1,7.99,7.99,1
670,5.71,215.8,31.8,91.5,1215.0,4.4,171.2,Urban,Clay,841.0,Poor,7.16,2,5.98,4.86,1
671,7.76,123.6,27.1,51.8,220.5,3.3,148.6,Forest,Silty,2313.0,Average,2.79,0,3.29,4.2,0
672,6.65,135.1,25.9,85.8,490.2,3.74,113.6,Agricultural,Silty,1585.0,Average,2.85,3,4.8,6.86,1
673,1.59,156.4,34.9,63.4,260.6,5.44,155.6,Forest,Sandy,514.0,Average,5.98,1,0.09,2.96,0
674,2.27,133.1,21.6,83.5,181.3,7.35,541.8,Urban,Loamy,628.0,,5.43,0,7.89,4.35,0
675,8.16,121.2,28.4,64.2,1572.3,3.67,96.4,Urban,Silty,1029.0,Poor,3.73,0,7.34,5.2,1
676,5.79,154.2,23.0,78.8,282.6,3.35,127.2,Agricultural,Sandy,101.0,,4.75,0,1.65,3.56,0
677,7.62,340.8,27.7,48.8,169.7,8.01,125.9,Agricultural,Loamy,251.0,Poor,7.28,1,5.66,4.56,1
678,6.02,81.3,26.1,73.8,496.2,2.12,85.8,Agricultural,Loamy,488.0,Good,1.35,1,2.29,2.38,0
679,2.71,250.1,27.2,71.5,1237.1,7.29,95.8,Agricultural,Silty,2634.0,Poor,3.92,0,1.86,5.78,1
680,7.65,165.0,29.7,67.5,851.9,2.01,78.9,Agricultural,Silty,415.0,Average,5.94,1,2.97,4.31,0
681,1.94,241.2,31.1,56.4,490.4,5.41,197.4,Agricultural,Loamy,1032.0,Good,1.28,0,3.86,2.9,0
682,9.04,361.3,21.3,69.0,542.3,7.81,176.0,Wetland,Clay,450.0,Average,4.07,2,1.25,1.72,1
683,4.89,91.5,29.0,74.1,543.8,7.51,42.3,Urban,Clay,1584.0,Poor,0.7,0,6.08,3.53,1
684,5.68,126.3,30.7,50.6,669.4,5.98,93.3,Urban,Sandy,1427.0,Poor,8.21,1,4.1,6.72,0
685,5.71,270.2,22.5,46.1,381.8,2.19,50.4,Agricultural,Sandy,733.0,Average,5.52,2,8.89,5.64,1
686,6.79,95.0,26.5,42.8,261.6,4.9,41.1,Forest,Clay,771.0,Average,1.43,2,7.13,5.26,1
687,0.65,115.8,32.1,73.8,241.1,3.94,75.8,Urban,Loamy,273.0,Average,0.0,0,4.84,6.9,1
688,3.66,167.6,30.6,68.8,116.5,3.29,34.9,Forest,Clay,782.0,Average,2.05,1,0.11,2.67,0
689,5.84,225.3,21.8,76.0,158.3,3.99,49.4,Wetland,Sandy,309.0,Average,1.96,1,7.98,5.7,0
690,4.51,75.9,24.5,64.8,74.3,5.56,328.4,Urban,Silty,844.0,Average,2.29,0,3.94,0.77,0
691,2.4,320.8,26.2,,315.1,3.64,19.9,Forest,Clay,690.0,Average,3.47,2,5.89,3.47,0
692,3.09,389.1,26.1,87.5,247.0,7.02,16.4,Barren,Clay,585.0,Average,5.77,1,3.44,7.57,1
693,5.24,120.8,24.4,70.9,520.5,6.92,128.3,Urban,Clay,1159.0,Average,2.69,1,1.29,2.01,1
694,4.29,275.9,25.4,55.9,405.2,5.57,95.4,Wetland,Clay,245.0,Average,7.47,0,8.38,4.92,0
695,5.17,110.1,27.2,56.4,308.9,5.22,117.6,Urban,Sandy,932.0,Average,0.38,1,4.25,5.51,1
696,7.48,134.1,28.7,71.1,592.9,4.78,11.4,Forest,Loamy,542.0,Poor,5.67,0,4.74,6.76,1
697,7.56,139.2,25.8,74.4,334.3,1.71,93.0,Agricultural,Clay,569.0,Average,8.97,1,5.6,5.99,0
698,3.62,16.1,28.3,73.5,779.7,5.17,113.5,Agricultural,Silty,384.0,Good,7.09,3,7.84,4.81,0
699,3.61,32.9,27.3,66.2,270.1,2.07,368.9,Agricultural,Loamy,379.0,Poor,5.16,1,5.57,2.83,0
700,8.46,196.2,27.6,57.1,473.5,3.68,256.0,Urban,Clay,997.0,Average,6.69,0,5.63,2.47,0
701,6.43,152.3,29.3,61.8,381.3,7.23,10.5,Forest,Clay,1040.0,Average,8.12,1,8.67,6.18,1
702,3.21,118.9,26.7,76.3,659.9,3.18,0.9,Forest,Loamy,938.0,Average,6.27,3,7.57,9.53,1
703,7.98,102.2,30.1,99.7,1117.6,3.04,398.6,Wetland,Clay,1384.0,Poor,7.14,3,6.55,5.72,1
704,3.19,191.5,29.1,80.2,481.9,3.22,266.1,Agricultural,Clay,241.0,Poor,3.74,2,4.43,6.7,0
705,4.15,166.7,31.5,69.3,428.0,4.43,37.6,Urban,Sandy,147.0,Average,1.73,1,5.96,6.58,1
706,5.21,108.8,27.8,78.1,239.8,3.56,18.1,Agricultural,Sandy,403.0,Good,8.76,2,3.53,6.75,0
707,4.39,106.7,31.2,75.9,1183.0,4.74,36.7,Urban,Clay,387.0,Poor,5.4,3,8.2,4.46,1
708,3.57,111.8,34.4,94.1,273.6,2.22,62.7,Forest,Sandy,866.0,Poor,7.1,2,5.87,4.08,0
709,9.18,147.3,23.1,62.2,613.5,5.56,54.9,Agricultural,Sandy,730.0,Average,0.77,3,2.45,6.04,1
710,0.89,101.4,21.1,,451.5,6.55,336.7,Barren,Silty,811.0,,2.6,1,6.19,3.13,0
711,4.86,133.1,35.1,70.9,249.4,2.24,123.8,Agricultural,Loamy,350.0,Poor,6.91,1,8.7,2.93,0
712,6.01,79.8,25.6,46.6,380.6,3.53,27.4,Urban,Loamy,218.0,Poor,3.64,1,4.78,2.52,1
713,6.92,192.6,20.6,49.6,331.1,3.5,314.1,Forest,Loamy,806.0,Poor,3.65,1,2.76,4.52,0
714,3.59,82.8,23.4,79.7,190.5,5.82,45.8,Agricultural,Clay,617.0,Good,7.44,4,3.86,5.05,0
715,5.27,204.5,22.5,76.5,350.6,4.35,196.4,Forest,Loamy,690.0,Average,5.81,2,6.25,8.62,0
716,7.61,92.8,28.7,66.7,463.0,4.78,133.7,Forest,Loamy,958.0,Poor,9.63,1,0.0,7.11,0
717,3.68,29.5,30.9,58.7,115.8,2.2,728.6,Wetland,Clay,746.0,Poor,5.77,0,4.61,5.88,0
718,6.08,198.8,21.0,66.6,356.8,4.61,13.1,Wetland,Clay,1326.0,Average,8.42,1,9.75,9.41,1
719,4.82,192.0,28.5,68.4,311.0,5.61,87.8,Agricultural,Silty,791.0,Average,7.56,0,2.8,5.97,0
720,4.53,114.8,25.3,77.2,584.9,4.85,29.1,Urban,Clay,2907.0,Poor,10.0,1,4.79,4.89,0
721,4.67,129.9,18.8,59.7,584.2,4.51,186.4,Wetland,Clay,718.0,Good,6.16,2,8.3,5.12,0
722,3.62,173.8,27.7,56.0,195.5,4.05,17.0,Agricultural,Loamy,633.0,Poor,4.99,0,4.28,4.65,0
723,2.78,1119.523604377141,23.4,82.2,362.3,7.58,204.9,Urban,Silty,1152.0,Good,3.46,3,7.35,5.84,1
724,4.71,85.0,25.7,55.5,82.3,3.7,240.0,Agricultural,Loamy,178.0,Good,7.53,1,10.0,5.12,0
725,6.88,122.2,30.0,81.1,526.9,3.58,185.5,Forest,Clay,2746.0,Average,6.01,0,6.42,5.14,0
726,5.94,,26.1,58.4,298.8,1.54,150.3,Urban,Clay,417.0,Good,6.83,1,4.0,8.33,0
727,6.52,124.8,23.6,76.1,167.9,4.67,82.3,Wetland,Loamy,1067.0,Average,2.97,1,8.67,5.96,1
728,3.35,52.1,27.9,62.7,289.5,3.9,25.9,Agricultural,Loamy,1203.0,Average,4.35,3,3.91,6.85,1
729,1.89,233.6,24.8,51.1,221.7,7.08,145.4,Urban,Clay,742.0,Average,4.3,1,6.98,4.77,0
730,4.96,381.6,35.6,72.8,461.5,8.8,251.4,Forest,Clay,606.0,Average,9.81,0,1.89,3.51,0
731,6.5,214.5,26.5,78.9,276.6,2.81,173.9,Barren,Sandy,265.0,Good,4.44,1,8.39,5.81,0
732,4.28,170.3,28.2,72.4,570.3,3.22,324.7,Urban,Loamy,819.0,Average,4.81,0,4.52,4.02,0
733,3.76,261.9,29.7,59.7,329.4,,305.5,Forest,Sandy,638.0,Good,6.73,2,6.83,4.61,0
734,4.06,276.5,26.3,63.5,323.3,3.69,469.7,Wetland,Sandy,517.0,Poor,6.98,0,8.03,2.27,0
735,6.09,111.3,16.5,92.2,516.8,,54.4,Urban,Loamy,1084.0,Average,2.41,3,2.94,7.27,1
736,5.33,109.3,31.5,66.0,387.1,3.73,14.9,Agricultural,Clay,67.0,Average,6.11,1,5.35,4.91,0
737,7.21,158.3,25.1,84.1,195.5,5.15,265.3,Forest,Sandy,1144.0,Average,3.66,2,0.8,0.0,0
738,3.65,240.3,29.3,76.9,502.6,4.73,165.0,Agricultural,Loamy,1598.0,Good,5.18,0,6.31,3.95,0
739,2.32,219.6,32.8,58.3,747.6,4.6,265.3,Wetland,Loamy,177.0,Average,7.57,3,6.58,4.72,0
740,6.01,145.5,27.3,78.0,358.3,3.65,22.2,Urban,Loamy,281.0,Average,0.0,0,6.38,3.24,1
741,5.64,91.6,28.1,88.2,416.1,6.5,123.1,Wetland,Clay,482.0,Good,1.61,0,9.13,8.13,1
742,8.19,220.2,32.2,82.7,313.0,5.93,595.4,Agricultural,Sandy,202.0,Average,6.1,2,4.71,8.21,0
743,0.0,184.7,31.2,65.3,373.9,3.81,108.7,Forest,Loamy,291.0,Good,4.18,0,8.04,4.04,0
744,7.88,93.8,24.5,85.7,699.4,2.5,55.9,Agricultural,Sandy,711.0,Poor,9.01,1,0.39,3.53,0
745,5.61,184.9,27.3,52.5,566.7,2.92,18.7,Agricultural,Loamy,327.0,Good,4.86,1,6.86,4.86,0
746,6.07,48.4,31.0,91.5,168.2,4.19,78.5,Wetland,Sandy,326.0,Average,1.86,2,0.51,3.51,0
747,3.11,60.2,33.8,68.9,803.6,6.4,153.6,Urban,Sandy,587.0,Average,7.24,3,0.07,4.29,0
748,7.61,117.1,22.8,66.9,522.6,3.83,124.2,Forest,Silty,214.0,Average,8.15,2,4.41,2.8,0
749,3.6,158.9,36.4,81.8,382.1,3.33,5.5,Forest,Clay,512.0,Poor,5.58,3,5.51,7.93,1
750,4.43,209.9,28.9,70.9,918.8,5.55,88.1,Urban,Silty,1305.0,Poor,6.1,1,0.94,4.68,1
751,3.58,210.4,24.5,84.6,371.6,3.6,656.4,Wetland,Clay,733.0,Poor,5.8,0,2.77,5.72,0
752,6.13,87.7,24.3,49.5,47.3,4.25,87.4,Barren,Loamy,40.0,Good,6.36,1,7.97,5.89,0
753,2.98,86.8,27.9,74.0,515.7,6.45,86.6,Forest,Silty,727.0,Poor,4.15,1,5.53,3.88,1
754,3.95,230.4,25.2,53.3,320.3,1.81,154.4,Urban,Silty,801.0,Average,7.29,0,4.68,2.99,0
755,3.05,138.7,32.7,71.1,632.3,5.63,178.8,Urban,Sandy,306.0,Average,8.06,2,6.64,2.35,0
756,0.67,147.6,20.6,48.4,351.8,4.58,191.2,Urban,Silty,318.0,Average,9.29,0,2.69,4.88,0
757,6.82,184.3,27.2,59.3,289.3,4.84,68.4,Forest,Clay,249.0,Poor,4.69,2,3.81,9.72,1
758,8.62,109.7,31.9,81.3,182.8,4.84,23.2,Urban,Sandy,294.0,Poor,1.87,1,6.43,3.4,1
759,6.59,73.0,28.4,90.3,461.8,4.15,8.3,Agricultural,Loamy,637.0,Good,7.82,0,9.59,6.22,0
760,8.95,92.2,19.3,70.8,1470.5,7.26,8.3,Forest,Loamy,946.0,Good,10.0,2,2.63,7.43,1
761,3.8,138.8,34.3,89.6,430.6,3.56,205.1,Forest,Silty,1291.0,Average,0.84,1,6.21,4.22,1
762,3.61,140.4,29.5,84.4,290.4,6.22,59.0,Urban,Silty,461.0,Good,5.82,1,4.53,6.58,0
763,4.8,231.8,31.9,68.3,674.0,4.64,74.3,Agricultural,Clay,350.0,Average,7.48,0,1.24,4.0,1
764,4.1,254.2,29.8,80.0,118.6,6.8,19.2,Urban,Clay,170.0,Average,1.71,1,4.36,2.86,1
765,6.56,253.6,21.9,46.8,250.1,3.42,50.2,Wetland,Sandy,1776.0,Average,9.2,1,4.64,5.92,0
766,6.98,,30.2,53.5,264.0,4.43,17.9,Forest,Loamy,455.0,Poor,7.16,0,7.28,8.48,0
767,6.51,225.6,30.9,75.8,454.8,8.06,144.8,Urban,Clay,486.0,Poor,3.21,1,7.64,3.71,1
768,0.52,222.3,30.5,75.1,665.4,3.81,408.9,Urban,Clay,490.0,Average,4.4,1,6.79,1.7,0
769,7.73,138.1,32.0,68.4,243.0,5.91,94.3,Urban,Silty,997.0,Average,,0,9.19,6.13,1
770,6.14,74.9,21.6,91.2,74.1,2.18,62.8,Agricultural,Sandy,1235.0,Good,2.34,1,6.71,6.41,1
771,10.0,78.4,33.1,68.1,90.0,3.44,180.3,Agricultural,Sandy,840.0,Good,9.74,1,2.12,2.22,0
772,4.31,112.9,27.7,67.1,434.0,2.4,132.7,Forest,Clay,902.0,Poor,5.62,1,0.62,3.29,0
773,1.34,154.0,26.6,70.3,67.1,9.1,353.7,Forest,Silty,1806.0,Good,0.89,0,4.19,7.19,0
774,5.2,145.4,23.9,79.1,146.1,4.9,109.9,Forest,Clay,905.0,Average,4.78,1,3.47,4.66,0
775,4.95,267.3,32.5,66.0,153.0,6.47,24.4,Agricultural,Sandy,1106.0,Poor,7.87,2,8.1,4.14,1
776,6.14,180.8,23.4,68.1,294.2,3.33,223.5,Urban,Loamy,843.0,Average,5.55,0,6.05,6.26,0
777,5.81,151.8,26.9,78.4,320.9,7.51,701.6,Wetland,Sandy,653.0,Good,7.49,2,5.42,7.39,0
778,4.32,92.1,23.2,48.9,434.9,1.93,25.9,Agricultural,Clay,721.0,Good,4.83,3,3.3,5.1,0
779,9.08,45.6,24.0,55.1,640.8,7.63,326.1,Forest,Loamy,985.0,Average,4.97,2,0.0,5.63,0
780,5.44,176.0,25.3,74.3,509.3,5.73,223.3,Wetland,Loamy,989.0,Poor,4.26,0,0.0,6.64,0
781,6.8,67.4,26.9,67.0,418.8,6.86,303.6,Urban,Loamy,1458.0,Average,1.99,1,5.29,3.46,1
782,4.95,194.4,27.7,64.1,313.6,7.8,46.5,Agricultural,Loamy,468.0,Good,4.41,0,2.31,0.15,0
783,7.63,109.9,20.5,64.0,881.4,5.09,26.2,Urban,Sandy,712.0,Average,9.46,1,1.31,9.28,1
784,5.43,181.4,28.6,64.1,645.1,6.57,81.1,Agricultural,Clay,636.0,Average,6.06,1,8.51,4.54,1
785,3.72,121.1,32.5,79.2,626.6,6.21,66.5,Agricultural,Clay,1053.0,Average,5.34,0,6.77,6.07,1
786,5.14,313.4,21.9,69.1,332.0,6.16,27.0,Agricultural,Loamy,1670.0,Good,5.88,0,2.81,7.35,1
787,7.35,231.1,27.5,79.2,808.2,4.75,5.5,Barren,Sandy,522.0,Good,7.03,0,5.94,9.0,1
788,5.12,143.8,33.6,77.6,1033.3,3.66,72.6,Forest,Sandy,512.0,Good,7.9,0,6.01,5.15,0
789,6.43,31.9,31.7,67.8,614.1,7.71,71.9,Wetland,Clay,716.0,Poor,,1,6.02,2.96,1
790,2.93,104.7,31.3,73.3,517.7,6.52,545.8,Urban,Silty,598.0,Average,1.81,3,3.23,8.9,0
791,6.29,106.9,29.4,81.9,251.7,4.19,100.5,Urban,Loamy,376.0,,7.7,2,6.95,4.82,0
792,5.01,159.1,29.7,64.3,237.4,4.51,62.0,Urban,Silty,268.0,Average,3.74,0,3.55,2.44,0
793,6.24,99.7,23.3,63.9,271.6,4.39,60.5,Agricultural,Clay,671.0,Poor,6.67,3,2.37,4.94,1
794,4.53,79.2,24.4,99.4,773.0,2.76,16.8,Urban,Sandy,610.0,Poor,1.03,4,9.29,5.08,1
795,1.33,,30.5,60.8,259.8,0.67,93.4,Forest,Clay,592.0,Good,4.36,2,3.68,5.51,0
796,4.68,116.0,26.1,75.0,325.6,7.18,117.8,Forest,Clay,1152.0,Average,10.0,3,4.7,3.9,1
797,3.85,110.1,26.1,49.8,231.8,7.28,171.8,Barren,Silty,2366.0,Good,1.7,0,6.91,2.1,1
798,3.43,140.5,29.9,53.1,424.3,5.52,309.7,Forest,Silty,661.0,Average,6.22,1,6.68,2.51,0
799,7.16,142.4,24.6,76.5,596.7,6.85,335.7,Forest,Loamy,133.0,Good,2.77,0,7.48,4.61,0
800,1.69,112.1,26.9,54.4,405.0,6.16,279.9,Urban,Sandy,2959.0,Average,1.68,2,0.0,6.77,0
801,4.85,265.2,23.7,54.5,625.2,2.82,276.6,Agricultural,Clay,816.0,Average,7.02,2,3.76,4.31,0
802,9.52,256.5,25.0,76.8,307.3,3.44,35.6,Agricultural,Silty,1420.0,Good,5.28,0,0.71,6.51,0
803,3.63,180.5,31.4,68.8,277.3,4.16,38.0,Wetland,Silty,713.0,Average,7.36,0,5.83,6.96,0
804,4.4,331.2,33.5,96.5,383.4,7.16,198.4,Urban,Loamy,916.0,Average,9.18,1,3.72,1.31,0
805,5.45,175.5,34.2,44.6,478.6,6.65,93.6,Forest,Loamy,1701.0,Average,3.03,1,1.82,3.7,1
806,7.48,131.5,24.0,66.7,143.7,7.11,88.2,Wetland,Sandy,298.0,Poor,5.04,2,1.61,2.91,1
807,9.71,222.9,28.2,92.4,1453.9,6.14,13.1,Urban,Clay,1033.0,Poor,8.9,1,6.86,4.49,1
808,2.03,239.7,35.2,60.4,619.0,6.02,2.8,Agricultural,Silty,990.0,Average,7.63,0,0.0,7.02,0
809,0.0,118.1,19.4,49.1,360.1,2.96,28.5,Barren,Sandy,2000.0,Good,6.49,0,3.63,3.68,0
810,7.58,83.8,34.0,61.0,551.4,2.11,73.5,Urban,Silty,1879.0,Average,2.59,1,3.94,1.93,1
811,5.56,220.2,25.5,55.0,502.6,2.29,140.2,Urban,Sandy,372.0,,1.88,2,8.87,7.9,0
812,1.45,163.2,27.5,40.0,614.3,3.11,48.9,Wetland,Silty,982.0,Good,9.55,4,3.23,6.26,0
813,2.69,388.3,20.4,64.4,579.2,7.48,121.7,Urban,Sandy,497.0,Good,7.14,1,4.24,5.2,0
814,2.85,193.3,25.2,77.9,301.2,9.01,56.2,Wetland,Sandy,147.0,Average,2.78,1,7.4,2.06,1
815,4.04,160.5,25.8,69.7,215.2,7.01,93.0,Forest,Clay,691.0,Average,6.03,1,7.38,8.33,0
816,6.82,90.5,27.8,54.7,435.7,6.02,40.4,Wetland,Sandy,425.0,Average,10.0,1,5.5,6.61,0
817,3.1,100.1,20.7,100.0,300.1,6.41,197.8,Urban,Clay,360.0,Average,6.3,1,5.72,5.47,0
818,4.21,102.5,20.8,78.4,915.9,5.58,13.1,Urban,Clay,1832.0,Good,6.66,2,4.49,6.01,1
819,5.96,174.2,16.9,61.9,410.3,4.92,164.5,Wetland,Silty,1733.0,Average,6.33,1,1.52,4.45,0
820,4.63,107.5,25.2,65.9,97.3,3.73,217.4,Urban,Clay,706.0,Poor,5.89,0,6.01,5.32,0
821,5.72,47.0,26.7,78.9,20.5,6.16,322.4,Agricultural,Silty,613.0,Average,2.99,2,0.09,7.94,0
822,2.98,96.1,16.9,59.6,263.4,1.92,504.2,Agricultural,Sandy,267.0,Poor,4.56,1,2.34,0.0,0
823,4.87,181.0,23.0,65.7,702.9,3.67,502.8,Wetland,Sandy,532.0,Poor,7.96,2,1.9,3.09,0
824,3.47,207.1,27.9,63.7,255.0,5.91,218.1,Forest,Silty,341.0,Poor,0.1,3,5.96,6.96,1
825,4.93,47.9,20.8,59.7,703.1,2.75,154.7,Agricultural,Clay,376.0,Good,5.03,0,0.39,6.66,0
826,5.47,140.7,28.6,55.8,49.9,2.26,40.8,Wetland,Clay,454.0,Good,5.56,2,0.0,1.87,0
827,7.08,123.6,25.6,88.6,395.5,4.65,77.9,Agricultural,Silty,694.0,Good,2.5,1,6.16,8.17,1
828,6.81,90.3,32.8,60.5,312.7,5.76,296.2,Forest,Sandy,245.0,Poor,5.77,1,4.72,8.1,0
829,7.02,198.0,30.4,48.7,292.2,5.2,198.7,Forest,Silty,144.0,Poor,5.72,0,4.0,5.44,0
830,7.52,126.2,33.3,60.1,451.0,1.84,643.9,Forest,Loamy,1902.0,Poor,5.62,3,3.68,6.1,0
831,5.42,147.8,26.9,56.7,154.3,4.96,50.6,Urban,Sandy,765.0,Poor,5.45,1,7.81,4.07,0
832,7.82,161.3,32.3,77.9,350.2,2.85,195.0,Agricultural,Silty,1057.0,Poor,4.07,0,3.79,7.02,1
833,4.76,300.3,32.5,76.6,309.9,3.82,161.9,Forest,Clay,320.0,Average,7.75,1,2.28,3.86,0
834,5.87,126.6,25.8,47.8,480.1,5.65,14.3,Urban,Sandy,664.0,Poor,5.39,1,0.78,2.41,1
835,3.92,161.5,22.5,51.9,910.5,1.14,430.4,Forest,Sandy,1251.0,,0.85,1,3.22,5.54,0
836,8.11,273.8,25.2,66.9,518.0,4.56,106.8,Forest,Clay,187.0,Average,6.94,0,6.57,2.31,0
837,2.77,162.6,28.3,65.2,239.8,7.95,88.7,Urban,Clay,537.0,Good,6.38,0,5.45,3.51,0
838,5.88,242.4,34.7,50.6,464.0,5.94,18.6,Forest,Loamy,386.0,Poor,2.03,0,2.51,1.16,1
839,6.85,199.7,33.9,50.8,647.0,7.41,58.1,Urban,Clay,826.0,Poor,2.48,2,6.98,4.71,1
840,4.43,202.1,25.2,79.2,441.4,7.0,52.2,Forest,Loamy,1903.0,Poor,,0,9.66,3.16,1
841,5.85,134.4,27.0,57.6,207.1,4.93,347.7,Agricultural,Sandy,146.0,Poor,3.09,1,6.74,7.02,0
842,3.6,66.3,29.3,,229.2,4.28,59.8,Agricultural,Loamy,481.0,Average,0.92,1,1.1,4.28,0
843,5.68,53.2,32.3,60.7,765.4,3.44,54.7,Forest,Silty,383.0,Average,6.2,1,5.35,2.83,0
844,9.18,158.9,28.2,71.5,103.9,6.98,329.8,Forest,Clay,546.0,Poor,6.15,2,10.0,4.31,1
845,5.19,175.1,26.3,53.3,645.8,4.14,96.7,Urban,Clay,1157.0,Poor,,1,8.24,3.25,1
846,6.74,54.2,31.4,63.5,588.6,5.02,680.3,Barren,Sandy,226.0,Poor,3.28,0,6.64,5.23,0
847,4.13,84.0,32.1,60.6,611.2,5.75,122.8,Urban,Sandy,108.0,Average,4.04,1,2.96,2.87,0
848,2.88,128.0,25.2,55.6,468.8,5.59,266.3,Forest,Loamy,815.0,Good,6.4,1,4.76,4.37,0
849,6.75,144.3,31.2,63.4,313.5,5.02,184.8,Urban,Clay,918.0,Average,0.02,1,6.64,4.97,1
850,7.62,125.7,31.4,53.6,866.5,4.41,207.7,Wetland,Sandy,1875.0,Poor,9.4,0,3.2,4.96,0
851,10.0,93.6,22.6,76.6,195.4,6.43,136.0,Urban,Loamy,367.0,,5.96,1,6.98,6.4,0
852,2.46,,24.2,72.2,746.0,5.86,78.7,Agricultural,Sandy,573.0,Average,2.66,2,5.06,3.96,0
853,6.09,97.4,24.5,,419.6,1.66,84.5,Urban,Loamy,210.0,Average,4.16,2,5.03,2.77,1
854,8.76,165.2,24.0,71.4,677.9,5.35,46.9,Agricultural,Sandy,573.0,Average,2.93,1,2.58,6.59,1
855,4.09,246.8,22.9,79.9,724.3,4.17,49.3,Barren,Clay,651.0,Poor,9.67,1,3.88,5.9,0
856,0.88,145.5,22.0,65.3,316.5,8.42,107.7,Wetland,Loamy,309.0,Average,2.88,1,2.07,0.0,0
857,4.26,75.8,27.7,63.1,960.0,3.36,80.4,Forest,Loamy,250.0,Poor,8.12,1,2.01,1.82,0
858,6.28,119.7,28.8,70.7,182.7,1.82,244.5,Urban,Loamy,368.0,Good,2.76,3,3.88,3.26,0
859,2.14,102.5,23.0,75.0,241.5,9.38,28.5,Agricultural,Clay,895.0,Good,6.13,0,5.42,4.41,0
860,2.83,124.2,26.9,59.7,67.4,,358.7,Forest,Clay,423.0,Average,5.57,1,6.57,5.93,0
861,0.0,112.0,22.3,77.0,368.0,1.58,26.4,Agricultural,Loamy,151.0,Good,3.28,1,9.42,7.79,0
862,4.46,128.0,30.4,65.0,252.7,3.85,167.5,Wetland,Clay,1051.0,Poor,1.61,0,7.06,2.86,1
863,3.59,71.2,26.2,52.5,134.2,4.46,18.3,Forest,Sandy,363.0,Poor,5.15,0,7.26,0.0,0
864,2.98,111.7,26.2,67.1,811.8,5.87,140.0,Urban,Clay,401.0,Average,5.09,2,3.59,5.55,1
865,2.91,197.8,30.2,59.4,912.0,0.0,100.4,Agricultural,Loamy,901.0,Average,8.72,0,10.0,6.79,0
866,5.4,86.7,30.4,73.8,535.0,0.84,316.8,Forest,Clay,161.0,Average,2.25,0,6.31,7.03,0
867,8.62,182.8,25.0,79.2,599.3,2.24,72.1,Wetland,Loamy,282.0,Average,3.86,2,3.39,4.38,1
868,6.19,210.2,30.9,57.7,573.7,5.6,114.5,Agricultural,Loamy,259.0,Poor,5.01,2,5.83,6.39,1
869,4.0,108.5,27.4,63.2,991.8,1.86,225.7,Agricultural,Sandy,954.0,Poor,5.58,0,3.21,1.18,0
870,5.03,,26.2,67.3,634.9,2.72,42.8,Agricultural,Clay,748.0,Good,4.83,1,3.44,7.19,0
871,5.81,132.8,27.5,65.1,504.8,5.26,204.2,Agricultural,Loamy,425.0,Average,3.79,0,6.35,6.08,0
872,6.32,295.2,28.8,66.1,390.7,5.31,326.8,Agricultural,Sandy,1047.0,Poor,7.5,2,4.93,5.36,0
873,7.3,44.2,31.9,84.9,250.3,4.32,518.4,Urban,Clay,304.0,Poor,6.6,5,7.02,8.39,1
874,4.89,67.3,24.8,69.8,667.0,5.09,322.0,Wetland,Loamy,457.0,Average,1.43,1,2.54,4.56,0
875,5.9,206.8,25.8,81.0,817.1,2.11,18.8,Forest,Clay,131.0,Poor,7.97,2,3.48,3.94,0
876,3.14,115.3,28.0,86.8,639.7,5.74,256.1,Agricultural,Clay,634.0,Average,4.91,0,6.88,8.23,1
877,0.63,205.5,25.4,74.4,805.0,4.6,183.1,Urban,Sandy,1260.0,Good,3.51,0,5.83,3.75,0
878,2.37,89.4,23.6,72.6,1085.0,3.72,135.7,Forest,Clay,516.0,Average,4.75,3,4.59,7.88,1
879,9.62,93.2,21.3,58.9,338.5,0.64,231.9,Wetland,Silty,507.0,Average,2.12,5,7.15,4.23,0
880,3.84,273.1,29.8,83.7,159.9,5.2,7.1,Agricultural,Clay,168.0,Poor,4.19,0,7.03,7.04,1
881,2.23,129.4,29.0,65.3,347.7,4.72,275.2,Urban,Silty,821.0,Poor,8.11,1,3.8,2.25,0
882,3.38,68.6,27.3,76.8,849.8,7.72,204.1,Agricultural,Clay,254.0,Good,3.94,0,6.3,1.63,1
883,6.89,90.7,24.1,79.8,677.4,8.9,354.9,Wetland,Loamy,485.0,Average,4.83,1,5.2,3.74,0
884,5.17,290.5,19.6,64.8,582.6,3.18,103.9,Wetland,Loamy,1118.0,Good,4.69,0,5.58,4.6,0
885,5.61,70.4,28.9,78.0,641.2,3.33,42.0,Urban,Clay,333.0,Average,4.5,0,6.54,1.28,0
886,2.18,105.4,31.0,,257.7,3.13,491.4,Barren,Silty,958.0,Average,5.88,2,7.54,3.68,0
887,5.25,156.2,25.4,67.6,246.8,3.25,139.9,Forest,Loamy,466.0,Average,6.87,1,0.0,4.48,0
888,8.02,218.9,31.3,77.2,312.5,2.61,373.4,Forest,Sandy,1870.0,Poor,5.71,1,5.47,8.07,0
889,5.91,162.8,19.7,45.6,96.0,5.85,284.3,Forest,Sandy,946.0,,3.6,3,4.1,2.81,0
890,6.37,305.8,26.0,73.0,254.7,4.94,49.7,Urban,Clay,160.0,Poor,4.91,2,5.28,1.6,1
891,2.32,104.8,29.6,60.7,320.9,6.83,134.7,Agricultural,Sandy,710.0,Good,6.55,1,7.67,4.26,0
892,2.79,130.8,26.0,58.8,213.2,3.49,16.7,Agricultural,Loamy,156.0,Good,7.49,1,2.54,4.3,0
893,4.83,233.0,30.5,63.5,131.0,3.9,59.9,Wetland,Clay,884.0,Poor,2.2,0,6.51,3.43,0
894,0.71,93.0,29.6,91.7,733.0,4.14,1.9,Wetland,Loamy,841.0,Average,6.1,1,5.07,3.98,0
895,5.23,151.7,29.1,71.4,384.8,4.42,62.0,Forest,Sandy,233.0,Poor,5.33,0,10.0,5.17,0
896,6.23,17.0,25.9,65.0,523.9,,65.5,Agricultural,Clay,537.0,Average,3.67,1,4.6,4.32,1
897,3.16,329.3,30.4,69.6,412.7,6.96,580.8,Forest,Loamy,619.0,Poor,6.32,0,2.79,0.0,0
898,3.52,227.2,32.8,84.4,289.4,5.73,170.7,Agricultural,Loamy,477.0,Good,8.58,0,2.66,7.18,0
899,7.31,152.8,22.8,76.2,514.5,7.14,95.2,Agricultural,Loamy,1481.0,Average,0.0,3,3.75,5.16,1
900,3.23,246.4,23.6,74.9,1087.3,3.65,2.7,Forest,Clay,1844.0,Good,2.7,1,8.93,3.43,1
901,7.55,229.0,25.3,69.0,543.8,7.18,46.5,Barren,Clay,1653.0,Good,,1,4.07,2.74,1
902,9.22,86.9,24.0,89.9,479.9,5.08,126.5,Forest,Sandy,650.0,Average,7.35,1,8.02,5.56,1
903,6.44,314.4,27.0,74.8,1071.3,0.29,339.6,Forest,Clay,303.0,Average,6.73,1,7.84,4.85,0
904,7.6,149.8,27.8,56.3,194.3,6.15,389.3,Urban,Silty,1051.0,Average,5.28,0,1.34,5.98,0
905,6.76,95.0,26.1,65.4,700.3,6.64,149.2,Agricultural,Loamy,386.0,Poor,2.1,3,3.0,6.16,1
906,7.46,154.4,29.2,87.4,400.6,4.16,170.6,Urban,Silty,131.0,Average,4.33,0,5.24,6.36,1
907,2.68,403.9,30.4,75.8,388.2,2.97,53.0,Agricultural,Clay,191.0,Poor,4.71,5,3.1,2.13,1
908,5.78,288.3,26.6,83.6,100.6,5.88,301.3,Urban,Loamy,501.0,Good,6.25,0,3.94,2.58,0
909,3.86,204.5,17.6,67.8,539.7,3.08,30.0,Urban,Sandy,1407.0,Poor,4.95,2,5.61,3.52,1
910,6.11,224.8,24.3,60.8,551.3,5.95,58.1,Wetland,Loamy,759.0,Average,5.88,0,7.77,5.11,1
911,1.71,92.7,28.1,41.8,602.4,4.32,121.8,Forest,Sandy,970.0,Poor,5.5,0,4.06,1.35,0
912,7.27,201.8,28.9,64.2,987.5,6.25,104.7,Forest,Sandy,766.0,Poor,0.59,1,8.58,5.01,1
913,4.18,234.4,30.0,76.4,154.3,4.14,297.7,Urban,Clay,275.0,Poor,5.53,2,6.78,7.08,1
914,0.97,262.3,26.6,80.5,505.2,3.65,122.9,Agricultural,Silty,788.0,Average,5.15,0,2.73,6.28,0
915,8.67,101.0,24.6,79.7,226.5,6.05,113.3,Urban,Loamy,894.0,Good,7.78,2,2.41,2.35,0
916,4.71,352.9,32.1,75.8,424.1,9.28,261.9,Agricultural,Clay,182.0,Poor,3.34,1,6.1,2.0,1
917,7.03,164.5,29.4,92.6,587.2,4.44,530.7,Barren,Loamy,1152.0,Good,5.45,2,5.39,3.27,0
918,6.9,23.6,29.1,81.3,290.4,5.67,112.3,Wetland,Clay,922.0,Poor,7.51,0,7.27,7.6,0
919,3.93,245.4,30.7,59.4,427.8,5.9,196.0,Urban,Loamy,529.0,Poor,1.36,4,3.93,4.73,1
920,5.42,184.1,24.8,52.6,601.7,3.44,4.5,Forest,Clay,381.0,Good,4.64,1,6.62,4.05,1
921,8.85,198.0,22.0,70.4,758.6,4.9,17.1,Urban,Loamy,1173.0,Poor,2.46,0,4.58,5.08,1
922,4.99,110.3,27.9,79.8,308.3,3.45,126.7,Urban,Sandy,666.0,Good,,0,7.21,4.67,0
923,4.45,171.6,32.3,65.3,1221.4,4.64,112.0,Forest,Loamy,204.0,Poor,4.24,1,3.72,7.31,1
924,7.26,93.3,21.4,73.6,297.8,6.14,193.9,Wetland,Sandy,514.0,Average,6.36,0,6.67,0.5,0
925,5.08,263.3967173137498,30.5,50.7,446.2,0.0,425.5,Agricultural,Clay,433.0,,5.2,0,3.29,5.28,0
926,6.59,174.6,29.0,68.9,343.1,6.35,113.8,Urban,Sandy,675.0,Good,2.99,0,3.23,4.38,0
927,4.7,86.6,27.0,79.5,284.7,4.22,56.0,Agricultural,Clay,534.0,Average,3.98,1,4.32,5.61,1
928,0.8,92.7,28.9,72.4,675.1,4.09,101.3,Agricultural,Clay,266.0,Average,9.82,1,5.55,3.64,0
929,5.21,103.0,31.8,60.0,157.1,4.16,284.5,Agricultural,Loamy,284.0,Average,3.64,1,8.27,4.01,0
930,4.0,,26.0,72.6,346.8,1.63,139.0,Urban,Clay,1325.0,Poor,5.25,1,2.58,5.31,0
931,2.87,207.1,32.3,41.2,523.5,5.96,14.3,Forest,Sandy,667.0,Good,4.97,0,6.9,4.9,0
932,4.85,74.0,29.2,,242.4,7.65,364.0,Barren,Clay,1232.0,Poor,3.46,0,5.72,1.02,0
933,4.92,145.4,25.3,49.2,699.8,3.46,166.1,Urban,Sandy,322.0,Poor,9.05,0,6.02,7.97,0
934,8.68,284.7,31.0,67.3,333.3,4.45,10.1,Forest,Loamy,192.0,Average,5.09,0,4.34,4.49,0
935,0.6,131.4,32.7,60.5,940.3,1.64,54.7,Barren,Loamy,689.0,Average,5.63,3,2.81,3.36,0
936,1.89,51.4,25.6,72.5,421.9,6.87,112.3,Forest,Clay,476.0,Poor,0.95,1,5.07,5.82,1
937,5.05,101.8,26.5,,332.3,3.54,53.0,Agricultural,Silty,539.0,Average,,1,5.05,8.14,0
938,3.92,150.7,20.1,71.2,53.6,3.87,442.7,Urban,Clay,595.0,Poor,3.31,0,5.58,1.93,0
939,7.13,486.8,26.5,72.6,316.7,4.3,122.2,Agricultural,Sandy,641.0,Average,2.92,0,9.18,0.49,0
940,6.34,206.6,28.6,100.0,664.2,5.42,17.1,Barren,Clay,1236.0,Poor,8.45,0,7.9,6.22,1
941,1.36,,34.1,72.5,828.9,6.83,12.1,Urban,Clay,187.0,Good,2.96,2,6.84,1.16,1
942,5.98,138.8,26.8,70.7,1182.8,3.91,109.3,Agricultural,Sandy,1710.0,Average,4.81,1,2.68,7.04,1
943,2.77,117.7,23.9,59.0,440.2,0.38,518.8,Urban,Clay,150.0,Poor,6.91,0,5.07,5.45,0
944,3.97,230.9,30.1,61.0,391.0,2.84,158.2,Wetland,Loamy,968.0,Good,2.45,0,1.44,2.89,0
945,7.04,74.7,26.9,42.2,221.9,8.79,21.0,Agricultural,Sandy,396.0,Average,7.71,2,7.2,2.91,1
946,5.49,62.5,18.7,79.2,497.8,6.74,332.2,Urban,Sandy,1486.0,Poor,6.62,0,0.73,3.21,0
947,1.69,131.8,28.1,56.4,675.0,2.71,255.0,Urban,Silty,47.0,Good,2.9,1,4.26,3.66,0
948,4.9,256.7,24.0,76.6,318.1,5.02,553.9,Urban,Sandy,447.0,Good,9.46,1,5.24,4.25,0
949,0.46,90.4,32.1,68.5,613.2,4.51,169.0,Agricultural,Clay,666.0,Good,7.18,0,6.42,6.72,0
950,7.92,87.5,31.3,71.2,117.7,4.67,118.0,Wetland,Loamy,542.0,Average,2.13,1,3.19,7.88,1
951,4.82,165.7,32.4,64.6,181.4,4.56,147.7,Agricultural,Sandy,405.0,Good,5.84,1,3.96,3.66,0
952,2.13,77.6,28.8,75.3,153.8,5.65,132.1,Urban,Loamy,1265.0,Average,7.99,3,5.57,8.14,0
953,4.26,97.1,22.9,61.2,868.5,2.38,350.5,Wetland,Clay,706.0,Average,2.16,3,3.98,6.01,0
954,3.79,61.6,35.7,62.5,156.6,4.44,7.4,Forest,Clay,697.0,Poor,4.51,2,8.22,7.44,1
955,1.69,263.9,25.5,70.7,379.5,,430.6,Agricultural,Clay,1264.0,Average,6.37,2,6.38,5.19,0
956,4.82,295.3,33.9,71.0,388.7,4.02,609.4,Agricultural,Sandy,700.0,Poor,7.46,2,5.75,1.41,0
957,4.21,,25.5,56.6,352.8,4.49,23.9,Agricultural,Silty,403.0,Poor,4.04,1,8.97,6.34,1
958,7.76,88.8,23.4,82.0,646.5,4.89,207.8,Forest,Silty,998.0,Poor,5.12,1,2.78,5.94,0
959,2.36,60.0,32.1,92.8,1194.9,2.01,192.1,Urban,Sandy,1518.0,Good,3.22,1,2.41,6.62,0
960,4.73,131.1,26.5,72.7,263.3,3.75,201.0,Forest,Clay,939.0,Average,2.01,0,3.27,3.96,0
961,2.96,120.1,38.1,59.8,335.5,4.7,195.6,Urban,Sandy,973.0,Good,2.26,0,1.65,5.91,0
962,3.35,100.5,30.0,74.4,499.3,4.7,5.7,Forest,Clay,68.0,Poor,4.99,0,9.33,5.46,1
963,7.61,297.2,30.5,76.6,504.5,7.04,166.1,Agricultural,Clay,525.0,Good,4.79,0,0.0,3.45,0
964,5.65,103.7,23.0,66.9,150.9,4.85,87.1,Forest,Sandy,379.0,Average,4.59,1,5.48,2.16,0
965,4.76,67.1,22.0,68.5,308.2,6.9,170.9,Wetland,Loamy,528.0,Good,6.68,0,7.69,6.12,0
966,6.06,146.1,28.6,65.8,900.6,4.73,56.7,Wetland,Sandy,2111.0,Average,6.78,0,2.39,5.64,1
967,5.68,158.8,22.1,83.1,209.3,3.45,88.8,Agricultural,Clay,932.0,Average,5.71,1,6.99,3.07,0
968,3.13,179.4,25.9,79.8,318.7,4.58,221.6,Forest,Loamy,1004.0,Good,5.04,1,5.58,4.96,0
969,3.88,113.0,24.0,65.3,402.7,6.28,78.8,Agricultural,Clay,593.0,Poor,6.11,4,4.3,4.74,1
970,8.14,47.5,25.7,65.0,219.7,5.25,273.9,Agricultural,Loamy,361.0,Good,4.5,0,3.65,4.82,0
971,5.8,376.5,29.8,67.4,427.4,2.02,40.7,Agricultural,Loamy,413.0,Poor,4.42,1,8.19,6.56,1
972,6.14,253.5,27.8,70.7,187.7,5.31,188.8,Urban,Sandy,684.0,Good,5.81,3,8.0,0.65,0
973,2.84,107.5,27.0,66.5,508.9,4.19,162.1,Agricultural,Loamy,357.0,Good,2.76,1,6.04,5.02,0
974,2.76,109.9,27.6,,416.7,5.55,5.5,Barren,Clay,2077.0,Poor,6.68,1,0.0,1.64,0
975,5.58,289.2,29.4,69.8,141.6,3.69,231.0,Agricultural,Silty,615.0,Average,6.14,0,7.47,3.94,0
976,1.87,96.8,25.5,70.5,748.4,7.57,542.9,Agricultural,Sandy,344.0,Average,3.34,1,3.75,4.43,0
977,7.2,150.1,24.6,94.6,130.0,2.1,183.7,Wetland,Loamy,830.0,Poor,1.68,0,2.11,5.4,0
978,5.53,72.9,30.2,66.2,606.9,8.57,730.5,Urban,Clay,1860.0,Poor,0.68,0,5.72,4.65,1
979,5.57,221.0,24.3,79.0,668.7,5.66,70.6,Agricultural,Clay,1090.0,Good,7.13,0,5.66,5.98,0
980,6.04,113.3,27.9,70.5,370.5,,364.2,Forest,Clay,920.0,Poor,3.87,0,4.09,4.33,0
981,7.1,76.0,27.6,90.1,47.6,4.23,2.1,Urban,Clay,2400.0,Good,0.0,3,6.81,6.01,1
982,6.92,307.5,19.7,78.8,1281.5,6.54,376.3,Barren,Clay,1240.0,Good,7.77,0,10.0,3.82,1
983,2.65,279.3,26.3,72.1,409.5,6.22,14.3,Urban,Sandy,781.0,Average,8.32,0,1.4,4.2,0
984,10.0,465.6,33.8,86.2,369.3,6.6,13.1,Urban,Clay,938.0,Poor,5.75,1,1.71,5.94,1
985,5.53,255.5,30.2,48.9,300.6,4.77,302.6,Urban,Sandy,1408.0,Good,3.42,1,5.34,5.11,0
986,5.86,106.2,25.3,89.6,241.4,4.57,55.4,Wetland,Silty,136.0,Average,2.98,1,7.48,3.54,0
987,4.5,382.9,30.0,49.2,314.6,6.18,137.4,Agricultural,Loamy,452.0,Poor,,1,2.22,3.58,1
988,2.83,100.1,27.4,46.6,1231.6,3.8,261.8,Urban,Sandy,1370.0,Average,6.2,2,3.4,3.65,0
989,4.08,173.9,26.6,78.1,607.1,2.36,41.1,Agricultural,Sandy,504.0,Poor,2.92,1,5.66,3.99,1
990,2.48,114.9,27.1,83.1,258.0,7.45,175.1,Forest,Loamy,491.0,Average,7.22,0,7.03,2.6,0
991,5.41,284.5,17.9,71.2,639.6,4.94,47.1,Agricultural,Clay,486.0,Average,8.02,2,7.22,5.0,0
992,5.57,194.9,27.5,63.5,1678.4,4.27,6.3,Wetland,Loamy,619.0,Average,6.46,4,5.25,4.28,1
993,2.72,315.5,24.3,82.3,242.3,,315.6,Forest,Loamy,1669.0,Poor,5.37,2,6.01,4.74,0
994,1.42,110.4,28.9,77.6,152.8,6.38,117.1,Forest,Loamy,689.0,Average,6.24,0,8.95,5.48,0
995,3.13,310.2,27.8,60.9,199.7,2.25,250.0,Forest,Loamy,1163.0,Poor,6.99,2,6.03,5.84,0
996,9.88,226.8,26.5,61.4,519.3,3.3,2.0,Agricultural,Loamy,1328.0,Average,5.47,0,6.63,2.1,1
997,6.54,247.0,24.1,81.5,419.9,7.32,58.3,Forest,Loamy,1008.0,Poor,5.72,2,5.43,5.26,1
998,4.2,68.8,20.1,71.5,606.9,4.21,52.9,Wetland,Sandy,1754.0,Average,5.72,0,2.82,3.35,0
999,3.18,68.4,34.2,77.9,269.0,5.73,161.3,Urban,Sandy,615.0,Average,8.16,1,3.43,3.15,0
1000,5.62,,27.3,78.6,353.5,7.54,209.6,Agricultural,Clay,250.0,Poor,5.58,0,7.65,5.13,1
1001,3.99,212.3,23.2,78.7,234.6,4.59,244.7,Urban,Sandy,338.0,Poor,7.41,1,5.24,6.04,0
1002,4.26,198.9,24.8,86.9,562.5,2.33,3.7,Forest,Silty,1364.0,Good,6.22,1,3.74,3.67,0
1003,5.86,188.4,25.4,86.8,269.3,6.36,50.1,Forest,Sandy,817.0,Average,8.34,2,6.6,7.53,0
1004,4.15,257.1,27.2,54.5,761.6,2.7,419.3,Barren,Sandy,1277.0,Poor,5.76,0,6.84,6.32,0
1005,4.74,253.3,25.4,72.2,505.0,4.83,31.4,Agricultural,Clay,92.0,Good,5.64,0,3.57,5.13,0
1006,4.37,189.0,27.4,63.4,688.4,4.33,328.6,Urban,Silty,705.0,Average,,1,5.18,1.45,0
1007,4.69,241.8,34.1,75.0,324.7,3.07,33.6,Agricultural,Clay,386.0,Poor,5.04,1,4.27,5.83,0
1008,3.05,114.1,28.7,59.8,877.9,2.07,256.7,Wetland,Silty,771.0,Poor,3.61,4,2.57,5.44,0
1009,4.69,138.9,32.2,70.7,757.0,3.45,381.0,Urban,Sandy,931.0,Poor,5.53,0,8.56,6.25,0
1010,3.86,179.2,27.0,85.9,525.0,4.24,13.4,Agricultural,Clay,349.0,Average,5.83,1,4.23,5.34,1
1011,3.7,132.9,19.6,70.3,98.3,5.64,637.1,Urban,Loamy,293.0,Poor,4.02,1,5.38,5.84,0
1012,7.05,126.7,30.5,62.6,753.2,0.3,16.9,Forest,Loamy,925.0,Good,1.52,2,4.63,6.76,0
1013,3.88,245.0,25.5,79.4,519.8,2.65,82.7,Forest,Sandy,1738.0,Average,,1,4.77,6.83,0
1014,8.43,219.1,25.0,48.5,294.3,3.82,52.2,Forest,Sandy,234.0,Good,7.52,0,5.47,7.19,0
1015,1.99,165.7,23.3,65.5,589.3,7.45,30.6,Wetland,Silty,1255.0,Average,5.16,0,5.33,8.35,1
1016,0.0,200.9,25.1,71.4,221.2,,775.3,Forest,Sandy,282.0,Average,4.89,2,2.78,4.12,0
1017,6.79,105.0,27.7,77.3,372.1,5.31,7.2,Barren,Loamy,1102.0,Good,2.41,0,3.1,7.52,0
1018,7.15,121.8,25.0,80.0,1131.4,6.23,190.6,Urban,Sandy,352.0,Average,4.61,0,6.92,7.47,1
1019,2.04,93.5,23.3,49.7,694.3,6.39,114.5,Agricultural,Clay,489.0,Average,6.56,1,4.84,2.11,0
1020,6.06,96.7,24.7,56.6,541.3,4.09,363.8,Agricultural,Clay,1289.0,Average,2.07,1,6.36,1.6,0
1021,4.37,95.9,23.1,55.3,186.4,6.7,101.4,Wetland,Sandy,547.0,Average,7.04,1,4.71,6.11,0
1022,3.57,169.8,28.7,85.5,278.0,4.94,8.4,Agricultural,Sandy,72.0,Average,8.68,1,8.38,6.96,0
1023,8.35,170.5,22.5,72.4,220.9,5.46,150.3,Wetland,Silty,353.0,Average,3.04,1,7.07,3.87,1
1024,1.62,279.8,30.1,84.0,597.5,5.11,2.0,Wetland,Loamy,559.0,Good,3.72,1,4.54,3.98,0
1025,2.9,188.0,26.7,69.5,813.1,3.59,193.4,Urban,Loamy,229.0,Poor,1.13,1,3.06,4.79,1
1026,1.44,115.5,32.1,70.7,400.9,2.62,336.5,Agricultural,Sandy,3168.0,Poor,6.46,0,5.4,7.0,0
1027,8.47,278.9,27.0,69.2,496.3,4.91,149.1,Forest,Silty,692.0,Average,5.88,2,2.63,3.09,1
1028,3.43,257.6,31.0,90.7,141.0,6.86,171.6,Urban,Silty,1197.0,Average,3.64,0,2.34,8.24,1
1029,5.17,191.6,31.4,67.7,177.5,3.05,267.4,Forest,Silty,2600.0,Average,6.57,1,7.65,3.51,0
1030,6.74,113.1,24.1,76.9,272.5,2.14,58.3,Agricultural,Silty,361.0,Average,3.05,3,1.63,8.38,1
1031,9.13,142.8,24.6,51.6,515.1,5.72,130.2,Forest,Silty,461.0,Poor,2.68,1,2.98,5.84,1
1032,2.89,197.5,24.7,47.6,289.3,1.71,48.2,Agricultural,Loamy,295.0,Average,6.88,0,4.21,7.19,0
1033,6.67,99.1,28.1,70.9,593.3,6.41,202.1,Agricultural,Sandy,429.0,Average,5.21,0,4.78,7.0,0
1034,4.02,190.8,23.3,60.8,462.4,2.58,196.3,Urban,Clay,625.0,Average,7.93,1,4.89,4.83,0
1035,7.78,186.5,23.4,68.4,188.3,4.55,279.5,Urban,Sandy,1147.0,Average,7.33,1,4.24,7.24,0
1036,4.06,147.2,25.8,68.8,334.9,3.94,46.9,Urban,Sandy,260.0,Poor,3.82,0,1.88,4.27,0
1037,10.0,197.7,23.6,71.1,644.8,5.03,24.0,Agricultural,Sandy,497.0,Poor,0.36,0,7.27,2.87,1
1038,6.17,209.1,33.6,86.7,434.0,3.49,106.4,Forest,Clay,770.0,Poor,2.67,2,3.48,4.86,0
1039,8.86,182.1,29.2,63.1,847.7,5.0,373.9,Forest,Loamy,2000.0,Good,9.97,0,9.59,5.4,0
1040,4.27,63.7,26.5,71.8,151.2,2.73,80.7,Agricultural,Sandy,1255.0,Good,3.71,1,6.11,5.96,0
1041,5.86,94.9,19.2,65.1,82.6,6.07,571.2,Urban,Sandy,119.0,Good,5.24,1,7.64,3.03,0
1042,3.94,244.6,23.2,58.5,665.4,6.96,8.9,Forest,Loamy,960.0,Poor,8.01,1,0.67,5.0,1
1043,7.39,131.5,27.2,80.4,145.7,5.43,20.7,Agricultural,Silty,1418.0,Poor,4.07,1,3.67,7.02,1
1044,8.73,46.0,27.4,86.9,456.3,4.56,14.0,Urban,Loamy,2448.0,Good,2.58,2,7.28,5.45,1
1045,5.1,304.7,25.3,70.7,382.4,5.74,382.6,Forest,Sandy,1361.0,Poor,6.44,0,2.57,6.51,0
1046,2.09,122.7,27.6,54.9,1072.7,4.3,89.1,Forest,Clay,517.0,Average,2.01,2,2.16,2.68,1
1047,3.79,189.6,30.2,61.9,1403.124031865553,5.72,83.8,Forest,Silty,1193.0,Poor,5.82,1,6.86,6.12,1
1048,4.38,224.8,27.8,77.5,274.2,4.32,95.8,Urban,Clay,300.0,Good,6.54,1,7.23,3.22,0
1049,4.79,77.2,24.2,67.9,212.6,0.0,111.3,Urban,Clay,1414.0,Poor,2.75,1,4.81,8.32,1
1050,3.23,,29.4,60.5,168.8,3.65,324.2,Wetland,Clay,1077.0,Poor,9.63,3,3.78,6.15,1
1051,9.78,314.6,25.4,75.0,317.3,5.13,299.3,Wetland,Sandy,1609.0,Average,5.2,1,4.62,6.17,0
1052,5.74,57.4,27.4,77.0,398.7,4.25,56.3,Forest,Clay,1103.0,Average,,3,1.58,3.43,0
1053,2.31,126.7,26.8,68.6,749.9,2.46,20.9,Urban,Sandy,890.0,Average,1.33,1,4.64,5.94,1
1054,8.37,118.7,24.5,86.5,153.2,7.31,229.5,Urban,Silty,965.0,Average,6.67,0,2.95,3.52,0
1055,6.25,207.8,25.0,76.6,356.2,5.68,11.7,Agricultural,Clay,296.0,Average,7.41,2,6.9,4.84,1
1056,7.91,338.8,19.4,68.2,331.3,5.95,159.1,Forest,Sandy,673.0,Poor,6.15,2,6.36,3.23,1
1057,3.81,86.4,25.0,64.5,748.8,3.28,146.4,Agricultural,Clay,751.0,Average,4.09,3,7.84,7.98,1
1058,3.78,119.2,20.9,69.0,742.5,4.35,66.1,Forest,Silty,842.0,Poor,5.46,2,9.16,5.71,1
1059,4.28,170.5,28.0,49.3,153.2,1.71,114.1,Urban,Sandy,1116.0,Good,5.52,0,5.34,6.08,0
1060,6.14,96.7,17.6,71.7,357.7,5.22,128.0,Agricultural,Clay,148.0,Average,4.09,1,4.68,4.5,0
1061,8.55,149.2,22.7,73.0,137.6,2.57,227.3,Agricultural,Sandy,1429.0,Good,3.88,1,3.08,3.94,0
1062,6.45,173.6,25.0,58.4,309.0,1.85,7.9,Wetland,Loamy,446.0,Poor,7.35,2,4.48,8.42,1
1063,6.11,137.2,23.0,53.5,248.3,5.08,189.3,Agricultural,Sandy,254.0,Average,0.82,1,5.25,4.55,1
1064,3.94,118.2,24.0,70.3,353.7,5.59,136.5,Agricultural,Silty,906.0,Good,5.15,2,0.0,5.62,0
1065,3.37,,29.9,64.6,357.6,2.75,101.5,Forest,Loamy,711.0,Good,4.91,1,3.01,6.06,0
1066,5.18,104.8,23.5,78.0,438.9,4.11,123.0,Forest,Sandy,1176.0,Poor,7.22,0,4.84,4.83,0
1067,2.53,,21.4,70.6,921.9,5.88,39.2,Agricultural,Clay,1333.0,Poor,4.19,0,4.77,5.7,1
1068,6.2,269.2,29.0,53.9,250.0,1.75,15.9,Forest,Silty,1011.0,Average,1.6,1,1.29,5.62,0
1069,4.86,242.6,30.3,98.5,991.6,2.53,207.0,Agricultural,Sandy,767.0,Poor,8.0,3,4.33,2.15,0
1070,2.89,170.4,24.3,73.7,620.8,6.52,68.3,Urban,Clay,871.0,Average,6.2,2,2.1,4.71,1
1071,4.51,350.5,24.8,59.7,713.3,5.28,289.6,Wetland,Sandy,781.0,Average,1.86,0,7.67,7.33,0
1072,4.57,256.6,22.3,93.4,1437.6,3.46,94.6,Urban,Sandy,176.0,Average,2.29,1,7.94,2.35,1
1073,3.44,198.6,38.8,68.0,664.7,1.26,33.4,Agricultural,Loamy,1893.0,Poor,6.85,0,7.65,5.07,0
1074,3.13,149.6,27.2,77.7,276.9,3.23,9.9,Forest,Loamy,1269.0,Average,4.55,0,6.4,6.3,0
1075,8.6,55.5,33.2,70.9,378.1,1.53,318.2,Agricultural,Loamy,1191.0,Poor,6.35,0,5.5,4.15,0
1076,6.72,265.0,31.6,79.6,450.4,5.18,69.1,Barren,Loamy,723.0,Average,4.29,2,3.79,1.31,0
1077,4.84,133.0,31.2,68.9,239.7,4.57,36.4,Urban,Loamy,537.0,Poor,7.6,1,8.32,3.79,0
1078,2.6,216.7,29.8,66.7,469.2,6.09,188.8,Wetland,Loamy,459.0,Good,5.48,1,4.79,5.11,0
1079,8.04,240.3,29.4,54.9,414.5,4.86,0.5,Urban,Loamy,401.0,Poor,5.77,0,8.39,2.87,1
1080,5.4,51.8,33.3,72.4,577.0,3.8,346.8,Forest,Sandy,303.0,Good,1.81,1,2.28,9.31,0
1081,3.87,299.0,34.0,70.5,517.0,5.54,95.4,Agricultural,Clay,2487.0,Average,6.39,0,10.0,0.83,1
1082,6.13,31.6,34.8,68.8,171.8,5.61,300.7,Forest,Clay,19.0,Average,3.89,2,7.39,2.26,0
1083,5.96,,23.7,66.3,544.6,5.53,68.9,Agricultural,Clay,264.0,Poor,3.0,3,2.93,5.29,1
1084,7.26,203.2,29.5,63.5,183.2,5.83,9.1,Wetland,Silty,1941.0,Good,2.71,0,10.0,6.26,1
1085,4.9,294.0,33.5,79.7,538.4,4.62,61.6,Agricultural,Loamy,775.0,Poor,5.42,1,3.57,3.31,1
1086,5.94,142.3,26.4,72.1,1231.1,4.48,11.7,Urban,Silty,708.0,Average,4.33,3,9.85,5.04,1
1087,2.43,103.8,24.4,51.1,149.3,6.46,55.5,Urban,Silty,710.0,Good,3.87,1,7.68,6.14,0
1088,3.16,56.7,30.2,90.0,248.4,5.77,35.0,Urban,Sandy,501.0,Good,8.79,1,7.99,4.82,0
1089,5.66,180.2,21.2,100.0,327.0,4.55,376.1,Urban,Loamy,568.0,Poor,4.54,1,9.54,4.56,0
1090,1.81,288.8,27.0,67.4,867.2,4.07,307.1,Agricultural,Loamy,185.0,Good,3.35,0,1.3,3.04,0
1091,3.09,130.5,31.6,78.1,884.5,2.06,182.6,Urban,Clay,866.0,Poor,7.77,0,3.14,4.14,0
1092,3.9,89.6,32.7,62.8,352.9,2.14,487.5,Forest,Sandy,1362.0,Poor,9.27,1,1.97,8.29,0
1093,5.01,270.5,27.9,70.2,1173.9,5.99,559.5,Wetland,Clay,556.0,Average,4.45,3,2.48,5.2,0
1094,4.05,154.0,24.7,71.5,256.6,6.52,148.2,Agricultural,Sandy,503.0,Good,1.38,1,3.62,4.91,0
1095,2.14,81.8,36.6,76.6,260.3,3.96,282.5,Agricultural,Loamy,1603.0,Average,5.15,0,4.87,5.03,0
1096,7.4,68.5,30.7,75.4,538.0,3.57,144.5,Agricultural,Loamy,311.0,Good,2.86,1,3.79,6.28,1
1097,2.3,168.8,23.4,76.5,312.9,4.01,327.3,Agricultural,Silty,150.0,Average,4.75,1,4.09,4.66,0
1098,0.0,171.8,26.9,56.4,509.5,1.71,172.4,Forest,Sandy,75.0,Average,5.06,0,5.08,6.91,0
1099,7.06,186.2,32.0,,358.1,3.31,160.6,Urban,Loamy,538.0,Poor,8.03,4,5.81,6.13,0
1100,6.63,300.1,23.0,72.4,686.7,4.88,195.0,Agricultural,Clay,186.0,Good,3.61,0,8.21,4.23,0
1101,9.3,117.6,27.0,71.2,607.3,5.26,248.4,Forest,Loamy,42.0,Average,3.39,0,7.43,5.49,0
1102,3.87,120.7,27.8,64.6,201.3,7.02,93.7,Barren,Clay,96.0,Average,6.9,1,6.35,3.56,0
1103,0.94,146.1,28.1,52.7,717.7,4.44,15.9,Urban,Loamy,1102.0,Average,3.23,1,4.09,1.36,0
1104,5.71,112.7,26.2,84.9,297.0,2.27,36.0,Barren,Clay,1868.0,Poor,4.79,1,2.77,5.59,0
1105,4.37,96.2,26.2,94.7,207.9,4.66,37.1,Urban,Clay,1805.0,Average,8.98,1,9.37,7.31,0
1106,1.74,136.4,21.6,35.1,260.0,5.8,210.0,Urban,Clay,3215.0,Average,8.12,2,5.37,5.79,0
1107,5.07,668.2232137151359,25.7,56.4,552.1,4.61,155.3,Forest,Sandy,1103.0,Poor,1.59,1,0.4,9.56,1
1108,2.13,99.8,26.2,85.4,76.2,3.77,300.2,Wetland,Loamy,573.0,Poor,5.11,0,1.14,5.38,0
1109,4.31,98.3,23.7,68.4,566.8,3.58,791.1,Urban,Sandy,1202.0,Poor,8.5,3,6.38,0.23,0
1110,7.05,227.6,23.2,75.2,242.9,1.72,13.4,Wetland,Loamy,520.0,Poor,1.87,0,2.57,1.03,0
1111,8.27,105.5,28.6,72.5,857.7,1.93,111.3,Barren,Sandy,1071.0,Average,5.02,0,4.62,5.4,0
1112,7.31,317.3,23.9,57.9,426.5,6.75,155.3,Urban,Loamy,460.0,Good,7.49,1,5.82,4.26,0
1113,2.8,265.5,24.0,75.1,371.8,2.42,8.4,Agricultural,Loamy,286.0,Good,0.0,1,6.25,7.06,1
1114,6.61,120.2,26.7,69.5,473.8,7.32,199.7,Urban,Loamy,719.0,Poor,4.58,0,0.0,2.94,1
1115,6.64,286.5,24.9,65.5,773.8,1.8,122.4,Agricultural,Loamy,421.0,Poor,3.64,0,9.65,4.12,1
1116,6.13,160.1,28.0,78.9,123.8,,12.9,Forest,Sandy,274.0,Average,6.55,1,7.18,1.46,0
1117,7.29,,28.6,77.7,188.8,3.77,147.0,Agricultural,Loamy,891.0,Good,5.55,0,5.11,2.61,0
1118,4.27,281.4,27.7,71.6,205.0,6.35,28.8,Urban,Loamy,1461.0,Average,5.04,1,6.69,0.72,1
1119,6.97,131.0,25.6,58.5,628.3,2.99,312.8,Forest,Loamy,783.0,Poor,3.81,0,6.29,5.04,0
1120,0.0,334.5,24.8,75.8,319.9,8.16,46.4,Urban,Silty,295.0,Average,5.4,1,9.52,4.37,0
1121,3.14,127.7,38.7,77.5,310.1,3.5,96.3,Urban,Sandy,804.0,Average,3.56,0,8.18,6.33,0
1122,2.08,195.6,22.5,64.1,752.3,2.08,156.4,Forest,Sandy,334.0,Good,5.39,1,3.39,4.04,0
1123,9.15,72.2,29.3,55.6,476.2,4.31,340.7,Wetland,Sandy,300.0,Good,2.41,0,6.14,6.64,0
1124,3.61,106.6,29.5,78.5,200.6,4.05,41.3,Agricultural,Loamy,527.0,Average,6.39,3,5.07,5.56,0
1125,5.13,204.9,30.2,72.8,417.1,5.02,24.1,Agricultural,Clay,865.0,Poor,7.87,1,5.32,2.7,0
1126,7.25,248.9,21.8,58.3,171.7,4.02,23.0,Agricultural,Loamy,114.0,Average,7.02,2,2.63,5.28,0
1127,2.37,211.2,27.3,82.5,171.7,0.7,606.6,Agricultural,Silty,875.0,Poor,1.35,2,4.82,4.33,0
1128,4.36,317.1,27.3,64.1,707.1,3.8,52.3,Wetland,Clay,1835.0,Average,3.36,0,7.05,4.15,1
1129,0.56,,26.4,83.3,1367.0,3.35,29.2,Agricultural,Loamy,484.0,Poor,2.53,1,4.36,5.02,1
1130,3.38,240.8,19.1,70.0,319.0,7.13,69.9,Urban,Silty,1393.0,Average,3.16,3,2.41,5.0,1
1131,4.48,252.5,27.3,76.1,523.7,6.65,79.8,Agricultural,Sandy,204.0,Average,3.01,2,3.76,5.71,1
1132,4.92,172.1,27.2,59.9,472.3,6.14,7.0,Barren,Clay,1337.0,Good,3.17,1,1.41,6.72,1
1133,6.65,133.7,26.0,70.0,1157.3,3.73,324.2,Urban,Clay,227.0,Poor,5.0,1,3.58,3.87,0
1134,3.7,167.4,28.2,99.3,255.9,5.54,32.0,Agricultural,Clay,410.0,Average,3.58,0,2.45,4.57,0
1135,5.7,180.5,24.1,76.3,75.3,4.82,39.9,Forest,Silty,157.0,Average,3.79,0,1.86,4.75,0
1136,10.0,103.2,23.7,57.4,730.8,4.63,199.0,Forest,Sandy,1597.0,Poor,2.92,0,1.06,4.42,1
1137,9.14,120.4,24.9,81.6,708.7,5.77,50.8,Urban,Loamy,838.0,Average,5.08,2,9.22,3.92,1
1138,2.47,279.5,18.1,82.3,217.4,6.62,123.2,Agricultural,Silty,778.0,Good,5.32,2,5.54,2.98,0
1139,3.34,354.1,27.9,91.4,609.9,0.05,15.4,Forest,Silty,142.0,,8.22,1,4.35,4.02,0
1140,3.6,142.0,26.3,72.0,215.1,7.65,539.8,Forest,Clay,331.0,Average,7.0,0,2.98,6.57,0
1141,5.99,132.7,22.9,47.6,454.0,4.45,57.8,Forest,Loamy,582.0,Poor,,2,3.68,2.82,0
1142,5.96,162.1,25.9,82.1,152.8,5.79,22.2,Urban,Clay,392.0,Average,6.64,0,6.36,4.14,1
1143,5.81,309.7,19.6,100.0,265.1,4.13,225.5,Urban,Loamy,1884.0,Poor,,1,3.5,6.5,1
1144,6.64,69.8,27.0,77.3,550.4,,120.9,Agricultural,Silty,583.0,Poor,3.02,2,8.33,3.63,1
1145,6.21,107.9,22.1,,432.8,6.52,10.4,Urban,Sandy,251.0,Good,,1,5.67,7.61,1
1146,5.88,257.0,26.0,67.9,853.4,5.3,133.8,Agricultural,Loamy,106.0,Good,5.98,2,4.01,7.34,0
1147,4.29,194.4,20.8,74.0,285.8,1.03,94.0,Forest,Silty,359.0,Average,5.33,2,4.0,2.51,0
1148,6.84,192.6,26.8,57.3,489.1,6.24,23.9,Forest,Clay,937.0,Good,4.33,2,6.67,2.21,1
1149,3.0,106.9,30.6,72.4,722.4,1.67,656.2,Forest,Silty,446.0,Average,4.16,1,6.61,7.45,0
1150,2.54,346.7,35.3,77.8,633.9,3.58,29.8,Forest,Sandy,745.0,Poor,0.97,1,3.62,5.61,0
1151,1.59,170.1,25.2,84.9,543.2,3.37,80.0,Forest,Loamy,548.0,Poor,0.0,0,3.54,2.43,0
1152,6.96,,24.3,67.4,492.7,,874.6,Forest,Clay,1383.0,Good,5.66,3,4.18,5.55,0
1153,8.61,,23.5,40.6,304.7,2.98,17.7,Urban,Clay,757.0,Poor,5.95,0,0.0,7.9,1
1154,10.0,86.9,32.1,,807.7,2.13,41.6,Urban,Clay,1522.0,Poor,4.33,0,1.53,6.22,1
1155,5.32,179.3,25.7,89.3,822.3,3.96,5.9,Urban,Loamy,781.0,Average,0.71,0,4.55,4.62,1
1156,4.4,196.4,27.9,83.8,755.0,6.45,227.9,Forest,Clay,1047.0,Average,6.26,3,6.05,7.95,1
1157,5.46,87.5,28.4,62.4,484.8,6.8,274.1,Urban,Sandy,592.0,Poor,5.2,2,5.98,3.66,0
1158,3.44,69.3,30.7,60.7,263.5,3.41,30.9,Urban,Sandy,314.0,Average,4.87,0,10.0,3.15,0
1159,2.23,45.6,30.5,64.8,454.9,0.5,23.7,Urban,Sandy,1141.0,Good,9.18,1,4.53,3.46,0
1160,4.49,89.8,36.0,54.1,860.1,3.08,97.5,Urban,Loamy,959.0,Good,4.33,2,4.86,7.74,0
1161,7.71,102.6,30.7,76.1,791.3,4.13,401.6,Urban,Sandy,542.0,Average,4.49,2,9.87,5.71,1
1162,5.54,183.7,33.8,60.2,685.0,6.54,104.1,Urban,Clay,1812.0,Average,4.58,1,10.0,8.42,1
1163,5.07,162.7,20.9,72.5,518.9,5.13,16.8,Urban,Sandy,265.0,Average,6.56,0,4.49,6.91,1
1164,2.42,149.5,25.2,78.5,714.8,3.12,107.2,Urban,Silty,338.0,Poor,5.52,2,3.11,8.02,1
1165,3.84,214.6,32.3,59.7,1583.8,2.44,214.4,Forest,Clay,682.0,Average,7.87,2,2.53,1.62,0
1166,4.47,144.3,23.1,74.3,341.3,2.09,122.3,Forest,Clay,1636.0,Good,9.05,2,5.49,5.82,0
1167,0.84,148.8,29.2,64.2,391.0,6.27,116.4,Forest,Loamy,356.0,Average,5.96,0,2.2,1.76,0
1168,5.95,306.2,27.1,66.9,614.5,6.22,104.6,Forest,Loamy,822.0,Average,4.5,1,2.05,4.23,0
1169,4.59,101.9,27.6,58.0,366.0,7.64,98.4,Agricultural,Clay,250.0,Poor,5.64,2,3.07,3.88,0
1170,5.72,114.2,26.4,70.6,963.5,0.69,75.9,Agricultural,Loamy,350.0,Good,6.17,2,4.65,5.39,0
1171,7.36,124.4,24.7,66.1,178.0,3.89,61.5,Forest,Loamy,1023.0,Average,7.89,0,7.16,9.07,0
1172,4.11,76.3,30.5,67.5,384.8,8.09,7.8,Agricultural,Sandy,361.0,Average,9.51,0,7.58,3.57,0
1173,4.45,139.6,28.3,91.2,348.0,2.61,202.5,Agricultural,Silty,1542.0,Average,8.19,0,4.61,5.8,0
1174,5.44,134.7,23.6,54.6,212.9,1.14,154.7,Urban,Sandy,1207.0,Poor,3.96,1,10.0,4.04,0
1175,7.15,322.9,34.5,77.8,307.1,2.74,35.1,Agricultural,Silty,299.0,Good,4.16,1,7.7,5.14,1
1176,7.1,,25.8,81.5,367.6,5.61,126.1,Urban,Clay,3194.0,Good,4.87,5,7.78,5.07,1
1177,6.74,62.1,25.0,78.8,297.4,1.31,113.9,Forest,Loamy,1795.0,Poor,2.32,2,4.51,5.12,0
1178,6.34,201.5,30.6,56.3,382.9,1.59,202.7,Urban,Loamy,1009.0,,2.85,1,1.64,2.45,0
1179,4.77,107.8,21.1,59.3,249.2,5.35,127.0,Urban,Clay,1881.0,Average,8.3,1,2.17,6.96,1
1180,3.73,198.4,20.7,66.3,809.8,6.11,2.2,Forest,Silty,416.0,Average,1.97,2,5.44,7.54,1
1181,6.56,46.2,29.5,54.0,717.7,8.38,14.9,Barren,Loamy,550.0,Average,5.46,1,4.92,4.99,1
1182,2.36,,33.2,56.3,546.3,,268.8,Urban,Sandy,536.0,Poor,7.84,1,2.49,4.21,0
1183,5.97,48.6,32.2,67.6,402.5,1.48,124.1,Wetland,Silty,1908.0,Poor,6.23,1,1.37,6.62,0
1184,6.85,258.7,18.1,63.6,352.6,7.32,77.7,Agricultural,Sandy,322.0,Average,2.09,1,5.37,7.39,1
1185,3.83,135.4,30.8,68.3,89.4,4.77,4.6,Urban,Loamy,201.0,Good,3.8,0,2.94,7.84,0
1186,7.13,210.5,30.0,76.6,255.4,2.53,112.1,Urban,Silty,733.0,Average,2.35,0,2.6,5.32,0
1187,5.33,97.0,22.1,59.3,163.4,2.9,139.4,Urban,Loamy,1176.0,Poor,6.5,1,5.18,3.78,0
1188,6.88,209.3,35.3,55.4,243.5,1.71,168.9,Agricultural,Clay,760.0,Poor,9.38,0,4.44,5.07,0
1189,5.06,112.6,27.8,67.8,346.1,5.52,108.0,Urban,Loamy,589.0,,7.88,0,5.87,4.59,0
1190,4.55,137.1,29.1,89.9,412.0,6.54,476.3,Barren,Silty,836.0,Average,4.53,1,7.7,2.7,0
1191,6.65,64.9,31.7,76.0,861.8,4.8,54.4,Urban,Clay,669.0,Average,5.86,0,3.31,4.2,1
1192,5.48,134.1,28.7,62.9,131.2,3.31,120.6,Forest,Loamy,263.0,Average,7.36,1,3.15,2.98,0
1193,6.59,166.3,28.5,64.7,592.9,3.97,738.8,Agricultural,Loamy,1251.0,Average,4.08,0,5.23,5.8,0
1194,3.56,392.6,30.8,57.9,696.4,1.09,217.3,Wetland,Sandy,252.0,Good,3.1,2,5.65,5.1,0
1195,6.83,302.5,30.5,71.5,271.4,3.06,327.4,Agricultural,Clay,534.0,Average,4.0,2,5.96,2.52,0
1196,6.3,349.6,27.2,87.7,751.3,2.01,469.0,Agricultural,Clay,508.0,Average,5.67,1,6.54,5.49,0
1197,5.54,205.3,28.9,84.9,180.4,3.46,339.9,Urban,Clay,683.0,Average,4.73,1,3.02,3.13,0
1198,5.96,154.6,25.7,71.6,231.1,4.17,179.6,Urban,Clay,529.0,Average,5.6,1,5.5,5.55,0
1199,6.53,152.7,20.5,85.7,351.1,4.79,302.5,Agricultural,Clay,1264.0,Average,2.61,1,3.94,6.23,0
1200,4.73,184.3,25.9,71.5,252.5,6.01,486.2,Agricultural,Loamy,1070.0,Poor,1.51,2,2.32,4.1,0
1201,2.84,160.9,29.8,76.2,488.0,1.85,43.5,Wetland,Clay,1008.0,Good,5.3,3,7.2,5.14,0
1202,4.42,151.6,27.1,77.3,328.8,5.18,72.3,Urban,Sandy,504.0,Average,5.78,0,6.09,5.2,0
1203,4.3,152.0,27.9,60.4,780.3,4.84,2.9,Agricultural,Loamy,947.0,Poor,5.82,1,1.17,6.05,1
1204,5.5,148.2,24.2,79.3,666.4,1.11,102.8,Agricultural,Clay,1471.0,Good,3.32,1,8.62,7.35,1
1205,10.0,152.3,24.7,72.8,685.2,2.42,323.0,Forest,Clay,1257.0,Average,1.28,1,5.49,5.69,0
1206,2.63,188.8,29.9,75.0,426.0,4.69,110.5,Agricultural,Sandy,427.0,Average,1.98,1,5.74,2.48,0
1207,4.55,111.3,25.2,72.9,315.9,5.88,12.4,Urban,Clay,418.0,Poor,6.35,1,3.09,4.18,1
1208,4.19,128.3,29.4,75.5,108.0,1.83,7.8,Agricultural,Sandy,788.0,Good,6.33,2,2.58,2.62,0
1209,5.89,202.5,28.1,77.3,128.4,2.23,38.5,Forest,Sandy,320.0,Average,7.11,4,4.62,7.8,0
1210,5.99,110.2,26.6,69.8,295.1,6.15,59.0,Agricultural,Clay,633.0,Poor,7.86,3,5.94,8.47,1
1211,6.51,71.6,24.3,59.0,572.8,8.47,537.2,Forest,Loamy,2123.0,Average,7.52,2,8.1,5.41,0
1212,3.19,239.4,26.5,59.6,249.9,6.48,17.5,Urban,Clay,957.0,Average,5.65,1,4.21,3.58,0
1213,4.51,58.2,32.4,82.1,613.4,3.3,184.5,Barren,Clay,539.0,Average,1.7,0,6.17,1.91,0
1214,5.08,117.8,25.5,61.8,484.0,8.1,104.3,Barren,Silty,2021.0,Poor,7.84,1,4.02,6.3,1
1215,6.15,141.4,25.2,81.0,617.7,9.21,152.7,Agricultural,Silty,1375.0,Poor,2.96,2,4.54,4.52,1
1216,4.76,92.1,27.0,68.0,525.8,6.3,45.2,Agricultural,Loamy,488.0,Average,4.33,3,4.45,7.41,1
1217,5.38,92.6,30.3,75.7,214.2,4.05,54.8,Agricultural,Clay,860.0,Average,3.87,1,1.15,5.26,1
1218,3.2,61.5,30.0,49.3,287.4,5.02,126.5,Agricultural,Clay,438.0,Average,4.35,0,5.63,6.19,0
1219,5.85,170.8,28.2,41.1,954.5,5.81,19.0,Agricultural,Clay,175.0,Average,5.6,3,4.59,9.1,1
1220,7.95,70.6,25.9,86.9,642.4,5.22,22.2,Forest,Loamy,800.0,Average,7.51,2,3.12,6.03,0
1221,6.29,183.0,19.4,69.2,1369.4,3.74,74.5,Forest,Clay,1639.0,,5.57,3,8.08,4.96,1
1222,6.51,29.3,24.0,70.7,417.4,4.5,630.0,Agricultural,Silty,393.0,Average,7.53,0,2.49,3.62,0
1223,5.96,211.9,35.0,65.6,242.6,1.45,43.9,Agricultural,Clay,384.0,Average,2.8,0,3.67,6.28,0
1224,2.67,303.1,24.7,74.4,535.1,0.7,52.7,Forest,Clay,342.0,Average,3.23,1,7.41,3.58,0
1225,4.8,181.3,28.5,77.7,268.7,4.77,1.2,Urban,Silty,465.0,Average,4.83,1,3.11,7.81,0
1226,3.6,121.5,22.4,73.7,566.8,0.11,72.8,Agricultural,Clay,858.0,Poor,6.09,4,3.51,3.62,0
1227,7.09,160.2,27.7,77.9,324.0,3.83,149.4,Agricultural,Sandy,965.0,Poor,7.72,1,3.43,2.69,0
1228,5.49,172.9,28.2,72.4,317.1,7.28,256.8,Barren,Sandy,1756.0,Good,5.3,1,3.19,4.8,1
1229,6.79,249.4,34.9,62.2,888.4,1.7,60.5,Wetland,Clay,340.0,,8.15,3,8.46,5.74,1
1230,3.29,79.7,32.6,68.4,587.0,4.02,57.9,Agricultural,Sandy,1347.0,Good,7.78,0,7.37,5.65,0
1231,4.54,101.0,25.8,84.8,116.6,2.96,114.5,Urban,Silty,723.0,Average,3.76,2,9.04,4.98,0
1232,3.3,334.5,29.7,73.2,552.7,6.53,228.9,Urban,Sandy,410.0,Average,4.23,1,4.77,2.6,1
1233,5.94,48.6,34.0,,459.8,5.21,3.1,Urban,Sandy,1660.0,Poor,7.18,2,8.92,7.04,1
1234,4.55,117.7,27.2,80.6,408.5,2.54,239.6,Urban,Sandy,545.0,Average,4.1,1,7.6,4.44,0
1235,4.32,82.9,23.3,56.1,1073.6,2.35,84.6,Wetland,Silty,191.0,Average,2.75,1,1.81,4.82,0
1236,3.43,157.6,31.3,71.0,231.3,5.71,86.8,Agricultural,Loamy,1313.0,Average,7.99,2,5.17,6.02,0
1237,6.32,273.1,25.6,49.5,355.1,1.95,443.6,Urban,Sandy,2333.0,Poor,5.31,0,3.33,3.16,0
1238,6.89,355.6,33.1,90.9,492.2,5.31,243.3,Urban,Clay,493.0,Poor,7.02,1,1.73,3.32,1
1239,3.17,130.0,24.3,84.8,334.6,3.86,57.3,Forest,Silty,93.0,Average,1.87,0,4.43,6.53,0
1240,3.44,161.1,21.8,53.4,266.5,4.94,129.1,Urban,Loamy,213.0,Good,3.84,0,3.28,3.58,0
1241,6.96,113.0,32.6,58.9,351.5,5.07,169.9,Wetland,Clay,635.0,Average,4.43,0,2.68,4.54,0
1242,7.87,164.4,33.7,75.9,439.2,7.6,717.2,Urban,Loamy,1195.0,Average,2.48,0,2.28,7.54,0
1243,4.65,69.0,25.6,72.9,338.0,3.93,62.3,Urban,Loamy,438.0,Good,1.61,4,5.77,2.12,1
1244,7.69,199.5,23.2,69.2,278.7,7.04,58.3,Barren,Loamy,681.0,Good,5.33,0,6.48,4.0,1
1245,1.43,208.7,22.7,71.6,583.5,3.06,41.0,Barren,Loamy,579.0,Poor,2.97,3,3.98,4.79,1
1246,7.1,141.7,26.1,65.6,607.4,1.18,93.4,Agricultural,Clay,718.0,Good,6.86,1,7.29,4.79,0
1247,7.06,159.3,26.8,86.3,180.8,4.44,110.3,Agricultural,Loamy,992.0,Good,5.42,2,2.08,5.79,0
1248,2.82,190.3,21.8,86.9,281.3,5.64,96.6,Wetland,Loamy,1918.0,,3.48,3,8.65,5.63,1
1249,8.03,115.0,25.7,65.5,441.7,3.34,323.9,Barren,Loamy,1014.0,Average,1.5,3,1.49,6.77,1
1250,4.89,163.5,30.3,73.6,429.4,0.88,53.6,Forest,Silty,1053.0,Good,4.98,1,3.81,6.6,0
1251,4.89,130.1,26.4,53.4,360.6,5.74,478.7,Urban,Clay,866.0,,5.57,1,8.93,3.3,0
1252,6.5,99.5,27.1,79.1,586.8,3.97,53.4,Agricultural,Loamy,1211.0,Average,3.92,0,5.24,5.07,1
1253,2.97,73.6,30.3,49.9,332.3,2.26,25.2,Agricultural,Sandy,581.0,Good,5.6,2,0.95,7.92,0
1254,7.7,118.1,25.5,64.2,62.4,1.62,512.5,Urban,Clay,747.0,Poor,6.79,0,10.0,5.31,0
1255,2.39,331.8,32.1,80.1,777.2,4.59,363.5,Agricultural,Loamy,691.0,Average,3.95,3,6.67,7.43,0
1256,3.63,166.4,33.0,57.4,460.8,4.62,6.1,Agricultural,Silty,504.0,Average,5.78,0,9.0,3.11,1
1257,5.05,,26.2,72.9,165.7,4.1,179.7,Forest,Silty,1511.0,Poor,4.83,1,6.11,8.84,0
1258,5.36,195.9,21.3,65.7,803.5,5.07,287.2,Urban,Clay,299.0,Poor,8.77,2,3.87,7.97,1
1259,0.71,187.6,25.8,81.4,598.3,3.48,91.8,Urban,Clay,2225.0,Average,6.92,1,4.0,5.79,0
1260,1.78,182.9,27.6,72.6,81.8,4.91,167.0,Urban,Clay,608.0,Average,6.82,1,4.77,5.44,0
1261,6.67,134.8,26.9,72.5,178.7,2.86,27.8,Forest,Sandy,330.0,Poor,4.49,1,2.29,4.1,0
1262,6.0,92.7,27.0,74.0,480.7,3.89,121.9,Agricultural,Loamy,1115.0,Poor,4.22,3,7.49,1.73,1
1263,3.82,298.1,19.7,88.9,367.9,2.32,36.2,Urban,Clay,1000.0,Poor,4.96,0,2.77,5.67,0
1264,7.12,385.9,23.8,67.3,170.6,5.5,181.1,Forest,Loamy,853.0,Good,2.36,0,7.95,3.25,0
1265,3.02,234.9,27.8,75.7,157.2,6.07,227.3,Urban,Silty,1506.0,Poor,9.07,1,7.87,2.61,0
1266,2.46,132.4,24.7,85.4,367.8,4.7,202.5,Forest,Silty,256.0,Poor,6.58,0,6.36,2.97,0
1267,3.21,106.2,27.6,55.2,678.0,4.58,6.4,Forest,Sandy,413.0,Average,3.08,3,0.0,5.62,0
1268,6.13,140.7,32.7,76.5,529.5,4.05,151.7,Urban,Silty,890.0,Good,5.07,4,9.86,6.94,1
1269,6.12,134.5,29.8,59.3,236.0,5.27,200.9,Agricultural,Sandy,1040.0,Average,0.42,2,1.94,3.42,0
1270,3.58,132.3,23.6,68.0,102.7,7.07,199.9,Agricultural,Sandy,714.0,Average,5.15,2,7.73,4.81,0
1271,4.89,166.3,28.0,67.0,428.2,2.73,142.8,Forest,Silty,929.0,Good,2.15,4,0.0,6.99,0
1272,8.0,115.0,29.1,68.9,735.0,4.35,48.9,Forest,Clay,916.0,Poor,4.78,2,7.71,4.31,1
1273,6.32,106.7,29.1,100.0,371.7,6.5,65.7,Agricultural,Sandy,245.0,Poor,9.17,0,6.34,5.23,0
1274,3.55,260.0,23.0,85.7,171.4,0.65,73.5,Forest,Loamy,147.0,Poor,6.91,1,8.99,8.36,0
1275,3.48,162.3,25.6,73.2,322.7,7.65,176.1,Urban,Loamy,1196.0,Good,8.97,1,1.12,3.11,0
1276,2.23,95.5,26.8,74.0,608.6,8.47,361.8,Forest,Sandy,427.0,Poor,7.42,2,10.0,2.43,0
1277,3.84,196.5,35.0,89.2,232.4,3.81,83.5,Forest,Loamy,141.0,Average,2.89,1,3.51,1.22,0
1278,2.37,185.4,29.9,83.2,898.8,6.96,20.0,Urban,Silty,502.0,Average,3.31,1,10.0,1.66,1
1279,6.37,153.1,32.1,89.0,389.3,6.15,32.4,Agricultural,Clay,352.0,Average,6.17,0,3.04,1.99,1
1280,5.76,167.9,30.7,79.8,293.2,6.17,29.2,Forest,Clay,1087.0,Poor,5.98,2,4.22,3.62,1
1281,4.94,120.9,30.3,45.9,463.0,3.44,144.1,Urban,Clay,793.0,Average,4.69,3,1.43,5.41,0
1282,2.37,77.7,29.3,65.4,606.7,4.58,215.8,Urban,Loamy,813.0,Poor,5.14,0,5.22,4.65,0
1283,4.47,311.2,26.8,50.9,595.5,6.5,231.2,Agricultural,Loamy,447.0,Average,1.33,2,4.81,2.25,0
1284,2.26,138.1,27.7,74.6,435.3,5.58,140.6,Forest,Sandy,700.0,Average,10.0,2,8.47,4.0,0
1285,2.29,100.2,28.6,60.3,402.8,4.85,99.2,Forest,Sandy,1522.0,Good,2.47,0,4.27,4.72,0
1286,5.62,137.1,24.1,59.4,96.7,5.81,12.9,Agricultural,Loamy,384.0,Good,10.0,2,0.0,5.9,0
1287,5.59,89.1,22.0,58.8,181.5,5.99,163.5,Urban,Clay,593.0,Average,6.49,4,5.03,2.22,1
1288,10.0,38.2,30.4,75.7,41.1,5.63,134.3,Urban,Loamy,363.0,Average,1.29,0,4.7,6.87,1
1289,3.5,233.9,25.6,96.4,435.8,3.26,51.0,Urban,Loamy,439.0,Average,5.1,4,2.74,3.2,1
1290,4.84,135.5,29.0,61.4,589.5,2.58,38.2,Urban,Sandy,1716.0,Average,8.56,2,5.61,4.3,0
1291,6.01,147.4,27.1,85.4,288.8,0.3,474.1,Forest,Clay,483.0,Average,6.3,3,6.13,3.27,0
1292,4.25,105.9,27.5,80.5,279.5,5.06,57.6,Agricultural,Loamy,1219.0,Good,7.38,0,4.05,8.17,0
1293,5.25,77.2,34.7,69.8,458.3,6.17,56.7,Forest,Loamy,83.0,Average,4.77,0,3.75,3.04,0
1294,2.47,126.7,21.6,59.5,449.7,3.16,107.1,Urban,Loamy,717.0,Poor,2.89,1,9.36,3.86,1
1295,2.32,122.0,33.4,77.9,169.0,5.48,265.6,Urban,Sandy,581.0,Good,0.0,1,3.24,3.37,0
1296,3.24,244.7,36.9,80.4,254.2,2.87,102.2,Agricultural,Clay,1359.0,Average,7.46,1,5.84,3.0,0
1297,2.85,117.7,23.9,80.3,522.7,5.45,66.4,Agricultural,Silty,1203.0,Average,3.04,1,8.5,7.46,1
1298,1.0,105.9,26.3,92.2,801.0,6.92,48.6,Agricultural,Silty,1150.0,Average,0.34,2,4.91,3.94,1
1299,4.38,160.9,29.2,57.1,771.8,0.81,124.1,Forest,Clay,252.0,Good,2.42,1,9.74,4.2,0
1300,4.94,187.0,29.6,69.0,154.5,11.57,39.5,Wetland,Loamy,104.0,Average,3.18,1,4.34,7.84,1
1301,9.96,149.9,25.9,62.0,131.7,3.88,490.3,Urban,Sandy,1062.0,Average,5.92,1,2.01,3.29,0
1302,5.44,131.5,28.3,65.3,271.6,1.68,250.1,Wetland,Loamy,591.0,Average,,0,2.24,3.75,0
1303,4.71,69.6,24.9,69.6,315.9,2.22,59.3,Urban,Loamy,2463.0,Good,4.8,1,4.85,7.76,0
1304,6.48,243.0,24.6,82.9,614.7,3.93,286.0,Urban,Sandy,636.0,Average,5.32,2,2.7,5.1,0
1305,3.66,127.6,25.5,73.5,139.8,1.1,55.2,Urban,Silty,1910.0,Poor,5.36,0,0.95,6.03,0
1306,5.68,296.1,26.5,75.3,235.9,0.66,176.7,Forest,Silty,1167.0,Average,4.12,1,8.68,2.52,0
1307,3.11,137.5,28.7,78.9,794.3,6.52,754.8,Urban,Loamy,1388.0,Good,6.35,1,9.44,4.98,0
1308,3.38,51.3,22.6,56.2,265.8,4.29,95.4,Urban,Sandy,1189.0,Average,6.16,1,3.64,7.33,0
1309,4.18,106.2,18.6,83.1,232.9,5.65,68.3,Urban,Sandy,705.0,Good,6.03,0,2.88,4.23,0
1310,5.04,95.3,33.3,58.0,974.0,2.8,9.7,Forest,Silty,1332.0,Average,5.75,0,7.24,1.34,0
1311,2.74,66.6,20.1,59.4,552.1,2.13,29.5,Urban,Loamy,573.0,Good,3.53,2,4.19,7.31,1
1312,8.12,156.3,22.0,61.7,353.9,0.68,23.1,Agricultural,Loamy,1260.0,Good,5.24,1,8.17,2.53,0
1313,4.15,120.0,27.3,76.6,839.6,6.14,26.8,Agricultural,Sandy,1010.0,Average,8.34,0,6.4,3.95,0
1314,2.8,367.0,28.1,65.4,375.6,1.83,90.0,Agricultural,Silty,633.0,Poor,6.2,1,6.54,5.7,0
1315,3.4,131.8,32.4,75.6,282.6,4.87,44.0,Agricultural,Sandy,543.0,Average,6.25,1,5.16,4.94,0
1316,3.92,137.0,20.8,65.0,202.1,5.24,361.6,Forest,Clay,245.0,Good,5.06,1,2.85,4.03,0
1317,10.0,65.2,35.1,81.0,684.4,8.32,8.4,Forest,Clay,907.0,Average,5.5,2,2.49,2.72,1
1318,2.78,179.9,25.1,52.9,222.3,5.11,45.6,Forest,Clay,1096.0,Good,4.34,0,5.62,4.96,0
1319,4.94,55.6,22.6,58.6,640.3,7.3,43.0,Agricultural,Clay,184.0,Good,6.0,0,8.68,5.81,0
1320,3.66,284.8,28.2,64.9,213.7,3.23,211.4,Agricultural,Loamy,1608.0,Average,4.62,0,2.85,10.0,0
1321,8.51,206.1,30.1,48.4,519.5,6.41,105.2,Barren,Clay,1485.0,Average,2.31,1,5.54,3.76,1
1322,5.64,119.2,30.5,72.3,497.7,6.79,27.0,Forest,Loamy,877.0,Good,4.19,3,6.12,8.15,1
1323,4.68,348.7,17.8,83.1,262.7,1.76,67.8,Forest,Sandy,356.0,Poor,3.15,1,2.64,5.04,0
1324,5.05,275.8,23.6,83.7,482.8,4.11,339.8,Barren,Sandy,369.0,Average,1.98,2,1.28,3.29,0
1325,5.72,171.8,28.3,94.0,103.6,4.51,38.2,Forest,Clay,974.0,Average,6.87,1,7.18,5.05,0
1326,4.61,113.1,26.7,54.4,1000.8,6.62,66.6,Forest,Loamy,316.0,Average,1.49,0,7.12,1.31,0
1327,4.29,79.1,29.1,60.3,258.4,,94.3,Urban,Sandy,2024.0,Average,6.79,1,5.58,1.41,0
1328,4.47,202.8,22.6,66.7,537.2,4.4,8.1,Wetland,Loamy,476.0,Poor,2.5,1,4.68,5.26,1
1329,8.71,90.2,25.7,61.3,1133.8,3.86,288.9,Agricultural,Clay,31.0,Average,5.51,2,4.77,5.86,0
1330,8.65,151.6,27.6,,332.8,6.51,211.6,Agricultural,Silty,188.0,Good,3.58,1,3.18,8.53,1
1331,3.02,210.6,24.7,82.8,323.4,4.18,96.1,Wetland,Clay,1061.0,Average,3.41,1,0.37,3.85,0
1332,5.05,91.9,27.5,90.4,422.9,3.94,85.3,Urban,Sandy,788.0,Poor,3.37,2,2.28,7.72,1
1333,5.77,136.1,24.0,61.6,207.5,3.8,93.8,Urban,Sandy,1251.0,Good,5.69,1,6.22,3.78,0
1334,5.3,252.7,23.6,76.5,549.3,3.75,2.1,Wetland,Loamy,1595.0,Average,2.05,1,5.51,4.21,1
1335,3.02,87.2,27.6,52.9,307.6,3.02,136.0,Urban,Sandy,324.0,Good,10.0,1,0.32,5.1,0
1336,8.03,255.2,27.8,73.6,257.7,2.14,152.9,Barren,Sandy,1049.0,Average,8.53,0,7.5,7.93,0
1337,1.66,162.3,27.5,70.6,1166.9774781440804,3.24,289.0,Forest,Sandy,418.0,Poor,4.19,1,1.74,5.39,0
1338,1.97,177.2,23.7,79.0,670.2,5.3,38.6,Forest,Sandy,684.0,Good,5.69,0,6.14,5.33,0
1339,10.0,176.6,27.1,55.3,186.1,1.25,256.7,Agricultural,Sandy,1754.0,Poor,7.16,0,4.9,0.73,0
1340,6.11,150.3,33.6,64.1,707.3,5.42,527.1,Urban,Loamy,913.0,Average,2.04,1,2.0,6.94,0
1341,7.34,201.6,23.9,71.0,285.5,2.78,64.0,Wetland,Clay,79.0,Good,4.3,3,6.04,0.0,1
1342,9.6,332.5,29.0,66.0,675.6,5.33,6.4,Agricultural,Clay,349.0,Good,7.92,1,4.48,3.07,0
1343,3.57,88.7,30.8,75.8,139.4,6.59,393.5,Barren,Loamy,322.0,Average,8.95,2,2.53,2.39,0
1344,6.03,226.7,26.7,59.7,300.4,2.85,193.4,Urban,Sandy,115.0,Average,5.92,2,3.7,3.42,0
1345,4.86,180.3,26.3,75.4,1002.1,7.17,267.8,Agricultural,Sandy,1269.0,Average,5.32,2,7.29,6.11,1
1346,3.65,256.8,24.6,87.6,611.5,3.91,215.7,Forest,Sandy,425.0,Average,1.37,1,2.92,5.69,0
1347,5.88,94.1,29.7,76.7,550.8,0.82,4.6,Agricultural,Sandy,951.0,Average,5.02,1,5.91,3.05,0
1348,7.96,91.2,27.8,88.5,127.5,2.16,222.9,Wetland,Silty,635.0,Average,7.15,0,8.89,2.77,0
1349,4.24,132.6,30.1,100.0,140.7,6.26,19.2,Agricultural,Silty,1667.0,Average,6.84,4,1.88,6.04,1
1350,1.15,274.6,30.1,56.5,328.3,7.17,102.0,Agricultural,Sandy,994.0,Good,7.85,0,6.53,3.76,0
1351,9.07,145.5,23.1,76.2,452.2,5.35,347.9,Forest,Clay,284.0,Poor,5.48,1,9.77,5.88,1
1352,2.96,94.2,31.1,84.6,194.6,3.66,233.1,Agricultural,Sandy,969.0,Average,0.69,0,4.85,7.83,0
1353,7.58,69.9,27.5,69.7,194.9,3.1,60.5,Agricultural,Sandy,120.0,Poor,5.87,2,0.74,1.53,1
1354,4.2,277.5,26.1,65.3,353.6,5.49,60.9,Urban,Clay,438.0,Average,4.39,1,4.37,6.98,0
1355,9.55,168.0,26.5,51.5,412.8,2.73,937.2,Agricultural,Sandy,1048.0,Poor,7.68,2,4.9,7.43,0
1356,3.74,76.3,34.4,53.7,64.9,3.86,204.2,Forest,Clay,97.0,Average,3.7,1,2.85,10.0,0
1357,8.96,175.9,29.3,79.3,265.0,1.88,39.2,Agricultural,Sandy,531.0,Average,1.85,0,6.69,4.11,0
1358,5.09,109.4,32.4,81.4,329.1,6.8,25.8,Wetland,Clay,2502.0,Poor,6.07,1,3.98,2.08,1
1359,7.46,318.4,25.9,53.6,221.2,6.49,102.1,Forest,Clay,877.0,Average,1.72,2,6.27,4.86,1
1360,6.5,171.4,30.2,68.8,664.2,1.36,0.9,Urban,Loamy,510.0,Good,,1,2.26,5.11,0
1361,5.51,176.9,25.2,70.1,149.9,6.31,128.3,Forest,Sandy,199.0,Average,4.51,0,3.42,5.51,0
1362,4.69,215.7,31.9,57.3,385.0,2.96,9.5,Forest,Loamy,738.0,Poor,5.46,0,3.01,9.18,0
1363,5.37,136.6,30.7,66.3,523.9,3.6,243.0,Barren,Clay,1305.0,Poor,3.14,3,2.13,6.7,1
1364,5.89,132.4,20.2,68.1,622.2,4.69,31.6,Forest,Sandy,637.0,Good,4.45,0,5.39,6.12,0
1365,3.95,196.8,23.1,51.0,414.7,7.99,99.0,Agricultural,Loamy,1163.0,Poor,6.69,2,10.0,4.67,1
1366,3.13,120.3,28.2,64.5,283.5,3.15,146.0,Urban,Loamy,655.0,Poor,2.87,2,5.6,4.85,0
1367,1.81,131.7,20.0,65.7,1451.5,5.66,558.8,Forest,Sandy,415.0,Good,7.9,1,7.55,4.61,0
1368,5.03,161.9,29.6,68.3,672.0,2.7,156.3,Agricultural,Sandy,828.0,Average,4.71,1,9.93,5.88,0
1369,9.86,147.2,30.2,64.1,231.9,4.01,529.5,Urban,Silty,612.0,Average,4.7,0,5.73,6.25,0
1370,4.78,141.2,24.9,79.3,666.4,5.17,168.7,Wetland,Sandy,308.0,Poor,4.79,0,6.87,5.52,0
1371,5.67,82.2,35.2,80.4,670.9,2.8,152.9,Wetland,Loamy,300.0,Average,8.24,0,4.2,3.54,0
1372,4.56,122.9,25.7,60.5,249.9,5.38,36.0,Agricultural,Silty,2735.0,Average,2.74,1,8.9,6.33,1
1373,7.28,119.2,26.6,81.2,632.1,4.72,76.7,Urban,Loamy,1231.0,Good,8.09,1,6.2,7.41,0
1374,5.05,1268.7150787631504,28.1,72.1,787.6,6.64,290.1,Agricultural,Loamy,191.0,Average,4.28,1,4.75,2.42,1
1375,4.23,109.6,26.3,78.7,144.0,7.82,118.7,Urban,Sandy,433.0,Good,3.63,1,0.97,5.48,0
1376,3.9,106.0,24.6,67.8,242.7,7.62,262.1,Barren,Silty,667.0,Good,5.93,0,3.73,5.38,0
1377,5.58,331.5,23.9,67.1,663.0,4.68,98.4,Wetland,Sandy,155.0,Poor,2.26,0,2.47,4.52,1
1378,5.24,117.7,30.7,84.2,826.6,8.8,112.6,Forest,Loamy,250.0,Good,3.63,2,8.53,4.88,1
1379,5.68,115.7,22.0,53.3,405.0,4.88,0.3,Forest,Sandy,408.0,Poor,10.0,1,0.0,5.36,0
1380,3.36,173.9,27.4,70.9,593.0,5.25,11.2,Agricultural,Clay,390.0,Good,6.54,2,3.4,2.16,0
1381,3.01,181.5,30.0,71.8,257.4,4.11,58.0,Forest,Loamy,1376.0,Poor,4.43,2,0.0,2.3,0
1382,4.95,42.0,26.2,81.7,393.6,6.38,597.5,Urban,Sandy,310.0,Poor,6.04,1,10.0,2.83,0
1383,8.01,79.9,32.2,74.3,663.6,5.37,112.7,Forest,Silty,1067.0,Poor,3.74,2,5.6,3.38,1
1384,7.62,93.8,25.7,89.2,330.7,3.69,37.2,Agricultural,Silty,943.0,Poor,5.72,1,3.56,6.7,1
1385,8.96,164.8,30.3,64.7,175.8,4.02,645.5,Forest,Clay,130.0,Good,0.68,0,4.03,8.18,0
1386,2.71,381.7,32.5,61.8,385.3,6.37,61.7,Urban,Loamy,1751.0,Poor,1.92,2,7.23,5.24,1
1387,5.07,114.3,27.3,64.6,988.5,2.46,81.8,Agricultural,Loamy,1715.0,Good,10.0,1,7.02,0.21,0
1388,5.25,262.2,26.4,65.1,280.3,4.43,38.6,Forest,Sandy,336.0,Good,4.5,0,6.09,3.67,0
1389,10.0,75.7,23.5,70.0,714.3,5.27,34.9,Agricultural,Silty,1197.0,Average,10.0,1,0.0,5.74,1
1390,2.85,137.8,26.3,74.8,487.2,6.45,111.7,Agricultural,Loamy,1016.0,Good,4.22,0,6.86,3.89,0
1391,7.36,115.4,34.9,72.1,597.3,7.94,48.1,Agricultural,Loamy,756.0,Good,5.65,4,0.36,3.85,1
1392,8.17,94.1,26.6,95.7,269.5,5.32,368.9,Forest,Sandy,183.0,Average,5.47,0,5.16,4.46,0
1393,2.34,77.3,28.8,56.5,319.2,5.27,140.0,Forest,Sandy,287.0,Average,0.0,0,1.92,4.91,0
1394,10.0,123.0,23.7,58.6,554.0,9.15,29.5,Urban,Clay,157.0,Good,4.83,1,4.59,5.44,1
1395,5.72,232.5,22.2,83.2,599.3,4.01,168.7,Wetland,Sandy,675.0,Average,0.0,0,4.97,4.53,1
1396,4.39,86.1,33.3,48.1,570.6,4.72,49.2,Urban,Sandy,194.0,Poor,4.74,2,6.83,6.17,1
1397,4.45,26.2,34.0,52.6,140.6,2.97,113.7,Agricultural,Loamy,323.0,Good,2.83,1,6.45,2.2,0
1398,4.37,90.2,23.5,73.4,491.4,,3.9,Agricultural,Silty,1902.0,Poor,3.36,0,8.91,4.28,1
1399,5.42,76.1,31.8,80.8,480.8,0.52,71.1,Forest,Clay,1219.0,Poor,4.76,2,3.95,5.61,0
1400,4.12,154.3,27.9,84.3,266.9,3.05,790.4,Urban,Silty,314.0,Poor,3.39,0,4.64,1.56,0
1401,5.72,111.2,24.9,63.5,887.8,4.78,94.8,Agricultural,Sandy,995.0,Average,3.22,1,4.26,2.92,0
1402,6.38,406.5,25.7,56.7,201.2,2.47,10.6,Wetland,Clay,480.0,Average,3.25,1,3.47,4.21,1
1403,3.8,146.8,18.7,75.8,97.2,4.48,119.3,Barren,Loamy,663.0,Poor,10.0,1,5.25,5.56,0
1404,8.52,111.1,26.0,70.6,333.7,4.93,71.4,Wetland,Sandy,266.0,Poor,4.01,1,5.03,6.69,1
1405,6.46,145.7,23.1,75.2,298.3,7.26,29.5,Agricultural,Silty,318.0,Average,4.31,0,4.2,7.54,1
1406,6.8,157.9,29.0,80.1,584.9,5.19,162.7,Urban,Sandy,229.0,Average,5.01,1,6.21,6.11,1
1407,5.93,57.3,29.9,72.7,592.2,3.88,31.2,Forest,Sandy,2022.0,Poor,5.17,1,8.06,5.54,1
1408,6.18,364.2,37.6,68.2,442.6,5.6,59.4,Urban,Loamy,199.0,Average,8.06,2,4.74,5.32,0
1409,4.67,323.7,30.1,68.7,748.0,4.74,74.6,Forest,Loamy,485.0,Good,4.05,0,0.0,3.7,0
1410,0.51,132.2,26.1,68.4,365.9,0.56,76.2,Barren,Clay,323.0,Average,3.45,2,3.22,3.7,0
1411,4.23,288.8,28.1,75.5,285.6,4.38,238.4,Agricultural,Silty,650.0,Average,6.87,0,4.19,5.98,0
1412,4.23,150.9,27.9,84.6,330.5,6.13,370.0,Wetland,Clay,610.0,Good,4.0,1,8.01,8.62,0
1413,6.52,68.2,29.1,58.1,660.6,2.67,237.9,Urban,Silty,762.0,Poor,1.29,1,4.55,4.66,1
1414,7.1,245.7,27.6,62.6,186.5,2.81,65.5,Wetland,Sandy,258.0,Poor,1.65,5,2.06,6.06,1
1415,5.39,126.5,25.4,74.6,325.5,1.25,66.7,Urban,Loamy,762.0,Good,2.94,0,8.8,4.42,0
1416,5.74,122.0,23.6,88.1,711.4,4.07,92.6,Wetland,Clay,901.0,Good,5.07,3,3.22,4.45,1
1417,5.3,179.6,27.9,62.4,1000.6,1.45,292.8,Urban,Silty,1939.0,Poor,5.96,2,4.71,5.76,1
1418,6.8,300.7,26.7,51.1,412.0,2.38,94.5,Agricultural,Clay,1020.0,Poor,4.09,1,3.73,6.08,1
1419,2.78,110.5,20.7,78.1,762.5,1.47,94.6,Forest,Sandy,85.0,Poor,3.32,1,3.95,3.27,0
1420,0.41,231.7,23.3,79.7,239.3,4.7,9.9,Forest,Clay,1370.0,Average,10.0,1,7.05,4.49,0
1421,4.01,1054.5268084882557,25.3,81.3,158.9,2.54,66.9,Agricultural,Clay,321.0,Good,7.62,1,0.0,7.68,0
1422,4.65,123.4,28.8,48.9,788.1,1.53,72.4,Forest,Loamy,588.0,,2.56,0,6.18,1.71,0
1423,2.75,74.2,28.5,71.4,775.9,5.7,137.1,Agricultural,Clay,402.0,Good,7.68,3,7.6,5.28,0
1424,8.59,128.5,29.4,86.0,176.7,7.87,6.7,Urban,Sandy,1222.0,Good,1.34,1,6.89,8.54,1
1425,9.57,161.0,27.4,80.2,453.4,6.4,34.9,Agricultural,Sandy,126.0,Poor,5.42,1,4.93,1.74,1
1426,1.26,166.1,22.6,57.0,431.4,7.02,187.9,Urban,Clay,267.0,Good,8.47,0,1.06,4.38,0
1427,3.7,118.6,23.4,67.7,369.0,4.62,27.8,Wetland,Clay,655.0,Average,9.24,0,8.8,7.43,0
1428,5.03,186.4,24.0,71.8,234.9,0.21,268.5,Forest,Clay,2399.0,Average,3.09,3,6.04,3.87,0
1429,4.77,88.1,23.8,56.6,1069.8,7.89,250.5,Agricultural,Loamy,214.0,Average,5.56,0,5.72,6.34,1
1430,2.66,,27.2,65.3,376.5,4.57,21.8,Forest,Clay,806.0,Good,2.32,0,3.57,3.59,0
1431,7.75,158.6,30.4,60.3,295.6,3.76,762.7,Agricultural,Silty,63.0,Poor,5.16,0,3.78,3.33,0
1432,6.62,207.7,31.4,60.9,428.3,2.85,134.4,Forest,Clay,163.0,Average,6.62,1,4.86,6.37,1
1433,8.72,290.1,29.8,60.2,458.0,4.07,89.8,Urban,Clay,445.0,Good,3.38,0,7.59,3.72,1
1434,3.82,194.9,30.4,76.2,878.4,5.73,222.6,Forest,Clay,1512.0,Average,3.59,1,3.05,5.22,0
1435,4.89,232.5,25.6,77.3,218.5,3.32,28.4,Urban,Silty,1760.0,Poor,9.08,1,6.28,9.94,0
1436,4.44,149.6,25.9,72.0,136.1,3.01,401.3,Agricultural,Loamy,597.0,Average,7.95,1,7.43,5.65,0
1437,5.17,91.2,33.2,97.3,673.2,4.66,15.8,Urban,Silty,499.0,Average,7.83,0,0.0,3.78,0
1438,3.5,150.3,29.3,56.7,696.5,3.98,64.0,Agricultural,Clay,802.0,Poor,4.88,4,6.92,3.11,1
1439,7.96,296.7,36.4,66.6,498.1,6.83,361.5,Agricultural,Loamy,266.0,Average,3.11,2,6.31,3.23,1
1440,4.27,91.8,31.5,59.7,246.1,5.52,8.4,Agricultural,Loamy,160.0,Good,5.76,0,5.55,2.86,0
1441,1.49,232.7,23.5,39.8,1788.9780593020473,5.06,174.2,Agricultural,Clay,450.0,Poor,2.02,1,7.97,7.43,1
1442,5.93,212.8,25.3,62.0,186.1,6.48,33.8,Agricultural,Clay,159.0,Poor,6.05,2,6.05,4.97,0
1443,5.06,186.4,23.9,78.2,381.2,2.06,8.0,Agricultural,Loamy,459.0,Poor,0.97,0,7.09,9.2,1
1444,7.43,171.7,28.1,83.2,1163.3,4.98,181.9,Wetland,Loamy,648.0,Average,1.91,2,7.02,5.68,1
1445,2.87,111.3,29.3,73.2,374.4,6.48,284.4,Agricultural,Sandy,856.0,Good,2.03,2,4.93,4.66,0
1446,8.24,260.1,30.3,68.9,653.2,4.13,118.3,Urban,Clay,991.0,Average,2.89,1,5.02,8.31,1
1447,2.88,42.6,26.5,54.6,261.4,5.34,54.9,Forest,Sandy,247.0,Average,3.27,1,7.31,8.31,0
1448,10.0,115.2,27.8,84.5,704.5,5.54,106.2,Forest,Loamy,1250.0,Average,3.89,1,3.16,0.0,1
1449,6.66,431.7128586114083,31.8,67.5,516.1,0.85,10.0,Wetland,Clay,683.0,Good,6.43,0,2.66,4.7,0
1450,4.45,90.5,19.8,85.3,835.5,1.62,208.3,Urban,Clay,1056.0,Poor,5.1,0,4.52,7.33,0
1451,3.32,83.0,29.4,85.9,226.3,0.94,51.0,Urban,Loamy,479.0,Average,1.99,0,1.48,7.88,0
1452,4.97,294.9,26.1,66.9,469.7,4.48,56.5,Agricultural,Loamy,882.0,Average,6.83,1,4.64,4.71,0
1453,9.16,424.3,35.5,72.7,760.2,4.26,308.4,Wetland,Sandy,1096.0,Average,3.61,2,4.15,1.6,0
1454,4.8,117.6,23.8,54.8,254.8,5.06,151.0,Barren,Loamy,1100.0,Good,1.06,0,0.0,2.81,0
1455,3.34,163.2,30.8,74.8,299.0,0.0,94.6,Forest,Loamy,910.0,Average,4.85,2,3.09,8.63,0
1456,10.0,148.0,19.7,94.5,415.1,7.98,105.0,Wetland,Sandy,306.0,Poor,3.94,0,6.48,4.49,1
1457,0.41,106.0,29.2,75.0,710.4,6.79,29.9,Forest,Sandy,863.0,Average,4.42,1,5.73,3.16,0
1458,5.44,150.4,27.6,75.9,488.7,3.29,25.6,Forest,Sandy,263.0,Good,4.94,0,9.16,3.36,0
1459,6.48,117.9,23.8,84.4,256.3,0.58,55.0,Forest,Sandy,587.0,Good,6.64,1,2.98,3.45,0
1460,2.87,91.5,29.8,65.1,158.7,3.88,236.5,Urban,Clay,355.0,Poor,5.0,0,2.81,4.33,0
1461,5.53,226.8,26.2,67.1,322.7,4.24,835.6,Agricultural,Loamy,477.0,Average,5.49,2,3.31,6.78,0
1462,3.71,236.9,27.7,64.4,628.7,5.63,49.4,Forest,Clay,610.0,Average,7.58,1,7.23,5.47,0
1463,8.1,129.7,25.5,59.2,253.1,5.12,172.6,Forest,Clay,447.0,Good,5.98,0,3.68,4.11,0
1464,5.15,120.5,27.6,52.0,342.7,1.87,210.9,Forest,Sandy,832.0,Average,4.73,0,8.43,2.7,0
1465,1.38,74.7,33.5,74.0,183.2,6.82,116.3,Barren,Clay,536.0,Poor,7.61,0,3.52,5.18,0
1466,3.67,111.4,25.1,61.5,192.4,0.66,37.2,Urban,Loamy,280.0,Average,4.53,1,3.09,6.33,0
1467,5.79,222.9,21.7,40.5,684.2,6.96,79.8,Forest,Sandy,96.0,Average,4.32,1,2.72,8.04,1
1468,4.26,123.1,24.4,69.6,333.4,5.56,89.3,Wetland,Clay,1928.0,Poor,7.51,1,7.68,5.46,1
1469,5.62,252.2,31.1,58.4,242.1,3.31,5.5,Agricultural,Silty,482.0,Average,2.83,1,4.24,6.49,1
1470,3.55,84.7,22.8,50.0,434.5,2.91,65.0,Agricultural,Sandy,216.0,Good,3.57,2,5.63,9.27,0
1471,6.61,190.7,30.6,47.2,259.1,5.49,419.1,Barren,Loamy,366.0,Average,7.37,3,7.21,7.9,0
1472,2.94,,24.8,69.3,916.0,2.73,109.9,Forest,Sandy,458.0,Average,3.97,2,6.1,3.79,0
1473,1.81,100.9,29.3,81.7,1105.2,7.14,307.5,Forest,Silty,1397.0,Good,2.79,4,2.73,4.9,0
1474,2.61,86.2,32.7,50.8,180.9,5.55,219.4,Forest,Silty,295.0,Good,2.92,3,7.4,0.43,0
1475,5.28,158.1,18.0,77.8,439.2,4.03,18.2,Wetland,Loamy,153.0,Poor,5.06,1,3.42,1.78,0
1476,10.0,446.9,33.4,68.5,1162.6,6.96,17.6,Agricultural,Loamy,819.0,Poor,2.15,1,0.05,6.94,1
1477,6.18,258.3,27.8,61.9,268.4,3.55,13.8,Urban,Loamy,343.0,Poor,2.23,1,5.66,6.57,0
1478,5.18,91.9,28.1,74.2,338.1,1.73,124.6,Urban,Sandy,864.0,Good,10.0,1,7.87,6.97,0
1479,0.41,263.3,26.5,58.8,111.7,6.36,1.9,Agricultural,Clay,231.0,Poor,2.31,1,8.25,8.02,1
1480,6.24,84.6,25.4,84.9,1203.5,2.78,34.2,Forest,Clay,1132.0,Good,5.45,1,4.46,0.29,0
1481,7.66,122.9,28.9,75.2,455.4,6.34,46.6,Urban,Sandy,718.0,Poor,1.75,2,5.75,4.59,1
1482,5.89,100.9,22.0,77.2,507.8,7.05,45.5,Forest,Loamy,388.0,Poor,2.75,1,6.18,4.43,1
1483,6.53,180.6,22.4,79.6,117.2,5.3,11.6,Wetland,Sandy,2758.0,Average,0.95,1,6.57,4.85,1
1484,1.49,81.6,18.5,84.3,181.6,4.11,356.2,Urban,Sandy,554.0,Average,3.92,1,0.62,8.8,0
1485,7.51,235.7,25.6,69.4,446.5,5.64,227.9,Urban,Sandy,366.0,Average,6.87,3,9.75,5.27,1
1486,2.84,183.0,21.4,70.1,558.0,3.05,178.4,Agricultural,Silty,818.0,Average,5.84,1,6.02,4.03,0
1487,5.5,243.4,30.6,75.0,469.4,3.49,150.2,Forest,Sandy,1286.0,Poor,7.42,1,6.46,7.99,0
1488,7.38,118.9,25.8,67.9,124.5,3.33,372.2,Urban,Sandy,431.0,Average,2.05,1,7.85,5.95,0
1489,6.13,87.0,36.9,66.7,218.9,3.07,84.2,Urban,Sandy,900.0,Poor,1.27,1,5.98,4.18,1
1490,6.96,156.1,28.8,66.5,428.1,7.04,222.6,Agricultural,Sandy,594.0,Average,1.59,0,0.0,5.6,0
1491,6.04,177.6,25.8,78.3,721.0,2.52,24.1,Agricultural,Loamy,892.0,Average,7.69,0,4.84,6.18,0
1492,0.0,146.5,27.3,49.9,642.3,4.72,418.8,Urban,Sandy,62.0,Good,3.91,2,4.02,6.11,0
1493,5.19,131.3,20.8,58.4,458.8,3.36,296.7,Urban,Sandy,829.0,Good,2.0,0,10.0,0.24,0
1494,6.83,157.9,39.4,73.0,120.1,3.91,60.6,Forest,Loamy,743.0,Average,7.66,2,3.73,2.68,0
1495,1.48,221.4,27.2,80.7,172.1,3.8,26.0,Forest,Sandy,1096.0,Poor,3.08,0,2.6,6.43,0
1496,1.33,132.2,27.2,77.8,737.0,3.43,199.4,Wetland,Clay,392.0,Average,3.22,1,2.43,3.61,0
1497,4.49,95.0,27.6,71.8,363.5,0.75,78.3,Urban,Clay,804.0,Good,9.92,0,6.6,6.59,0
1498,6.35,111.4,25.6,93.3,573.1,3.29,58.5,Agricultural,Sandy,157.0,Average,6.61,0,5.06,5.23,0
1499,4.61,90.0,29.9,80.4,377.9,2.99,54.4,Agricultural,Loamy,864.0,Poor,6.64,1,4.98,8.22,1
1500,2.52,209.7,28.4,,628.7,4.65,144.8,Forest,Loamy,352.0,Good,4.64,1,7.41,4.09,0
1501,0.42,95.0,28.6,61.6,506.6,2.63,68.4,Urban,Loamy,1295.0,Average,5.4,2,10.0,3.85,0
1502,6.58,306.2,22.6,100.0,382.9,2.62,57.2,Agricultural,Clay,871.0,Average,2.1,1,2.76,5.65,1
1503,6.9,73.6,30.3,85.4,146.7,1.84,3.5,Wetland,Sandy,909.0,Good,6.32,1,6.01,4.56,0
1504,6.41,184.8,30.6,77.2,59.6,0.08,157.3,Wetland,Silty,1429.0,Average,1.05,1,10.0,9.26,0
1505,1.62,80.3,24.3,93.1,259.1,0.86,285.0,Wetland,Loamy,1460.0,Average,2.47,0,5.46,5.91,0
1506,4.67,199.9,24.8,74.0,582.6,5.63,1.0,Agricultural,Loamy,1177.0,Poor,4.66,1,3.23,5.11,1
1507,4.25,474.8,18.9,53.7,725.1,4.48,14.0,Forest,Loamy,1080.0,Average,7.4,1,7.12,4.87,0
1508,7.34,44.1,23.8,77.2,42.2,1.82,106.8,Agricultural,Loamy,1668.0,Average,3.28,3,4.62,7.48,1
1509,0.26,158.4,27.3,80.4,379.4,3.33,35.4,Agricultural,Clay,810.0,Average,5.95,0,5.82,6.72,0
1510,7.15,70.1,27.1,65.5,1005.9,4.65,128.1,Barren,Silty,1436.0,Average,2.9,0,3.9,3.87,1
1511,0.0,119.0,29.8,73.5,99.0,5.02,26.4,Forest,Loamy,344.0,Average,0.67,1,8.44,5.14,0
1512,4.68,,26.0,69.9,244.5,8.18,117.2,Urban,Clay,1497.0,Average,9.39,0,1.06,6.56,0
1513,6.39,149.3,22.7,63.0,148.9,2.47,97.5,Agricultural,Sandy,37.0,Average,6.73,1,6.25,0.84,0
1514,7.59,129.7,36.7,70.7,315.4,1.67,1.3,Barren,Silty,356.0,Good,4.14,0,5.05,4.73,0
1515,0.87,,26.7,52.1,566.0,4.53,89.1,Barren,Sandy,317.0,,6.38,2,4.48,3.37,0
1516,6.17,128.6,20.5,74.5,325.1,0.83,491.0,Agricultural,Clay,603.0,Average,5.26,0,7.6,4.43,0
1517,5.49,167.7,30.7,92.3,335.1,5.33,155.7,Forest,Clay,243.0,Poor,3.96,0,7.86,5.24,0
1518,5.33,315.2,30.5,43.9,400.3,1.91,14.7,Urban,Silty,1444.0,Good,3.88,1,2.1,5.91,1
1519,2.69,237.4,24.0,58.8,306.9,3.39,306.0,Urban,Silty,689.0,Poor,3.83,1,3.26,4.99,0
1520,4.9,,25.1,80.9,452.1,4.5,56.7,Wetland,Sandy,521.0,Average,5.18,1,4.36,3.22,0
1521,4.37,176.5,30.4,,285.4,1.8,27.2,Forest,Clay,1327.0,Good,3.13,0,7.12,4.42,0
1522,1.81,88.7,22.4,51.0,267.8,8.88,24.3,Forest,Clay,32.0,Good,10.0,2,4.89,4.2,0
1523,3.46,129.9,30.6,75.6,511.3,4.0,78.8,Wetland,Sandy,1355.0,Average,5.24,1,4.1,4.68,0
1524,2.18,133.8,15.4,65.5,794.8,8.58,42.5,Forest,Clay,530.0,Average,2.9,0,6.41,4.56,1
1525,8.6,261.6,24.1,95.9,432.1,6.79,262.4,Urban,Silty,115.0,Good,0.37,2,5.6,6.74,1
1526,4.96,157.1,35.1,70.4,648.5,5.04,20.5,Urban,Sandy,857.0,Poor,2.48,1,8.33,5.83,1
1527,5.14,64.9,30.8,56.6,711.0,,280.9,Agricultural,Loamy,525.0,Good,6.1,1,6.17,5.65,0
1528,5.41,104.1,24.6,69.5,419.2,8.85,56.6,Forest,Sandy,2338.0,Average,9.51,0,5.14,4.53,0
1529,4.96,118.6,21.7,70.2,279.3,9.92,125.6,Urban,Loamy,731.0,Average,5.9,2,4.87,3.82,1
1530,4.17,139.9,31.8,79.8,532.8,6.2,270.3,Wetland,Loamy,2053.0,Good,7.06,1,1.41,4.42,0
1531,6.07,276.5,29.2,82.4,560.8,5.76,97.6,Wetland,Clay,355.0,Good,3.48,0,6.49,7.65,0
1532,2.11,91.0,27.1,84.1,978.5,3.93,369.0,Forest,Silty,1183.0,Poor,1.65,0,6.2,3.13,0
1533,1.98,131.1,27.2,66.2,346.3,2.6,269.5,Agricultural,Loamy,463.0,Average,1.3,0,0.01,3.12,0
1534,6.48,41.6,24.5,65.9,945.4,5.51,404.5,Urban,Silty,218.0,Good,5.88,1,4.24,7.1,0
1535,7.3,247.0,25.2,78.0,296.8,5.1,21.8,Urban,Clay,950.0,Average,2.73,0,0.52,0.0,0
1536,2.81,130.5,23.5,57.7,394.0,5.5,45.0,Urban,Clay,1023.0,Good,6.03,0,3.59,5.21,0
1537,2.06,146.0,20.9,65.8,440.2,1.36,2.3,Wetland,Clay,41.0,Poor,6.03,2,6.41,3.67,1
1538,6.75,86.1,23.3,68.3,218.5,4.49,3.0,Agricultural,Loamy,336.0,Good,3.08,0,5.67,7.44,0
1539,3.78,266.3,27.5,84.2,242.8,4.88,81.4,Urban,Loamy,61.0,Average,3.58,0,7.53,2.56,0
1540,2.16,,27.1,79.7,129.1,4.08,486.9,Urban,Sandy,756.0,Average,0.41,1,3.95,6.08,0
1541,6.04,152.7,22.6,92.6,309.7,3.09,25.2,Barren,Loamy,978.0,Good,4.77,2,7.83,4.56,0
1542,2.21,197.2,27.7,74.9,664.4,2.7,8.1,Urban,Clay,1120.0,Good,4.27,0,4.93,4.76,0
1543,6.08,99.9,31.3,54.4,411.4,6.88,25.8,Agricultural,Silty,100.0,Average,0.31,0,4.65,5.21,1
1544,7.72,135.7,26.7,66.2,268.6,1.21,83.7,Urban,Loamy,2043.0,Average,5.27,1,6.4,3.57,1
1545,2.16,186.2,25.6,90.9,655.5,2.58,82.8,Agricultural,Clay,606.0,Poor,5.91,2,7.49,7.41,1
1546,9.3,190.3,25.5,55.3,727.7,4.77,113.7,Barren,Clay,848.0,Poor,6.96,1,5.73,7.06,1
1547,0.21,135.7,30.0,82.2,663.8,3.94,47.9,Wetland,Clay,478.0,Average,7.09,3,5.16,0.23,0
1548,4.0,367.3,25.7,74.1,352.6,6.05,34.9,Urban,Sandy,937.0,Good,2.76,0,5.53,3.7,0
1549,5.17,158.6,22.6,83.4,799.3,6.62,76.6,Forest,Loamy,389.0,Poor,3.95,2,5.68,6.53,1
1550,8.56,236.1,29.3,76.9,1042.2,3.06,218.6,Forest,Clay,1886.0,Average,3.13,0,7.34,7.8,1
1551,5.74,213.5,32.7,72.8,616.8,5.58,156.2,Wetland,Loamy,800.0,Good,3.19,3,3.72,5.39,1
1552,1.6,91.4,25.5,74.6,552.6,4.71,345.8,Urban,Loamy,946.0,Poor,7.93,2,1.35,9.54,0
1553,6.9,106.1,20.8,78.3,374.4,2.11,57.6,Urban,Loamy,692.0,Average,5.54,0,4.79,4.7,0
1554,5.41,146.4,24.1,72.1,26.7,6.58,248.4,Barren,Clay,1117.0,Average,5.85,1,5.31,2.33,0
1555,7.18,329.8,25.7,79.4,448.2,4.83,38.5,Forest,Loamy,348.0,Poor,7.1,0,6.27,6.48,1
1556,4.67,277.4,21.7,69.2,464.2,4.45,25.5,Wetland,Sandy,921.0,Average,3.72,1,4.24,6.49,1
1557,2.36,79.6,33.3,86.7,338.1,1.58,191.7,Urban,Loamy,470.0,Poor,8.71,1,0.69,6.02,0
1558,2.1,186.0,28.2,,723.6,2.63,8.4,Urban,Clay,628.0,Average,2.47,1,4.57,5.15,1
1559,5.28,149.3,31.1,76.3,252.6,,96.2,Forest,Clay,420.0,Good,6.54,0,6.14,6.27,0
1560,4.21,143.0,29.5,65.0,309.3,5.74,133.8,Urban,Sandy,288.0,Good,4.65,0,8.28,3.58,0
1561,4.3,61.4,27.1,72.9,847.7,4.98,107.5,Barren,Clay,608.0,Poor,4.38,0,10.0,7.24,1
1562,8.47,162.5,28.7,79.5,514.2,5.06,0.5,Agricultural,Loamy,1394.0,Average,3.13,0,4.57,6.9,1
1563,7.58,275.9,32.5,82.7,559.3,3.3,8.1,Agricultural,Loamy,586.0,Poor,8.34,1,3.53,4.37,1
1564,6.88,72.1,29.2,52.2,102.5,5.69,125.0,Agricultural,Clay,1255.0,Average,0.0,2,4.01,4.28,1
1565,1.85,199.1,24.6,68.2,548.9,5.17,69.9,Urban,Clay,633.0,Poor,4.16,2,4.5,3.16,0
1566,0.33,20.4,28.9,57.4,357.3,3.57,182.5,Urban,Loamy,1348.0,Average,1.3,1,5.59,3.68,0
1567,6.3,194.5,34.0,72.3,426.1,1.71,79.1,Wetland,Silty,163.0,Good,4.49,1,0.34,4.39,0
1568,6.23,310.3,24.7,63.1,340.2,3.26,84.7,Agricultural,Clay,763.0,Poor,7.28,1,4.9,6.31,0
1569,5.23,93.3,24.4,68.2,589.1,6.02,286.2,Barren,Silty,121.0,Average,4.48,0,0.0,6.98,0
1570,4.54,434.4,28.0,76.2,464.1,4.19,89.1,Agricultural,Loamy,1207.0,Poor,9.32,0,6.12,4.18,0
1571,4.6,168.4,27.8,75.9,201.0,1.91,182.1,Agricultural,Clay,754.0,Good,1.09,0,6.89,5.9,0
1572,7.82,185.5,25.2,76.4,464.8,6.57,25.4,Urban,Silty,358.0,Average,9.25,0,7.57,6.21,0
1573,3.3,297.5,25.3,77.4,214.2,3.88,47.8,Wetland,Loamy,2497.0,Average,3.75,0,1.9,6.48,1
1574,8.69,149.2,27.3,63.6,733.2,7.03,296.2,Urban,Clay,966.0,Poor,6.11,0,7.67,7.51,1
1575,1.82,304.9,24.2,69.3,269.2,1.78,5.7,Barren,Clay,1146.0,Poor,5.34,0,4.55,7.43,0
1576,8.95,,22.2,48.7,598.2,1.66,16.2,Agricultural,Loamy,744.0,Poor,1.39,1,4.31,3.77,1
1577,2.84,315.4,34.1,55.4,479.6,7.85,8.3,Wetland,Sandy,884.0,Poor,7.17,2,10.0,5.16,1
1578,1.15,122.1,22.8,70.7,838.7,3.61,112.8,Agricultural,Sandy,785.0,Poor,7.52,0,7.17,8.44,0
1579,0.83,161.1,22.2,56.8,834.9,4.49,190.3,Forest,Loamy,648.0,Poor,4.45,2,6.17,3.28,0
1580,5.6,170.4,31.2,73.3,354.1,7.39,215.7,Wetland,Silty,113.0,Poor,5.77,1,2.94,6.13,1
1581,6.65,100.2,28.1,63.6,43.3,6.26,117.4,Agricultural,Loamy,210.0,Average,4.71,1,1.46,2.25,0
1582,2.85,94.5,25.3,66.1,104.8,2.42,307.5,Wetland,Sandy,595.0,Poor,6.26,0,7.51,4.77,0
1583,6.83,240.5,26.2,76.3,440.3,3.77,3.3,Urban,Sandy,1296.0,Poor,7.24,0,6.21,3.9,1
1584,3.02,101.9,33.4,64.1,298.0,1.84,28.4,Agricultural,Loamy,433.0,Average,5.26,3,1.59,5.51,0
1585,1.45,191.6,30.6,57.1,153.1,2.97,330.3,Forest,Clay,1091.0,Poor,2.64,0,6.66,4.57,0
1586,6.0,91.1,22.2,60.2,373.6,5.54,0.5,Urban,Sandy,1258.0,Good,4.7,0,9.68,6.64,1
1587,1.29,209.6,20.9,77.2,398.5,1.98,129.6,Agricultural,Clay,266.0,Average,1.82,1,4.23,8.46,1
1588,4.33,278.7,32.3,64.7,296.5,2.4,128.7,Agricultural,Clay,1146.0,Average,2.31,1,1.86,7.26,1
1589,8.02,118.9,28.3,81.8,226.7,3.27,197.7,Agricultural,Sandy,1539.0,Poor,3.41,1,4.76,4.93,1
1590,6.72,18.3,25.1,70.3,438.2,2.87,377.1,Urban,Loamy,958.0,Poor,5.04,2,4.98,7.15,0
1591,5.46,119.3,24.9,63.3,683.0,3.11,37.0,Urban,Loamy,1316.0,Good,3.39,0,3.87,9.21,0
1592,4.15,89.5,32.9,81.4,129.4,8.3,196.6,Forest,Silty,882.0,Average,5.61,0,6.92,4.92,0
1593,3.23,229.1,24.5,79.7,578.8,3.54,142.1,Forest,Sandy,326.0,Average,6.72,2,2.66,3.13,0
1594,4.32,98.0,29.0,50.8,388.5,6.07,216.1,Urban,Clay,888.0,Good,2.09,0,8.53,8.01,1
1595,3.12,155.6,28.0,74.1,516.6,4.83,101.5,Agricultural,Sandy,1882.0,Average,4.5,2,0.28,2.94,0
1596,4.89,325.8,22.8,55.8,365.2,5.53,223.4,Agricultural,Sandy,2241.0,Good,5.52,2,8.82,3.02,0
1597,6.07,108.8,21.3,53.4,301.7,,498.1,Urban,Sandy,397.0,Average,6.79,1,5.22,6.31,0
1598,5.33,181.3,32.0,91.0,334.4,5.48,313.3,Agricultural,Clay,336.0,Average,8.73,2,6.94,4.55,0
1599,4.17,142.7,35.8,72.1,283.5,5.93,45.8,Forest,Loamy,661.0,Average,2.17,0,4.2,6.11,0
1600,1.9,248.8,23.6,53.4,438.1,2.19,692.3,Urban,Clay,704.0,Poor,5.29,0,4.61,7.42,0
1601,3.66,330.0,33.7,67.1,481.4,6.41,33.7,Wetland,Silty,1453.0,Average,3.24,0,3.23,7.13,1
1602,0.0,179.9,22.3,52.6,456.4,6.51,71.8,Agricultural,Sandy,1960.0,Poor,2.16,0,7.34,6.82,1
1603,9.07,149.6,27.9,74.6,149.2,3.88,424.1,Forest,Clay,160.0,Average,6.68,1,5.59,3.45,0
1604,8.29,274.6,33.2,66.4,89.5,3.02,127.9,Forest,Clay,1857.0,Average,0.0,0,5.96,3.35,0
1605,7.1,227.6,30.5,69.5,336.3,7.11,329.0,Wetland,Loamy,1082.0,Average,6.0,1,4.14,3.15,0
1606,0.79,29.4,26.7,41.4,495.8,4.63,16.7,Urban,Sandy,692.0,Poor,4.64,3,6.09,1.07,0
1607,4.87,128.2,26.9,56.2,186.0,1.71,377.2,Barren,Sandy,1490.0,Poor,2.26,0,3.69,6.64,0
1608,3.71,268.0,14.1,69.5,267.4,3.91,483.9,Agricultural,Loamy,452.0,Average,5.56,1,0.78,6.18,0
1609,9.61,212.6,17.7,58.1,70.2,4.31,42.7,Agricultural,Loamy,863.0,Poor,9.11,2,6.42,1.82,0
1610,3.92,44.2,25.7,67.7,655.0,6.67,89.6,Barren,Silty,966.0,Poor,2.31,2,2.71,3.96,1
1611,3.95,191.5,28.6,97.3,1058.4,3.42,128.0,Agricultural,Loamy,2251.0,Poor,8.28,1,7.8,3.32,1
1612,3.94,208.8,30.6,58.8,542.8,3.63,24.0,Forest,Sandy,389.0,Average,4.89,0,10.0,2.58,0
1613,6.72,95.1,26.7,77.8,498.3,4.95,121.9,Agricultural,Loamy,1972.0,Poor,3.48,0,2.28,3.76,1
1614,5.29,168.2,22.1,96.3,341.7,3.8,200.5,Urban,Clay,247.0,Average,4.55,1,10.0,4.04,0
1615,8.26,97.6,32.5,56.9,682.8,3.04,42.1,Urban,Silty,306.0,Good,5.31,1,2.78,8.18,0
1616,1.23,237.1,28.4,54.7,618.7,6.64,286.2,Urban,Loamy,578.0,Poor,4.45,1,4.48,8.86,0
1617,4.01,151.6,25.2,84.0,308.1,1.01,81.5,Forest,Silty,279.0,Good,2.0,1,3.05,7.19,0
1618,5.15,237.1,28.2,78.0,184.7,3.74,33.3,Forest,Sandy,1758.0,Good,7.0,1,2.69,7.98,0
1619,6.37,,29.5,91.1,127.0,6.72,34.9,Urban,Sandy,762.0,Average,1.29,0,5.93,7.61,1
1620,9.87,112.7,34.0,93.6,401.2,5.66,446.8,Wetland,Sandy,97.0,Good,3.88,1,2.16,4.82,0
1621,6.64,188.8,22.4,79.8,564.0,4.4,251.2,Forest,Clay,104.0,Average,4.07,1,5.9,5.02,0
1622,5.92,316.5,25.8,85.5,321.3,6.79,862.2,Forest,Clay,621.0,Average,3.99,1,5.38,3.67,0
1623,3.11,438.5534793558987,28.9,71.2,519.5,4.45,238.7,Agricultural,Sandy,1073.0,Average,5.82,1,1.44,5.09,0
1624,4.45,85.0,22.2,65.7,267.2,6.61,4.1,Urban,Loamy,558.0,Poor,5.09,2,2.99,2.64,1
1625,7.57,216.1,31.3,62.2,817.5,6.72,48.4,Wetland,Sandy,1052.0,Average,9.99,0,3.96,6.47,1
1626,6.7,157.8,29.8,84.6,819.2,4.82,55.5,Urban,Silty,352.0,Poor,3.69,0,7.47,8.52,1
1627,3.8,236.4,31.4,76.7,377.1,3.54,16.1,Forest,Clay,422.0,Average,7.41,0,1.76,2.91,0
1628,4.57,167.9,29.7,71.6,200.0,3.82,49.2,Forest,Silty,1166.0,Average,7.89,0,8.33,2.62,0
1629,0.86,198.2,26.4,75.1,309.0,4.14,61.1,Wetland,Silty,1211.0,Good,4.62,1,5.64,4.96,1
1630,8.14,,31.6,72.0,132.7,3.13,30.4,Forest,Clay,2106.0,Average,2.61,0,4.84,7.66,0
1631,5.68,102.0,30.2,68.8,171.1,,278.8,Agricultural,Clay,309.0,Poor,6.18,0,4.59,1.5,0
1632,2.57,186.6,22.5,53.3,280.3,5.79,36.0,Urban,Loamy,1044.0,Poor,4.65,0,8.35,4.27,0
1633,3.47,91.9,22.2,68.3,508.8,2.52,208.4,Forest,Clay,117.0,Poor,4.17,2,1.58,7.98,0
1634,8.29,467.7,19.1,73.4,465.3,4.78,81.5,Barren,Silty,1143.0,Poor,7.63,4,2.69,2.9,1
1635,2.51,118.7,30.4,64.3,534.9,4.43,134.0,Forest,Clay,377.0,Poor,6.24,2,0.1,0.77,0
1636,7.88,80.0,15.1,64.8,369.9,3.76,85.0,Wetland,Sandy,833.0,Average,3.56,2,9.65,6.7,0
1637,5.57,52.4,22.6,67.0,730.1,5.74,170.7,Urban,Loamy,1363.0,Average,6.79,0,0.0,5.31,0
1638,3.31,152.5,24.4,77.7,395.9,3.66,232.1,Agricultural,Sandy,543.0,Good,3.06,1,5.94,2.19,0
1639,6.44,126.4,15.0,66.9,202.7,4.34,47.7,Agricultural,Sandy,1298.0,Poor,5.02,0,0.36,3.31,0
1640,4.2,79.6,31.0,54.0,614.2,5.12,99.9,Agricultural,Loamy,638.0,Good,4.86,0,1.8,6.23,0
1641,4.13,193.1,23.9,58.6,497.8,3.13,47.1,Urban,Clay,910.0,Poor,2.62,1,4.95,4.54,0
1642,7.22,155.3,27.8,79.7,348.8,2.68,82.4,Urban,Silty,213.0,Average,4.78,2,1.84,4.13,0
1643,4.32,426.1,26.7,52.1,359.1,5.4,139.8,Forest,Loamy,271.0,Average,6.19,1,0.12,7.94,0
1644,6.34,220.0,15.0,78.5,454.5,5.73,1.8,Forest,Silty,844.0,Average,4.3,1,3.28,10.0,0
1645,4.1,173.9,28.2,75.4,665.0,2.9,129.4,Forest,Clay,359.0,Poor,3.33,3,4.74,3.15,1
1646,6.66,126.1,29.2,59.0,103.8,1.81,523.0,Wetland,Sandy,835.0,Average,10.0,0,8.04,5.88,0
1647,6.04,281.2,27.1,55.3,358.4,3.49,124.9,Agricultural,Silty,421.0,Poor,8.01,1,5.67,1.91,0
1648,4.43,219.5,26.9,75.6,933.5,6.13,294.3,Forest,Clay,465.0,Average,7.49,1,3.35,5.62,0
1649,3.2,148.5,24.4,73.6,408.2,6.79,26.3,Wetland,Silty,312.0,Average,2.31,2,6.79,9.33,1
1650,1.52,79.1,24.1,64.4,597.4,2.54,24.3,Agricultural,Clay,44.0,Good,9.88,0,7.39,2.03,0
1651,6.27,301.6,26.2,61.0,156.6,4.13,28.3,Wetland,Loamy,2428.0,Poor,6.2,3,7.11,9.23,1
1652,1.36,,24.9,83.4,321.6,3.16,433.4,Agricultural,Clay,281.0,Average,3.98,1,2.48,3.01,0
1653,4.34,156.5,31.0,66.1,322.5,2.94,231.3,Agricultural,Loamy,1106.0,,4.72,2,4.38,5.99,0
1654,4.3,171.9,23.5,69.4,872.7,2.78,56.7,Forest,Sandy,1327.0,Poor,5.65,1,7.6,4.91,0
1655,5.17,192.5,18.0,53.0,482.4,3.43,121.0,Urban,Clay,201.0,Poor,5.62,1,3.78,4.63,1
1656,4.18,102.7,27.0,60.3,101.8,4.84,617.1,Forest,Sandy,832.0,Good,5.69,1,5.54,8.06,0
1657,3.29,94.4,27.1,89.7,378.7,3.0,17.8,Barren,Clay,395.0,Average,6.09,5,6.8,5.28,1
1658,2.71,130.1,34.8,68.8,478.6,4.12,49.5,Urban,Silty,2032.0,Poor,6.4,1,6.84,3.62,1
1659,2.81,160.2,31.0,88.2,192.0,6.27,462.3,Urban,Sandy,616.0,Average,5.17,2,5.7,5.79,0
1660,8.82,103.5,19.6,62.2,165.1,4.83,139.8,Urban,Sandy,1181.0,Average,,2,5.53,4.45,0
1661,8.9,268.5,23.7,63.1,822.4,,31.8,Urban,Sandy,1090.0,Good,5.98,2,8.22,6.0,1
1662,7.89,157.8,27.7,64.0,256.0,3.03,179.9,Forest,Clay,345.0,Good,7.32,0,1.29,7.07,0
1663,3.93,104.2,35.8,88.6,487.1,3.12,213.2,Urban,Sandy,581.0,Poor,9.17,0,7.42,3.41,0
1664,4.65,236.8,34.5,78.9,1092.6,3.74,28.9,Forest,Silty,1031.0,Good,5.85,1,4.48,5.66,0
1665,4.64,140.4,28.8,53.9,587.4,4.05,280.7,Barren,Loamy,221.0,Good,5.47,0,2.7,5.29,0
1666,3.83,216.9,23.4,51.5,412.6,4.85,27.6,Agricultural,Loamy,1715.0,Average,3.63,0,1.48,5.57,0
1667,7.17,314.9,28.9,78.1,744.4,1.22,210.7,Forest,Loamy,1027.0,Good,4.39,0,5.19,3.68,0
1668,2.55,179.0,26.8,53.6,719.5,3.44,4.8,Agricultural,Loamy,175.0,Poor,7.46,1,6.76,3.29,1
1669,5.77,62.1,24.2,69.9,1153.3,5.24,69.0,Agricultural,Sandy,2006.0,Average,3.99,1,4.44,6.98,1
1670,7.23,138.1,29.4,85.2,673.8,3.55,462.1,Urban,Clay,1570.0,Good,,0,2.92,4.02,0
1671,6.66,206.0,23.8,52.4,74.4,4.66,13.9,Forest,Loamy,197.0,Poor,6.42,2,0.0,3.57,0
1672,3.53,63.2,26.0,86.7,489.9,7.25,140.4,Barren,Loamy,1065.0,Average,3.13,1,4.35,7.39,0
1673,9.57,290.0,24.4,55.4,338.7,6.74,125.4,Urban,Silty,40.0,Average,3.42,1,5.33,2.66,1
1674,2.55,123.5,36.4,70.6,461.6,6.26,174.7,Forest,Sandy,385.0,Average,,3,6.93,4.31,0
1675,3.08,192.3,22.0,88.4,843.2,8.23,123.9,Agricultural,Clay,409.0,Good,7.04,1,7.32,3.94,1
1676,8.03,268.6,23.7,82.0,96.0,4.85,284.6,Wetland,Loamy,515.0,Good,4.52,2,4.3,6.66,0
1677,4.48,79.0,22.9,84.1,198.3,4.53,483.9,Wetland,Silty,1345.0,Good,0.97,0,3.99,2.69,0
1678,4.82,300.9,34.2,61.1,418.5,8.32,501.0,Wetland,Silty,955.0,Poor,2.84,1,5.41,4.16,0
1679,2.7,470.6,25.0,52.3,449.9,3.74,24.8,Agricultural,Silty,902.0,Average,7.08,0,2.17,7.94,0
1680,7.62,122.4,30.8,62.7,305.6,6.46,78.4,Wetland,Sandy,382.0,Good,2.76,2,3.16,4.68,1
1681,6.14,118.3,23.3,65.7,225.0,4.82,216.7,Agricultural,Clay,440.0,Average,4.18,1,2.08,6.44,0
1682,0.0,172.0,30.5,65.5,411.7,8.45,62.1,Forest,Loamy,648.0,Average,1.56,1,6.07,6.81,0
1683,3.23,168.1,15.1,71.8,380.7,0.03,31.3,Agricultural,Silty,407.0,Poor,5.73,3,6.49,7.97,0
1684,6.01,308.1,24.2,64.8,209.8,6.97,15.0,Forest,Clay,833.0,Average,4.15,2,3.15,1.66,1
1685,9.15,191.5,23.2,85.7,352.0,0.16,13.0,Agricultural,Clay,896.0,,2.74,0,6.18,6.72,0
1686,5.4,147.6,34.7,76.5,757.1,5.66,33.6,Forest,Silty,814.0,Poor,3.72,1,5.45,4.26,1
1687,5.13,37.9,26.3,72.4,467.5,0.84,79.5,Agricultural,Silty,1467.0,Poor,1.89,0,5.97,4.45,1
1688,5.02,216.8,25.7,58.9,175.7,7.14,271.2,Urban,Loamy,717.0,Average,3.79,3,5.51,2.29,1
1689,3.2,256.1,25.0,87.0,472.8,1.95,99.0,Forest,Clay,983.0,Average,4.8,3,9.4,5.59,0
1690,4.31,237.5,25.2,55.7,609.5,5.96,76.2,Wetland,Silty,526.0,Good,7.14,2,3.85,6.64,0
1691,6.25,179.0,19.2,84.8,395.5,4.05,24.8,Forest,Sandy,254.0,Average,7.23,0,6.2,6.25,0
1692,4.98,173.3,27.1,78.5,284.5,4.39,37.6,Barren,Sandy,453.0,Good,2.29,1,2.24,5.51,0
1693,9.82,178.2,21.1,49.0,287.1,2.41,182.6,Wetland,Sandy,1989.0,Average,6.4,0,1.13,3.37,0
1694,8.31,159.0,26.3,72.4,175.7,5.43,14.8,Wetland,Clay,457.0,Poor,1.89,0,5.58,4.68,1
1695,5.43,143.5,27.2,71.9,1077.8,6.26,8.8,Agricultural,Sandy,1197.0,Poor,5.58,1,3.93,4.46,1
1696,0.0,,30.1,94.8,345.1,2.9,267.8,Agricultural,Sandy,826.0,Good,4.25,3,2.18,5.74,0
1697,6.45,129.1,23.1,64.6,509.4,4.33,15.9,Urban,Sandy,680.0,Average,4.79,0,5.11,2.33,0
1698,5.31,176.8,34.9,63.3,316.0,4.46,322.9,Agricultural,Sandy,924.0,Poor,1.89,1,7.26,4.31,1
1699,7.27,164.7,27.4,90.8,285.4,4.26,238.0,Wetland,Clay,306.0,Average,4.43,0,2.77,4.28,0
1700,6.12,98.5,28.3,71.6,361.2,1.76,104.6,Wetland,Clay,1224.0,Average,5.49,1,2.31,5.12,0
1701,4.82,191.9,29.0,78.1,929.5,6.4,15.5,Urban,Sandy,450.0,Average,3.52,0,0.0,6.07,0
1702,5.2,121.3,24.4,66.7,160.5,4.73,9.8,Forest,Sandy,354.0,Average,2.91,0,3.1,1.15,0
1703,2.22,553.134404087293,32.7,61.5,300.4,3.12,257.1,Urban,Clay,2494.0,Poor,3.93,0,8.01,4.38,0
1704,3.59,165.4,28.3,61.9,350.5,3.96,162.0,Urban,Silty,1363.0,Good,,1,3.89,1.93,0
1705,8.5,,28.5,59.2,518.2,2.94,59.8,Agricultural,Clay,4667.0,Poor,5.17,1,9.28,3.66,1
1706,6.29,133.1,24.6,87.8,177.8,2.5,198.9,Urban,Clay,178.0,Poor,4.24,0,6.28,7.79,1
1707,5.41,76.4,18.5,67.1,435.3,2.25,12.2,Wetland,Clay,284.0,Poor,8.54,0,3.64,5.27,0
1708,7.14,190.0,28.2,54.1,1131.5,3.22,688.5,Agricultural,Loamy,817.0,Poor,5.83,0,4.04,6.45,0
1709,2.29,188.2,29.5,68.1,231.8,4.13,31.9,Wetland,Sandy,1178.0,Poor,8.62,0,10.0,1.47,0
1710,5.51,85.1,25.6,72.7,238.1,6.06,0.1,Urban,Silty,399.0,Poor,4.43,3,0.0,7.07,1
1711,5.73,158.2,27.3,75.6,347.7,4.95,22.0,Agricultural,Clay,826.0,Poor,2.5,0,8.37,7.42,1
1712,4.59,117.5,25.0,55.4,64.9,7.59,690.0,Agricultural,Silty,549.0,Good,3.78,2,0.0,4.07,0
1713,6.26,182.2,29.6,82.1,302.3,4.39,459.1,Wetland,Clay,877.0,Average,4.0,0,2.66,4.62,0
1714,3.15,54.3,36.0,66.0,462.9,8.1,214.9,Barren,Loamy,1468.0,Poor,2.96,2,2.56,4.1,1
1715,1.52,110.8,21.3,60.4,478.3,0.27,402.4,Forest,Silty,920.0,Average,5.12,2,2.52,4.48,0
1716,5.66,363.7,29.8,53.8,242.1,3.94,94.2,Agricultural,Silty,384.0,Average,5.27,0,7.27,7.09,0
1717,2.17,65.3,29.5,72.7,155.5,3.62,144.3,Forest,Loamy,537.0,Average,4.86,0,6.53,6.66,0
1718,4.39,299.2,31.0,92.4,620.6,3.7,1.3,Forest,Loamy,634.0,Average,3.41,0,7.51,5.52,1
1719,4.93,,24.9,75.9,711.4,5.54,168.6,Urban,Loamy,776.0,Poor,5.65,1,2.12,7.42,1
1720,6.67,379.6,22.5,67.5,238.4,4.53,422.4,Urban,Loamy,329.0,Poor,4.35,3,5.67,1.18,0
1721,7.19,235.0,30.9,72.1,585.7,5.52,233.5,Urban,Clay,829.0,Average,4.62,2,3.83,3.87,0
1722,6.22,155.7,28.2,58.2,389.4,5.71,73.6,Urban,Silty,1315.0,Poor,3.53,1,6.94,5.3,1
1723,2.38,164.0,25.6,68.5,228.5,4.95,150.5,Urban,Silty,114.0,Average,6.15,1,1.44,5.16,0
1724,4.5,234.3,25.0,70.0,469.0,5.37,239.5,Agricultural,Sandy,837.0,Average,4.8,0,5.56,7.81,0
1725,7.14,,23.5,76.3,668.6,3.95,63.5,Agricultural,Clay,262.0,Good,1.82,0,7.35,2.32,1
1726,6.54,94.6,27.3,78.3,276.7,3.79,161.9,Agricultural,Sandy,407.0,Poor,9.09,0,3.99,6.86,0
1727,6.7,87.3,27.8,52.4,398.8,0.0,2.6,Urban,Loamy,146.0,Good,2.62,0,6.39,4.41,0
1728,6.51,150.0,23.1,68.7,457.3,6.02,112.5,Agricultural,Sandy,759.0,Poor,4.44,2,4.14,4.91,1
1729,6.52,160.8,27.5,66.4,246.2,3.9,31.3,Agricultural,Clay,580.0,Average,3.72,2,5.8,5.1,0
1730,9.32,,32.8,59.8,507.8,3.26,4.5,Urban,Loamy,124.0,Average,3.38,1,3.52,3.16,1
1731,9.1,117.9,23.5,80.1,422.7,4.79,110.3,Forest,Sandy,620.0,Average,6.1,2,5.54,2.29,1
1732,2.46,289.7,25.2,69.4,891.0,5.99,305.9,Agricultural,Sandy,456.0,Poor,7.0,1,3.08,4.92,0
1733,1.94,245.7,29.2,73.0,339.0,5.62,97.3,Forest,Clay,787.0,Average,5.81,0,6.51,1.96,0
1734,9.48,139.6,29.6,55.2,484.9,6.18,46.8,Urban,Clay,2217.0,Good,5.97,1,7.45,5.19,1
1735,6.56,244.0,26.9,81.7,569.9,2.34,144.9,Agricultural,Clay,620.0,Average,3.39,0,9.96,1.29,0
1736,3.01,60.6,21.6,86.1,189.8,3.4,93.3,Urban,Silty,596.0,Poor,7.59,2,5.07,3.54,1
1737,5.17,132.7,24.8,74.7,776.9,7.23,52.8,Urban,Sandy,2017.0,Average,0.87,0,7.89,4.87,1
1738,4.41,249.6,24.3,71.0,389.4,2.59,302.3,Urban,Silty,312.0,Poor,6.18,0,2.55,5.73,0
1739,6.11,123.6,25.8,76.0,211.9,5.46,102.7,Urban,Silty,193.0,Average,5.47,1,4.21,8.12,0
1740,6.72,176.6,25.1,67.8,397.3,2.6,55.9,Forest,Loamy,605.0,Average,3.27,2,8.88,5.17,0
1741,1.24,174.2,20.6,88.3,181.5,0.12,124.2,Agricultural,Sandy,632.0,Average,5.28,2,6.7,4.96,0
1742,2.29,269.9,26.1,65.0,340.5,3.19,273.7,Agricultural,Clay,202.0,Poor,4.11,0,3.48,3.52,0
1743,8.59,357.3,28.7,77.8,487.9,4.04,36.5,Agricultural,Loamy,1624.0,Average,4.64,1,2.16,4.17,1
1744,5.72,183.8,22.6,68.3,683.4,7.1,77.5,Urban,Sandy,1190.0,Good,5.0,0,7.24,5.66,0
1745,2.59,101.8,30.4,49.1,511.7,,8.1,Barren,Sandy,376.0,Poor,6.35,0,6.03,4.07,0
1746,3.46,138.4,24.8,60.0,463.1,7.91,61.6,Urban,Clay,845.0,Poor,7.18,1,5.71,6.9,1
1747,2.18,124.9,22.3,68.1,623.2,3.53,66.9,Agricultural,Loamy,1137.0,Average,3.79,1,4.93,6.86,1
1748,4.92,66.8,28.3,68.7,399.5,2.52,275.0,Agricultural,Clay,740.0,Average,6.8,0,2.04,2.77,0
1749,5.68,276.1,25.9,69.4,220.5,3.93,11.1,Agricultural,Sandy,288.0,Good,6.37,1,5.88,7.87,0
1750,2.52,303.2,23.3,80.6,849.7,4.38,41.4,Agricultural,Clay,860.0,Average,,1,2.91,3.35,0
1751,0.08,222.9,27.4,69.5,1201.9,6.24,120.3,Agricultural,Clay,431.0,Poor,5.33,0,5.42,0.98,1
1752,6.34,224.2,34.3,76.2,239.9,3.07,107.4,Barren,Sandy,275.0,Poor,0.0,1,3.78,5.06,1
1753,3.0,182.3,30.8,49.6,402.9,5.76,138.4,Agricultural,Loamy,632.0,Average,6.73,1,4.0,0.54,0
1754,3.93,132.3,28.3,83.0,883.2,6.89,93.9,Agricultural,Loamy,517.0,Average,5.03,2,4.54,3.48,0
1755,2.8,200.2,19.7,66.4,96.2,4.55,2.3,Urban,Sandy,753.0,Poor,8.48,1,5.02,6.75,0
1756,0.0,69.3,27.3,84.4,239.9,4.56,82.6,Barren,Silty,645.0,Good,5.7,1,7.06,5.55,0
1757,4.46,95.0,28.5,75.5,707.0,7.61,3.8,Forest,Loamy,1531.0,Average,6.93,1,5.79,7.3,1
1758,1.25,234.9,27.1,78.5,574.6,4.59,477.8,Barren,Sandy,940.0,Good,3.77,1,6.84,5.25,0
1759,4.31,367.5,24.9,48.8,161.6,4.81,176.7,Agricultural,Sandy,415.0,,7.04,0,8.58,2.97,0
1760,5.48,138.1,20.8,83.1,576.5,4.09,28.1,Agricultural,Clay,260.0,Average,4.55,1,3.89,3.44,0
1761,6.49,236.8,22.7,61.3,421.5,5.24,228.4,Agricultural,Loamy,625.0,Good,5.26,1,4.55,8.3,0
1762,4.36,387.0,27.6,77.2,628.9,6.07,234.1,Forest,Sandy,1206.0,Average,2.68,0,4.97,1.53,0
1763,4.23,138.1,26.1,65.4,607.3,5.71,73.4,Wetland,Silty,144.0,Average,7.56,3,4.31,5.37,0
1764,3.94,250.0,28.7,79.6,598.2,4.63,135.2,Urban,Clay,1205.0,Average,5.27,2,0.68,3.03,0
1765,8.18,149.6,26.7,56.2,286.1,4.77,142.1,Agricultural,Sandy,498.0,Average,4.59,2,9.48,7.02,0
1766,4.07,199.5,28.9,63.1,539.5,4.81,99.4,Urban,Silty,278.0,Good,2.0,0,5.61,4.02,0
1767,7.26,420.8,28.9,67.0,315.4,6.28,118.9,Forest,Clay,860.0,Average,4.15,0,9.56,4.35,1
1768,0.0,84.3,33.3,82.8,165.0,4.35,233.4,Wetland,Clay,1026.0,Average,4.66,1,2.08,5.76,0
1769,3.38,234.4,23.5,75.9,710.5,5.91,49.2,Agricultural,Sandy,694.0,Average,10.0,0,3.98,8.04,0
1770,6.81,107.1,31.3,71.4,169.2,1.4,51.0,Urban,Sandy,1002.0,Average,3.58,0,5.26,7.68,1
1771,7.41,207.0,22.3,67.5,168.5,2.13,115.0,Agricultural,Clay,826.0,Average,2.34,0,4.01,4.05,0
1772,8.68,117.0,31.6,84.6,123.2,7.45,435.4,Agricultural,Clay,869.0,Good,4.06,1,1.24,5.11,0
1773,3.89,96.2,26.7,63.6,217.1,1.21,58.0,Urban,Sandy,519.0,Good,7.68,3,6.12,5.94,0
1774,6.13,72.4,27.6,79.2,579.9,3.49,215.5,Agricultural,Clay,652.0,Poor,6.65,0,8.86,6.29,0
1775,3.93,146.9,29.9,55.2,472.2,1.8,101.2,Forest,Clay,428.0,Poor,4.59,1,5.86,3.19,1
1776,5.41,203.6,26.2,73.4,213.2,2.65,36.0,Wetland,Loamy,96.0,Average,6.7,1,7.06,3.44,0
1777,5.06,355.0,22.7,77.4,686.7,3.78,295.6,Barren,Clay,108.0,Average,4.25,0,9.23,7.94,0
1778,7.26,280.6,22.9,75.5,257.8,7.06,212.3,Barren,Clay,448.0,Average,9.55,2,2.07,1.95,0
1779,8.68,132.0,27.6,79.3,74.4,2.0,102.4,Forest,Loamy,1510.0,Poor,3.51,0,4.35,5.99,1
1780,5.94,278.5,21.8,48.3,356.1,2.33,197.6,Agricultural,Loamy,915.0,Good,0.77,1,6.32,6.83,0
1781,2.74,139.6,25.5,62.8,292.7,8.19,179.5,Wetland,Clay,288.0,Average,3.58,0,5.88,6.1,0
1782,10.0,95.2,33.0,100.0,391.1,6.68,48.8,Agricultural,Loamy,987.0,Poor,4.43,2,0.0,5.68,1
1783,5.49,218.7,24.7,82.4,721.3,3.69,98.4,Barren,Clay,238.0,Good,9.44,1,7.93,5.88,0
1784,6.53,223.2,29.8,65.3,534.4,2.0,364.5,Forest,Silty,950.0,Average,7.45,2,3.37,4.37,0
1785,8.0,61.6,27.4,72.7,286.3,2.28,123.0,Forest,Sandy,1510.0,Average,5.29,3,8.68,5.0,0
1786,7.03,144.5,21.6,83.0,534.3,6.24,46.2,Barren,Clay,24.0,Average,7.99,0,5.46,5.12,1
1787,9.45,,20.9,64.9,776.7,,217.0,Urban,Loamy,615.0,Good,2.06,1,3.94,5.81,1
1788,2.25,175.3,19.8,71.2,774.6,8.06,225.9,Wetland,Clay,1475.0,Good,,2,6.58,1.95,0
1789,2.83,176.2,34.7,70.1,858.1,1.48,91.8,Forest,Clay,667.0,Average,5.69,1,1.68,5.09,0
1790,5.92,89.9,32.0,77.1,409.3,4.75,176.7,Forest,Sandy,249.0,Good,5.18,1,5.9,5.38,0
1791,6.67,260.9,25.0,84.3,142.4,5.55,137.7,Wetland,Clay,408.0,Good,2.39,1,7.49,4.82,1
1792,1.87,209.6,26.0,,564.3,6.06,205.9,Wetland,Silty,515.0,Good,4.44,1,3.05,4.95,0
1793,4.27,270.0,23.0,57.2,293.2,1.21,21.4,Urban,Clay,1203.0,Average,5.14,3,4.31,4.23,1
1794,9.27,221.0,21.8,79.7,456.3,7.86,30.8,Agricultural,Clay,663.0,Average,3.43,2,2.73,4.56,1
1795,1.35,149.7,23.4,76.9,429.2,6.64,163.4,Urban,Sandy,1203.0,Poor,6.67,2,5.77,5.84,1
1796,6.2,131.6,22.2,64.3,284.7,3.14,198.0,Urban,Clay,339.0,Average,3.47,0,6.24,3.63,1
1797,4.57,276.4,23.9,77.9,693.7,7.71,12.2,Forest,Loamy,2209.0,Poor,4.33,1,7.56,3.92,1
1798,6.53,286.9,32.8,,163.6,4.17,253.1,Forest,Sandy,608.0,Good,6.42,0,3.74,4.77,0
1799,5.79,120.2,24.4,50.5,292.6,3.32,148.0,Urban,Sandy,360.0,Poor,7.09,2,7.78,4.73,0
1800,9.76,141.9,27.0,79.3,300.1,6.86,3.0,Forest,Sandy,1190.0,Average,4.33,4,3.89,8.27,1
1801,5.99,162.0,30.6,69.9,129.7,5.68,28.7,Urban,Silty,127.0,Poor,5.69,1,6.09,1.5,1
1802,3.58,232.4,28.1,75.2,430.1,5.37,122.5,Urban,Clay,177.0,Average,9.17,1,8.78,4.76,0
1803,2.54,197.6,24.3,56.9,350.0,3.06,93.1,Urban,Sandy,355.0,Average,9.35,4,6.95,4.28,0
1804,4.6,206.8,24.5,74.6,437.3,1.86,396.3,Urban,Clay,744.0,Average,3.39,3,4.09,3.51,0
1805,5.88,,27.2,99.3,146.1,5.21,32.7,Agricultural,Clay,398.0,Poor,3.76,2,6.26,3.0,1
1806,6.4,127.5,27.2,76.0,190.9,4.84,259.6,Agricultural,Loamy,1398.0,Good,4.72,2,3.26,5.33,0
1807,3.76,127.5,19.6,39.6,383.8,7.31,96.3,Agricultural,Silty,615.0,Poor,6.4,1,2.69,6.64,1
1808,2.58,49.1,26.0,74.3,363.3,5.86,10.4,Urban,Loamy,314.0,Good,3.44,0,7.22,9.17,0
1809,5.31,92.6,16.8,64.2,549.9,6.38,385.2,Urban,Loamy,1400.0,Poor,7.69,2,3.36,4.77,0
1810,2.48,,33.0,76.6,272.2,3.47,293.9,Urban,Sandy,456.0,Average,3.14,0,2.62,7.73,0
1811,3.78,191.2,26.1,61.6,510.2,1.43,59.4,Forest,Silty,755.0,Good,5.35,2,5.21,4.39,0
1812,3.57,124.6,30.1,75.1,587.4,2.21,32.3,Agricultural,Sandy,1045.0,Good,5.61,1,3.84,3.98,0
1813,6.76,84.1,23.1,61.0,204.4,3.65,93.3,Forest,Loamy,1386.0,Average,6.23,2,6.38,8.72,1
1814,2.46,108.5,24.5,76.9,270.5,5.03,45.2,Barren,Loamy,435.0,Poor,4.85,0,2.8,6.61,1
1815,5.35,269.4,27.7,80.4,591.7,5.5,380.0,Forest,Loamy,601.0,Good,1.73,3,7.03,8.95,0
1816,5.83,105.4,21.7,64.1,296.5,4.88,761.9,Wetland,Clay,1050.0,Poor,3.43,0,2.6,4.39,0
1817,5.62,137.3,31.0,75.7,821.1,2.93,229.4,Urban,Loamy,721.0,Good,0.89,0,8.37,6.31,0
1818,8.19,198.0,27.4,62.0,355.0,1.86,31.0,Urban,Loamy,454.0,Average,9.86,0,5.47,3.01,0
1819,7.33,202.1,27.6,55.7,1006.2,6.56,128.9,Forest,Sandy,1174.0,Average,3.78,1,5.19,8.56,1
1820,9.15,141.8,30.6,46.5,473.2,5.23,115.7,Agricultural,Sandy,2260.0,Poor,3.22,0,2.74,4.6,1
1821,7.61,192.3,27.4,58.7,223.3,4.82,696.7,Urban,Clay,488.0,Poor,4.15,2,4.86,2.61,0
1822,2.03,152.6,32.5,50.1,540.2,4.77,885.6,Agricultural,Clay,1187.0,Poor,3.53,2,1.29,6.05,0
1823,0.0,281.0,23.8,69.7,735.4,5.28,34.1,Forest,Sandy,376.0,Poor,8.22,0,2.64,3.41,0
1824,4.8,51.8,29.9,52.2,393.4,4.32,25.6,Agricultural,Loamy,281.0,Poor,3.34,0,0.24,5.86,0
1825,5.03,104.2,28.3,74.8,533.7,3.39,5.8,Forest,Clay,1539.0,Average,7.28,2,4.08,4.8,0
1826,7.92,339.6,16.9,91.2,225.8,8.52,159.6,Agricultural,Sandy,895.0,Average,1.89,0,0.0,8.36,0
1827,6.42,130.9,33.9,81.6,929.9,4.21,130.0,Barren,Loamy,1364.0,Poor,0.95,1,6.74,5.06,1
1828,4.33,48.2,24.5,59.3,296.0,5.17,328.0,Agricultural,Clay,402.0,Good,3.47,1,8.05,5.45,0
1829,8.47,164.1,31.1,63.0,559.6,,63.6,Barren,Loamy,677.0,Average,8.72,3,1.8,5.07,0
1830,4.83,160.4,26.0,65.2,215.0,7.24,57.9,Wetland,Clay,212.0,Average,3.76,2,1.78,3.52,1
1831,2.32,,20.4,77.3,589.7,4.74,546.5,Forest,Sandy,348.0,Good,2.17,1,4.3,5.44,0
1832,6.92,187.8,28.4,82.4,508.7,2.68,60.0,Wetland,Sandy,357.0,Poor,8.83,2,6.1,5.93,1
1833,3.07,158.4,23.8,79.8,170.4,2.48,327.8,Forest,Clay,331.0,Average,6.31,0,7.61,9.41,0
1834,2.57,257.7,28.3,57.2,611.1,,119.4,Forest,Silty,1772.0,Average,10.0,1,6.76,6.1,1
1835,4.22,195.0,23.5,70.4,610.8,5.19,50.3,Agricultural,Clay,455.0,Poor,3.69,0,7.52,5.45,1
1836,3.14,169.8,34.2,81.2,868.6,2.86,8.1,Agricultural,Loamy,253.0,Poor,6.97,0,6.24,2.29,0
1837,10.0,93.1,26.3,49.6,378.0,3.14,28.7,Urban,Sandy,2328.0,Poor,5.89,1,5.18,5.73,1
1838,8.56,168.4,30.7,85.0,310.1,0.0,58.2,Agricultural,Loamy,356.0,Average,4.07,0,4.58,6.45,0
1839,2.24,107.6,26.7,55.2,284.9,,347.8,Urban,Loamy,753.0,Average,2.07,1,6.79,7.04,0
1840,4.08,85.6,27.3,56.1,295.1,3.61,96.5,Agricultural,Sandy,900.0,Average,6.23,0,6.45,4.83,0
1841,7.38,75.8,23.6,68.9,1050.3,4.86,244.7,Agricultural,Clay,1009.0,Average,10.0,2,3.26,2.95,0
1842,4.02,88.7,26.3,81.9,364.3,3.79,165.6,Forest,Loamy,741.0,Poor,0.0,0,4.96,5.44,0
1843,3.46,140.0,26.1,63.7,734.6,5.49,171.9,Agricultural,Silty,454.0,Good,0.0,0,5.04,3.09,0
1844,1.7,75.7,31.2,82.0,406.9,3.16,238.2,Wetland,Loamy,2120.0,Poor,2.92,1,3.67,5.66,0
1845,0.69,111.8,34.6,69.1,650.7,,8.8,Agricultural,Sandy,593.0,Poor,3.44,2,6.35,7.54,1
1846,2.09,183.0,23.9,61.4,779.2,2.75,87.2,Forest,Silty,1077.0,Poor,6.23,0,0.0,2.28,0
1847,4.35,69.6,25.3,74.1,701.5,5.62,38.3,Barren,Clay,479.0,Average,3.9,1,4.16,0.3,1
1848,6.14,81.7,28.2,62.9,707.7,4.84,529.4,Agricultural,Clay,631.0,Poor,7.9,2,3.26,5.7,0
1849,4.15,86.0,25.9,55.4,217.3,4.73,134.8,Urban,Loamy,1435.0,Good,6.34,0,3.61,2.9,0
1850,6.7,69.3,26.1,55.8,457.6,3.42,184.7,Urban,Clay,1789.0,Good,0.0,1,6.06,7.84,1
1851,4.8,97.9,25.4,76.3,722.8,3.35,371.3,Urban,Sandy,1398.0,Good,4.89,3,5.23,4.28,0
1852,2.51,142.8,32.7,69.8,228.4,6.54,89.2,Agricultural,Clay,802.0,Good,4.55,1,7.48,8.78,0
1853,5.46,52.0,28.8,66.3,440.7,6.21,95.1,Urban,Sandy,1347.0,Good,2.52,0,6.13,4.08,0
1854,2.34,154.2,18.3,64.3,296.8,4.08,277.3,Agricultural,Clay,321.0,Poor,2.12,0,8.31,0.97,0
1855,5.68,,25.5,77.0,93.6,,5.0,Urban,Silty,392.0,Good,4.4,1,3.79,8.08,1
1856,4.06,109.8,23.5,78.3,313.6,5.56,5.6,Barren,Silty,959.0,Average,3.94,1,5.87,3.93,1
1857,3.93,146.3,25.8,58.2,607.0,5.55,99.4,Urban,Loamy,1280.0,Good,5.69,2,3.14,3.76,0
1858,5.81,216.4,33.4,76.6,396.5,4.21,19.7,Wetland,Silty,596.0,Poor,7.38,1,3.43,5.11,1
1859,0.71,58.4,28.4,76.8,202.6,4.14,152.7,Barren,Sandy,397.0,Average,2.53,2,5.95,6.01,0
1860,7.65,173.0,21.4,71.8,98.3,3.46,193.1,Wetland,Silty,2256.0,Good,0.81,1,1.91,7.98,1
1861,4.23,108.9,20.9,69.2,412.6,5.67,49.1,Urban,Clay,1000.0,Good,4.55,0,1.47,6.51,1
1862,5.16,352.9,25.1,92.6,588.4,4.68,509.9,Urban,Loamy,242.0,Average,8.6,0,8.54,4.23,0
1863,3.51,239.0,19.3,85.9,292.4,4.6,68.7,Urban,Clay,309.0,Average,5.39,0,5.11,2.04,0
1864,7.09,282.1,27.2,55.7,211.0,5.9,8.9,Agricultural,Clay,727.0,Good,1.93,0,1.34,5.58,0
1865,6.28,119.8,28.4,82.8,373.5,6.28,4.7,Urban,Clay,85.0,Poor,1.91,0,2.4,5.03,1
1866,3.03,124.0,34.9,64.5,760.9,3.48,60.5,Wetland,Clay,829.0,Average,2.76,3,4.22,2.67,1
1867,5.61,181.3,24.7,66.7,268.2,6.35,110.6,Forest,Loamy,1597.0,Average,3.55,1,8.82,1.88,1
1868,7.54,285.0,27.3,54.8,130.5,2.97,161.2,Urban,Loamy,1423.0,Good,2.15,0,4.26,5.08,0
1869,3.8,106.2,27.5,74.2,440.2,4.46,574.7,Urban,Silty,1079.0,Average,3.6,0,4.72,3.77,0
1870,6.19,,28.8,64.9,584.3,4.1,62.1,Urban,Clay,923.0,Average,4.49,1,5.76,5.1,1
1871,2.33,70.2,28.1,90.3,121.5,4.61,73.1,Urban,Loamy,791.0,Average,6.95,1,4.97,7.2,0
1872,3.13,146.2,28.3,57.5,102.6,5.18,240.7,Urban,Sandy,354.0,Good,3.54,2,3.89,5.26,0
1873,4.76,90.5,23.7,71.4,376.0,2.55,27.9,Urban,Clay,1421.0,Poor,8.34,0,0.0,4.57,0
1874,9.55,63.1,27.3,76.4,169.8,3.43,234.8,Urban,Clay,1620.0,Average,7.78,0,6.6,4.45,0
1875,2.82,252.3,22.4,72.5,505.9,4.17,43.8,Urban,Sandy,896.0,Poor,9.22,1,5.95,4.03,0
1876,1.49,128.7,32.6,49.6,295.7,6.14,68.9,Urban,Silty,636.0,Poor,6.3,0,3.43,4.35,0
1877,5.71,149.7,24.9,57.4,225.8,5.37,115.2,Forest,Clay,1325.0,Poor,3.88,1,3.3,3.97,0
1878,6.95,127.7,31.5,90.2,291.8,4.83,305.9,Wetland,Clay,1017.0,Average,7.59,1,6.01,5.86,0
1879,1.63,157.7,25.9,58.5,151.3,2.49,112.6,Wetland,Clay,445.0,Average,5.21,1,1.61,4.23,0
1880,5.88,129.1,27.5,,193.3,5.95,15.0,Urban,Clay,566.0,Average,6.63,1,3.39,7.33,0
1881,2.22,291.8,29.2,68.5,357.4,5.55,150.2,Barren,Loamy,1667.0,Poor,5.81,0,4.29,7.41,0
1882,3.88,141.3,28.8,70.9,528.1,2.76,83.2,Urban,Loamy,498.0,Poor,4.58,1,4.33,4.57,1
1883,4.57,116.1,34.8,62.6,290.4,7.98,595.8,Barren,Loamy,353.0,Good,1.1,2,3.89,7.89,0
1884,5.71,251.9,21.8,,620.6,3.9,159.1,Forest,Sandy,209.0,Average,9.15,2,6.04,3.96,0
1885,4.93,183.9,28.8,68.0,383.1,3.37,411.0,Agricultural,Clay,1913.0,Poor,10.0,1,1.8,3.32,0
1886,3.5,195.5,25.4,80.1,149.6,3.94,155.5,Forest,Sandy,1039.0,Average,2.59,1,0.71,5.51,0
1887,4.49,138.0,24.7,51.9,178.9,0.37,1.9,Forest,Sandy,420.0,Good,7.03,1,3.7,3.95,0
1888,1.75,83.7,34.1,46.0,239.5,,43.6,Agricultural,Loamy,1644.0,Average,7.06,3,2.73,2.84,1
1889,5.74,121.2,21.5,64.9,227.1,5.59,392.3,Urban,Sandy,1098.0,Average,8.82,1,5.78,1.13,0
1890,0.22,83.1,24.6,75.7,551.3,5.07,12.9,Urban,Clay,391.0,Good,5.59,0,2.77,0.94,0
1891,5.8,92.6,25.0,67.9,326.5,1.27,39.2,Agricultural,Loamy,328.0,Poor,9.31,1,4.44,6.03,0
1892,3.37,191.0,19.9,56.8,378.2,5.78,45.5,Agricultural,Sandy,925.0,Average,0.0,0,5.72,0.0,0
1893,4.3,94.7,25.0,72.4,252.1,2.2,43.8,Agricultural,Silty,1506.0,Average,2.39,1,5.24,4.56,0
1894,2.28,86.2,27.4,85.4,287.6,6.23,77.0,Urban,Silty,1269.0,Average,5.72,2,5.35,5.03,0
1895,6.47,149.9,25.9,56.4,209.0,5.08,101.5,Wetland,Loamy,1241.0,Average,4.94,2,1.76,0.32,1
1896,1.75,56.2,26.0,91.8,361.0,8.42,241.0,Forest,Sandy,1117.0,Poor,3.26,0,4.85,5.06,0
1897,2.16,163.0,22.3,55.2,598.5,7.34,6.3,Wetland,Loamy,419.0,Poor,4.32,2,0.96,4.98,1
1898,4.35,188.4,30.8,61.9,216.5,7.63,82.7,Agricultural,Silty,689.0,Average,8.06,4,5.87,3.79,1
1899,3.98,133.1,26.6,76.6,269.6,2.48,76.5,Agricultural,Clay,279.0,Good,8.88,1,9.74,0.94,0
1900,5.19,214.5,23.3,60.4,331.2,4.17,51.9,Urban,Silty,1531.0,Average,4.49,0,4.59,6.8,1
1901,3.45,252.0,24.1,65.7,404.9,2.16,29.3,Urban,Sandy,1026.0,Poor,1.74,2,6.13,5.64,1
1902,8.54,229.2,22.9,71.4,606.5,1.2,305.2,Agricultural,Sandy,148.0,Good,4.66,0,6.88,7.25,0
1903,0.0,140.7,32.3,77.5,124.0,6.12,348.1,Agricultural,Loamy,1101.0,Poor,5.84,1,3.31,7.12,0
1904,8.22,212.6,28.7,79.2,549.3,2.49,13.0,Agricultural,Clay,516.0,Average,6.6,2,7.71,3.41,1
1905,8.06,263.9,34.0,72.2,503.9,4.5,5.4,Forest,Loamy,1349.0,Average,7.73,2,6.23,6.9,1
1906,8.37,143.5,26.7,49.3,455.3,3.3,112.5,Urban,Clay,400.0,Poor,5.76,1,0.86,3.13,1
1907,2.0,87.9,21.5,62.8,1068.0,,129.5,Forest,Sandy,1984.0,Poor,0.33,0,5.14,5.85,1
1908,5.1,,22.1,68.4,506.2,4.69,272.0,Agricultural,Sandy,2474.0,Average,8.27,2,4.39,2.94,0
1909,8.2,117.8,23.4,67.0,729.7,1.71,512.9,Forest,Loamy,1290.0,Poor,3.96,2,7.15,7.88,0
1910,7.11,192.9,22.4,72.2,232.3,6.82,130.5,Urban,Clay,1694.0,Poor,5.01,1,3.44,4.82,1
1911,6.29,120.0,26.0,66.3,410.1,5.09,122.2,Barren,Silty,34.0,Average,4.28,1,7.45,6.99,0
1912,6.06,83.1,31.0,46.9,342.0,9.26,92.0,Barren,Silty,970.0,Good,9.39,1,3.97,4.32,1
1913,3.82,30.1,29.1,86.8,235.7,4.77,296.2,Urban,Loamy,1001.0,Average,3.81,0,7.67,5.53,0
1914,4.22,180.9,24.3,76.1,372.3,,71.7,Wetland,Loamy,292.0,Good,5.2,1,4.34,5.64,0
1915,6.54,101.7,26.6,69.9,370.0,4.3,25.1,Agricultural,Sandy,329.0,Poor,5.78,0,3.42,1.51,1
1916,7.3,109.5,24.5,75.4,949.3,3.1,151.3,Forest,Clay,388.0,Good,3.05,3,6.88,2.67,0
1917,4.47,90.2,30.7,64.8,519.4,3.59,73.0,Urban,Clay,333.0,Poor,0.0,1,5.71,5.57,1
1918,4.15,155.1,26.5,63.2,302.4,5.12,27.8,Urban,Sandy,335.0,Average,4.69,3,4.68,2.58,0
1919,2.36,102.8,22.1,83.1,451.0,6.17,118.1,Agricultural,Silty,913.0,Average,2.48,3,3.57,7.23,1
1920,0.87,128.7,31.7,51.2,547.4,5.06,182.4,Forest,Loamy,1116.0,Average,5.96,0,2.75,4.53,0
1921,3.98,50.0,29.7,63.7,500.9,7.18,169.7,Barren,Sandy,1678.0,Poor,5.4,0,5.95,7.39,1
1922,5.87,213.3,28.8,94.3,1224.8,4.74,145.0,Agricultural,Loamy,860.0,Good,4.85,0,5.07,1.03,0
1923,10.0,97.7,22.8,78.9,280.6,3.92,100.1,Agricultural,Loamy,1261.0,Good,3.4,0,7.67,1.37,1
1924,0.0,128.5,28.0,72.8,538.3,4.71,144.3,Forest,Loamy,650.0,Average,5.03,3,7.73,7.53,1
1925,0.0,170.0,28.7,75.8,367.4,3.95,113.4,Forest,Silty,923.0,Average,4.4,2,2.05,4.28,0
1926,3.91,89.5,33.6,53.9,167.8,4.69,357.3,Agricultural,Loamy,364.0,Poor,0.0,1,4.21,7.45,1
1927,7.85,,28.0,53.4,382.4,3.74,4.6,Barren,Clay,688.0,Average,0.91,3,5.49,2.37,1
1928,2.27,63.6,26.8,77.4,489.2,6.9,271.9,Agricultural,Silty,2326.0,Poor,1.95,2,7.65,8.93,1
1929,6.25,154.3,28.7,65.5,842.4,2.55,189.2,Urban,Loamy,996.0,Average,6.03,0,1.06,5.28,0
1930,6.72,126.2,26.5,71.1,234.0,5.58,514.6,Agricultural,Sandy,922.0,Average,5.72,0,9.44,5.58,0
1931,6.19,162.1,29.2,70.6,646.4,2.4,184.3,Agricultural,Clay,722.0,Good,6.2,0,3.03,4.96,0
1932,4.14,352.9,29.1,70.0,387.6,7.22,15.4,Urban,Loamy,620.0,Good,,2,5.49,1.88,1
1933,6.58,119.1,32.4,77.8,432.1,3.02,35.4,Wetland,Loamy,77.0,Average,3.53,2,4.77,5.72,0
1934,6.37,169.6,28.4,69.7,767.3,2.12,139.9,Barren,Loamy,981.0,Poor,6.51,3,1.0,5.84,0
1935,3.39,203.9,33.4,71.9,347.4,0.0,19.6,Wetland,Loamy,371.0,Good,5.24,2,6.29,6.41,0
1936,8.19,135.5,32.9,84.1,605.1,3.63,323.4,Urban,Silty,507.0,Poor,0.0,1,3.57,7.54,1
1937,5.71,125.6,22.9,64.6,383.4,6.25,75.7,Urban,Loamy,905.0,Average,6.7,1,1.02,5.21,1
1938,3.94,82.6,26.5,77.0,307.9,7.18,217.5,Agricultural,Clay,1506.0,Good,10.0,2,4.47,0.83,0
1939,8.09,230.5,26.3,62.3,430.8,3.06,3.4,Agricultural,Loamy,292.0,Average,5.59,3,6.7,4.78,1
1940,4.77,358.5,26.9,55.2,1060.4,4.27,263.8,Urban,Loamy,891.0,Poor,2.52,0,4.26,4.73,1
1941,4.87,169.3,31.3,68.2,522.1,5.13,0.5,Urban,Silty,889.0,Average,6.26,2,0.72,3.95,1
1942,9.38,102.3,16.3,,421.8,3.61,136.5,Urban,Silty,828.0,Average,1.08,1,3.26,3.19,1
1943,8.92,156.3,29.2,77.6,453.7,6.25,45.1,Wetland,Sandy,370.0,Poor,4.08,0,5.32,2.75,1
1944,5.46,207.4,27.1,80.7,363.7,4.53,338.6,Forest,Clay,292.0,Average,5.95,2,8.55,4.24,0
1945,0.67,92.8,22.4,,257.0,7.99,554.8,Urban,Loamy,340.0,Good,6.47,1,3.62,5.37,0
1946,2.48,204.7,27.2,58.9,548.0,7.55,308.8,Urban,Sandy,551.0,Poor,6.22,2,2.15,5.37,1
1947,6.11,176.4,30.9,73.5,856.2,2.55,397.7,Agricultural,Silty,1068.0,Good,3.41,2,6.05,6.85,0
1948,5.23,84.6,25.0,75.1,496.9,4.58,240.4,Forest,Sandy,1160.0,Poor,6.53,2,3.89,0.83,0
1949,5.06,82.1,23.1,76.9,220.6,5.43,81.5,Forest,Sandy,530.0,Good,5.7,4,7.3,1.61,0
1950,3.74,348.0,30.7,88.8,330.7,5.14,70.3,Agricultural,Clay,2279.0,Good,4.57,2,6.58,7.16,0
1951,6.47,,26.1,78.1,718.7,9.8,53.1,Urban,Loamy,1668.0,Poor,9.43,1,4.44,3.01,1
1952,3.41,114.0,28.4,77.0,376.8,8.13,198.2,Agricultural,Clay,1173.0,Average,2.53,1,3.03,4.19,1
1953,4.79,157.2,21.6,88.9,521.4,,306.6,Agricultural,Sandy,456.0,Average,6.94,1,7.25,0.0,0
1954,4.39,157.3,26.7,69.4,111.2,4.08,61.0,Wetland,Sandy,160.0,Good,0.0,2,8.05,1.73,0
1955,9.69,266.9,27.1,46.2,633.8,3.11,152.7,Urban,Loamy,853.0,Average,5.44,1,5.52,4.75,1
1956,7.33,228.3,22.4,50.8,1027.9,6.13,21.0,Urban,Clay,1669.0,Good,4.15,1,3.82,4.03,1
1957,5.2,48.5,21.3,,260.0,3.52,61.2,Agricultural,Silty,97.0,Good,8.11,2,0.6,5.21,0
1958,2.71,193.1,24.9,85.9,793.5,6.19,370.2,Urban,Sandy,352.0,Poor,1.07,0,6.11,7.81,0
1959,5.64,126.2,25.7,78.0,797.3,5.31,24.2,Wetland,Sandy,1043.0,Average,4.67,2,4.73,6.14,1
1960,7.97,133.0,26.8,71.2,124.7,4.97,124.8,Urban,Sandy,626.0,Poor,5.49,0,6.96,3.28,0
1961,2.19,167.5,26.4,72.0,343.4,8.42,39.2,Urban,Clay,90.0,Average,9.71,1,3.75,4.5,0
1962,7.36,66.2,27.6,77.4,839.3,1.57,89.1,Forest,Sandy,789.0,Poor,5.4,1,5.65,6.71,1
1963,8.69,106.3,26.2,66.1,198.0,6.08,15.6,Forest,Loamy,1006.0,Poor,3.81,2,4.78,7.8,1
1964,3.95,104.9,30.7,82.8,89.8,1.09,3.2,Wetland,Loamy,75.0,Average,3.62,0,0.85,3.88,0
1965,8.52,155.6,24.3,63.9,242.0,6.86,12.3,Agricultural,Loamy,535.0,Average,2.72,0,5.53,5.22,1
1966,5.65,60.1,23.8,77.0,319.6,6.8,7.5,Barren,Loamy,745.0,Average,9.16,0,3.48,3.0,0
1967,3.68,110.7,20.6,78.2,250.1,5.05,25.4,Agricultural,Clay,601.0,Good,1.38,2,1.26,5.07,0
1968,0.68,103.5,33.8,81.1,206.4,7.9,70.9,Wetland,Clay,1939.0,Average,1.02,1,5.43,3.66,0
1969,6.49,90.4,24.1,85.8,96.9,8.22,125.3,Agricultural,Clay,1156.0,Poor,5.5,3,5.76,7.92,1
1970,3.7,95.2,24.5,67.8,431.7,6.06,184.7,Agricultural,Clay,1254.0,Average,8.35,2,4.59,7.1,1
1971,7.77,146.3,29.6,64.1,395.6,4.25,100.5,Wetland,Clay,380.0,Good,0.49,1,8.14,6.77,1
1972,4.8,301.3,28.2,63.6,194.6,5.67,114.6,Barren,Sandy,965.0,Average,7.18,3,3.0,5.04,1
1973,7.85,97.6,36.0,69.8,98.7,2.43,133.1,Urban,Sandy,570.0,Good,4.41,0,4.54,8.32,0
1974,8.81,98.4,27.5,77.7,642.8,3.05,68.2,Barren,Clay,559.0,Good,4.81,1,10.0,4.7,0
1975,5.38,72.7,32.3,66.0,702.2,4.38,238.5,Forest,Silty,980.0,Average,5.18,1,3.13,1.25,0
1976,4.62,120.6,25.3,83.4,299.5,0.0,113.8,Forest,Silty,1018.0,Good,7.39,0,3.59,2.05,0
1977,6.92,124.9,24.6,50.4,447.1,7.54,13.6,Wetland,Loamy,599.0,Average,2.46,2,4.37,4.2,1
1978,5.48,140.7,27.4,78.1,263.7,6.31,193.7,Barren,Clay,1055.0,Average,8.38,0,8.57,7.3,0
1979,2.69,,22.2,78.3,363.4,3.94,47.6,Agricultural,Loamy,258.0,Average,4.68,2,2.89,5.04,0
1980,1.96,122.2,28.1,70.0,265.2,3.97,528.3,Urban,Sandy,1633.0,Good,3.54,0,5.8,3.34,0
1981,8.68,215.0,30.8,72.3,350.5,7.88,38.1,Agricultural,Loamy,1054.0,Poor,6.13,3,6.3,6.84,1
1982,3.07,183.9,24.5,60.3,431.1,2.12,110.8,Wetland,Sandy,841.0,Good,3.17,1,5.16,5.88,0
1983,2.01,141.2,31.4,75.2,252.8,0.5,5.9,Urban,Clay,1248.0,Poor,8.43,0,4.37,7.17,0
1984,4.93,94.9,30.6,83.7,296.1,5.96,10.5,Barren,Silty,1645.0,Average,3.26,3,7.46,3.01,1
1985,4.58,228.4,24.9,55.2,414.7,9.42,93.0,Forest,Loamy,178.0,Poor,1.76,0,8.62,7.2,1
1986,4.49,213.3,24.6,55.3,919.3,4.14,484.4,Urban,Sandy,525.0,Poor,5.19,0,6.49,4.77,0
1987,0.0,157.3,26.2,50.2,342.5,4.9,570.9,Wetland,Loamy,281.0,Good,4.03,1,6.07,5.68,0
1988,3.22,207.3,28.0,79.5,127.3,8.55,27.5,Forest,Loamy,739.0,Average,4.62,1,5.42,6.24,0
1989,2.47,106.1,23.0,74.4,368.8,2.72,42.3,Agricultural,Clay,813.0,Average,2.7,0,6.0,1.36,0
1990,4.4,210.5,28.1,70.1,277.9,6.01,201.6,Agricultural,Silty,1785.0,Average,1.03,0,6.22,6.28,0
1991,5.41,128.5,27.2,78.9,487.4,3.12,120.1,Wetland,Sandy,876.0,Poor,4.81,1,5.83,6.63,0
1992,9.35,115.4,21.2,57.6,87.6,2.44,36.6,Barren,Sandy,1367.0,Average,5.36,2,7.23,4.34,1
1993,7.1,146.2,23.9,89.5,501.6,4.72,123.4,Forest,Sandy,1539.0,Good,4.27,0,6.12,4.42,0
1994,2.57,50.2,24.2,58.5,278.7,5.13,97.4,Forest,Clay,972.0,Average,4.7,0,4.17,8.35,0
1995,7.43,215.6,26.5,73.1,200.3,6.05,96.5,Wetland,Loamy,940.0,Good,,1,7.01,4.07,0
1996,6.09,114.4,24.5,63.2,231.3,,135.6,Urban,Silty,680.0,Poor,8.49,0,4.3,3.33,0
1997,4.02,206.2,22.2,59.2,421.0,5.54,137.4,Barren,Loamy,1033.0,Average,2.9,0,6.15,1.95,0
1998,0.95,49.8,27.5,64.8,1496.6,3.71,2.8,Agricultural,Silty,2488.0,Good,6.85,1,4.07,6.02,0
1999,2.63,240.3,32.7,64.8,442.8,1.92,224.9,Urban,Clay,1565.0,Good,6.93,1,0.39,7.61,0
2000,5.4,117.7,25.8,71.8,278.5,1.7,205.5,Forest,Clay,348.0,Poor,6.0,0,1.59,4.16,0
2001,6.13,308.1,27.5,48.6,312.6,,77.1,Urban,Loamy,159.0,Good,4.4,1,7.04,3.77,1
2002,2.09,124.3,26.4,72.4,454.1,4.91,66.2,Barren,Sandy,780.0,Good,3.65,2,3.2,6.06,0
2003,4.51,39.5,28.4,63.4,430.9,4.14,370.9,Urban,Loamy,392.0,Poor,4.68,4,0.0,5.64,1
2004,8.22,218.9,28.8,60.9,191.2,3.63,135.8,Urban,Loamy,488.0,Average,7.18,0,7.82,2.76,0
2005,5.01,76.8,19.3,88.8,674.7,4.94,72.8,Agricultural,Sandy,479.0,Average,6.98,0,4.66,5.0,0
2006,3.98,137.3,24.6,79.4,400.8,3.25,128.1,Urban,Loamy,196.0,Poor,4.59,0,6.45,3.88,0
2007,7.7,200.9,29.0,76.4,533.8,6.06,128.1,Agricultural,Clay,898.0,Average,0.86,2,6.56,5.52,1
2008,7.29,142.8,25.4,73.3,493.8,2.31,88.2,Agricultural,Sandy,1237.0,Poor,8.46,1,5.21,4.64,0
2009,3.58,180.3,22.0,69.9,421.8,3.65,5.8,Urban,Loamy,930.0,Good,5.72,0,9.96,6.42,0
2010,4.44,211.6,25.5,60.2,542.7,0.0,89.4,Urban,Loamy,155.0,Poor,3.97,0,2.85,8.83,0
2011,8.33,135.5,27.2,76.1,367.6,9.87,21.4,Forest,Loamy,90.0,Average,1.92,1,4.78,6.73,1
2012,4.69,163.4,30.9,59.7,457.8,6.63,171.9,Urban,Clay,1191.0,Poor,1.92,0,5.59,3.62,1
2013,5.01,118.2,28.9,92.7,311.9,3.39,15.6,Forest,Sandy,659.0,Average,3.2,2,4.1,6.84,0
2014,5.75,68.4,28.0,79.4,198.2,7.2,190.6,Agricultural,Loamy,985.0,Average,4.35,0,3.67,5.09,1
2015,4.49,260.9,29.0,72.2,149.4,4.98,126.1,Urban,Silty,334.0,Good,8.81,2,3.57,5.0,0
2016,3.51,70.2,21.4,60.0,156.7,6.18,358.6,Agricultural,Sandy,1817.0,Good,1.99,0,5.98,6.68,0
2017,5.5,51.4,28.0,59.3,343.3,4.58,7.4,Agricultural,Silty,602.0,Poor,2.36,2,8.2,4.33,1
2018,7.79,111.3,33.4,79.3,220.0,7.15,23.5,Urban,Loamy,1226.0,Average,9.61,3,8.63,7.1,1
2019,6.13,127.7,30.2,83.0,1192.9,5.87,96.7,Barren,Loamy,625.0,Poor,7.4,2,3.71,1.38,1
2020,3.9,154.1,32.5,74.1,279.0,3.88,26.9,Forest,Clay,1954.0,Good,0.09,2,6.67,7.68,1
2021,7.87,124.7,27.8,90.1,225.4,5.8,95.4,Barren,Clay,133.0,Poor,0.39,1,10.0,6.99,1
2022,1.71,80.1,21.7,72.8,603.1,3.27,38.1,Forest,Clay,1265.0,Poor,2.98,1,2.99,5.42,0
2023,4.61,101.8,28.2,83.0,217.8,7.34,41.1,Forest,Loamy,521.0,Average,5.14,2,5.04,6.52,1
2024,6.64,157.6,27.3,99.1,237.6,4.28,75.0,Agricultural,Sandy,389.0,Average,4.81,1,6.48,5.04,0
2025,5.55,105.3,30.0,68.9,614.1,6.32,70.6,Urban,Clay,571.0,Good,7.75,0,6.59,5.33,1
2026,6.07,272.5,22.5,71.5,507.6,4.02,440.5,Urban,Sandy,1258.0,Poor,3.67,1,2.64,6.97,0
2027,5.15,388.2,23.1,77.5,387.5,6.84,655.5,Urban,Silty,286.0,Poor,5.18,0,5.41,3.04,0
2028,8.06,69.2,32.4,49.1,405.2,3.8,46.6,Urban,Loamy,236.0,Poor,2.36,0,2.07,5.23,1
2029,4.18,150.0,23.1,63.7,190.7,3.87,29.3,Urban,Loamy,1022.0,Good,2.64,2,8.0,3.43,1
2030,5.11,320.8,21.4,94.9,318.7,0.0,29.6,Agricultural,Clay,158.0,Poor,3.66,1,6.56,4.04,1
2031,7.68,108.4,32.4,81.8,479.1,2.43,53.7,Agricultural,Clay,1096.0,Average,0.83,1,2.77,9.64,1
2032,4.52,187.7,28.2,77.8,570.1,5.0,15.9,Barren,Clay,1233.0,Good,2.62,1,5.28,3.8,1
2033,7.58,98.3,27.6,46.0,168.5,2.53,19.5,Urban,Loamy,780.0,Poor,7.93,2,5.75,4.77,0
2034,4.01,341.6,25.0,48.4,110.5,7.44,141.1,Barren,Sandy,584.0,Good,1.21,1,5.8,6.62,0
2035,4.95,150.0,32.2,74.6,53.8,6.1,389.6,Barren,Loamy,1164.0,Average,6.34,2,9.45,5.75,0
2036,3.7,92.5,26.6,56.0,239.2,8.73,55.0,Urban,Sandy,232.0,Poor,3.7,1,3.26,3.75,1
2037,7.15,188.4,31.0,77.3,192.2,4.37,35.6,Agricultural,Clay,295.0,Average,,1,5.55,5.79,1
2038,4.41,91.1,24.2,57.6,928.1,3.72,259.7,Urban,Clay,255.0,Average,,0,10.0,2.9,0
2039,9.75,196.2,24.9,59.6,706.6,3.09,51.0,Wetland,Clay,210.0,Poor,2.72,1,0.29,6.72,1
2040,6.12,115.9,25.8,56.7,232.1,5.36,209.6,Agricultural,Silty,836.0,Good,5.15,0,7.08,6.99,0
2041,3.53,110.1,30.6,75.9,397.4,2.58,130.4,Agricultural,Clay,389.0,Good,2.36,2,5.94,3.84,0
2042,5.33,,25.0,81.5,149.8,3.68,344.5,Urban,Clay,447.0,Poor,5.12,0,4.69,3.84,0
2043,6.2,157.2,24.5,62.3,317.5,3.75,34.5,Urban,Loamy,417.0,Good,5.95,1,8.31,4.15,0
2044,5.68,57.0,26.1,65.2,487.3,6.19,259.2,Agricultural,Silty,188.0,Average,3.78,0,7.95,4.37,0
2045,6.15,137.2,28.8,82.7,111.8,2.53,14.6,Agricultural,Clay,475.0,Average,4.85,1,6.75,3.34,1
2046,3.06,188.3,28.1,67.7,373.4,3.33,312.5,Agricultural,Clay,157.0,Poor,5.46,3,5.32,6.85,0
2047,6.2,205.7,24.9,56.3,170.0,4.87,66.7,Wetland,Clay,585.0,Average,7.05,0,9.29,5.55,0
2048,6.53,237.9,31.1,73.0,650.3,7.57,157.3,Urban,Loamy,922.0,Good,4.85,0,7.97,2.04,1
2049,3.98,165.9,22.1,84.8,527.2,3.73,77.1,Barren,Clay,311.0,Poor,3.48,2,6.04,5.11,1
2050,7.63,284.2,20.5,59.2,295.3,4.86,247.6,Urban,Loamy,1168.0,Average,4.52,2,3.18,7.56,1
2051,2.97,109.5,32.5,72.0,695.4,1.26,167.3,Wetland,Loamy,1867.0,Good,6.37,3,4.28,3.29,0
2052,3.76,95.7,28.3,82.8,268.5,4.52,33.5,Forest,Loamy,973.0,Average,6.69,0,6.52,6.19,0
2053,0.0,104.6,28.0,62.7,342.6,5.59,11.5,Agricultural,Clay,617.0,Poor,6.81,1,9.38,0.42,0
2054,7.71,239.2,26.9,52.9,560.7,8.21,34.0,Agricultural,Clay,201.0,Average,3.81,3,6.01,7.72,1
2055,4.4,269.8,26.8,60.2,138.3,8.33,188.0,Agricultural,Silty,1522.0,Poor,1.75,1,1.3,3.86,1
2056,8.4,114.5,19.0,76.4,860.4,5.08,463.9,Forest,Loamy,688.0,Poor,2.29,4,5.61,8.06,1
2057,3.19,93.0,20.8,66.8,319.5,2.65,201.9,Urban,Sandy,546.0,Poor,10.0,1,4.7,2.95,0
2058,4.59,229.4,23.8,59.9,359.3,3.48,292.1,Agricultural,Clay,850.0,Average,3.52,0,2.8,1.7,0
2059,9.53,82.6,30.2,48.8,534.0,6.25,304.0,Agricultural,Loamy,221.0,Poor,4.64,1,0.81,5.16,1
2060,5.27,195.0,27.9,84.6,212.5,6.03,59.0,Agricultural,Loamy,1163.0,Average,9.61,1,2.64,3.98,0
2061,9.43,58.7,30.1,72.3,167.4,1.74,60.1,Agricultural,Loamy,868.0,Poor,5.34,0,5.93,3.52,0
2062,4.5,93.1,27.8,43.4,523.4,2.28,30.1,Agricultural,Silty,723.0,Average,6.18,0,8.5,6.54,0
2063,1.54,104.8,24.8,80.3,437.4,4.71,137.9,Forest,Clay,357.0,Average,8.31,0,5.33,4.71,0
2064,2.6,38.5,26.0,62.5,815.4,4.2,116.8,Barren,Silty,217.0,Average,5.28,2,6.33,5.84,0
2065,6.04,126.3,25.7,81.5,147.0,3.02,163.1,Forest,Sandy,1362.0,Good,6.13,1,4.45,6.24,0
2066,8.37,193.0,24.3,66.4,869.9,1.12,7.2,Agricultural,Loamy,1801.0,Average,10.0,1,2.5,6.17,0
2067,3.88,,24.4,72.2,377.6,7.87,274.1,Agricultural,Sandy,430.0,Poor,4.16,1,4.97,7.17,1
2068,8.58,214.2,31.8,60.9,190.7,9.87,72.3,Agricultural,Loamy,227.0,Average,5.42,1,1.66,3.18,1
2069,6.5,171.3,27.8,72.4,48.3,5.31,494.8,Forest,Sandy,1648.0,Poor,2.15,1,2.71,10.0,1
2070,4.51,126.3,31.5,80.5,513.7,6.07,149.2,Wetland,Sandy,977.0,Average,3.01,2,6.32,7.28,1
2071,3.26,202.6,24.4,84.9,369.3,2.41,19.2,Agricultural,Loamy,346.0,Average,6.21,2,6.08,6.11,0
2072,4.2,85.4,30.0,72.9,469.6,7.28,171.9,Agricultural,Clay,807.0,Average,8.93,2,3.85,2.81,0
2073,0.96,252.8,31.6,87.9,405.5,4.61,178.8,Forest,Loamy,1110.0,Average,3.92,2,4.87,7.03,0
2074,3.11,174.9,26.9,75.4,465.7,5.2,164.1,Agricultural,Silty,522.0,,0.89,2,7.79,4.87,0
2075,4.15,159.5,36.4,59.3,552.9,6.16,115.8,Agricultural,Loamy,1502.0,Average,,0,4.27,5.45,1
2076,5.46,354.8,29.1,67.3,443.1,3.47,173.5,Wetland,Sandy,533.0,Average,6.89,1,2.47,6.01,0
2077,4.53,126.9,25.1,70.2,348.2,2.88,30.1,Wetland,Loamy,532.0,Good,0.9,0,5.88,5.71,0
2078,5.01,135.0,22.6,68.4,313.4,6.01,74.4,Forest,Clay,1198.0,Average,5.48,1,0.72,3.48,0
2079,6.81,159.5,26.5,50.5,822.6,2.43,96.3,Forest,Silty,284.0,Good,9.53,2,8.79,7.19,0
2080,6.09,197.5,15.9,52.0,477.1,3.65,121.1,Urban,Silty,1008.0,Poor,3.79,2,2.47,0.3,0
2081,3.62,57.8,23.6,53.3,188.1,4.61,226.6,Forest,Clay,755.0,Poor,5.32,1,3.99,0.7,0
2082,10.0,108.6,23.5,,574.6,3.65,184.7,Wetland,Loamy,1438.0,Poor,1.51,3,3.36,2.42,1
2083,5.59,202.2,29.2,61.5,312.8,4.99,389.7,Wetland,Sandy,466.0,Average,5.28,1,6.27,2.89,0
2084,7.33,112.4,22.8,66.0,431.9,6.51,95.2,Agricultural,Clay,762.0,,0.0,1,5.89,4.11,1
2085,7.3,42.8,29.7,83.1,232.2,7.04,502.8,Wetland,Clay,709.0,Average,8.1,2,4.11,4.62,0
2086,9.52,,34.3,48.7,704.1,6.79,73.2,Agricultural,Sandy,464.0,Good,6.71,0,6.44,3.64,0
2087,4.86,109.5,30.5,57.9,225.6,7.44,97.8,Agricultural,Sandy,458.0,Good,5.75,1,7.41,1.91,0
2088,4.14,76.7,32.2,62.9,279.3,1.7,302.6,Agricultural,Silty,1845.0,Poor,4.94,0,8.35,0.19,0
2089,7.53,59.8,20.0,55.4,460.7,6.31,189.7,Agricultural,Loamy,592.0,Poor,7.78,0,5.11,2.18,0
2090,5.92,184.0,28.1,58.7,904.4,6.09,2.9,Agricultural,Clay,1050.0,Average,8.14,1,5.1,3.72,1
2091,4.78,207.6,31.7,65.7,726.7,5.79,96.6,Agricultural,Loamy,833.0,Poor,4.24,0,4.08,5.64,1
2092,6.29,312.6,28.2,88.7,857.0,,7.6,Urban,Clay,1034.0,Poor,4.66,3,7.36,6.74,1
2093,8.64,103.8,28.0,94.8,357.3,4.56,145.5,Forest,Silty,381.0,Average,7.57,3,3.84,6.88,1
2094,7.6,279.1,28.3,,218.6,2.45,41.7,Urban,Clay,1502.0,Good,2.59,1,3.48,6.41,1
2095,6.66,143.8,23.2,88.6,704.4,7.1,51.2,Forest,Loamy,185.0,Poor,2.72,1,4.93,6.87,1
2096,2.53,226.3,24.7,57.8,267.3,5.55,44.2,Urban,Clay,735.0,Average,7.45,2,4.15,5.77,0
2097,7.64,318.9,23.4,52.7,393.4,1.34,64.7,Agricultural,Loamy,73.0,Average,6.95,1,5.7,5.95,0
2098,7.74,68.3,29.5,70.3,593.9,6.89,113.8,Agricultural,Sandy,160.0,Average,2.52,1,7.58,5.41,1
2099,6.19,81.4,27.5,74.1,741.6,2.98,36.5,Agricultural,Clay,1423.0,Average,6.36,0,4.62,5.8,0
2100,2.07,174.7,22.0,66.3,510.1,3.73,194.6,Forest,Sandy,2160.0,Average,5.22,0,4.56,3.74,0
2101,2.24,27.5,28.9,68.8,171.4,6.44,306.7,Agricultural,Loamy,130.0,,1.6,0,6.89,2.52,0
2102,6.6,196.7,33.2,74.3,642.8,6.33,293.4,Agricultural,Sandy,805.0,Average,9.99,3,10.0,3.97,0
2103,7.99,271.0,31.4,55.9,158.4,2.4,168.2,Urban,Clay,997.0,Poor,2.04,0,1.85,5.94,1
2104,4.96,516.1,26.1,78.7,278.1,4.49,26.1,Wetland,Sandy,1897.0,Good,4.23,2,0.59,4.4,0
2105,8.41,218.0,33.1,54.2,94.9,3.33,26.7,Forest,Loamy,622.0,Poor,6.7,1,3.09,6.64,0
2106,6.79,49.6,23.6,69.3,679.3,3.14,458.7,Urban,Loamy,1756.0,Average,4.39,1,1.45,5.41,0
2107,4.72,203.6,25.9,73.9,485.9,3.94,8.4,Urban,Clay,455.0,Average,3.74,2,2.57,5.48,1
2108,3.53,154.7,19.9,49.2,362.3,4.61,46.8,Wetland,Sandy,594.0,Average,1.17,1,3.44,6.52,1
2109,5.33,225.6,25.6,,358.7,5.57,397.8,Wetland,Clay,570.0,Poor,2.81,1,1.55,3.13,1
2110,3.22,290.2,17.8,100.0,520.5,6.56,68.9,Agricultural,Sandy,153.0,Poor,4.32,2,9.23,3.79,1
2111,6.5,126.2,34.9,59.7,491.9,4.87,94.5,Agricultural,Sandy,812.0,Average,0.64,1,6.05,6.07,1
2112,5.43,305.6,29.2,70.7,405.3,0.77,309.8,Wetland,Sandy,214.0,Average,3.96,2,7.0,7.2,0
2113,9.0,100.7,26.1,97.3,285.8,1.84,90.1,Urban,Loamy,2128.0,Poor,0.82,5,4.84,2.77,1
2114,8.69,145.9,28.7,77.9,745.2,4.02,128.3,Urban,Silty,636.0,Poor,5.17,3,1.81,7.19,1
2115,7.44,358.3,27.0,63.2,271.2,5.91,59.8,Agricultural,Loamy,556.0,Good,8.45,1,7.43,7.11,0
2116,3.68,369.6,28.1,59.7,253.2,5.27,110.3,Forest,Clay,150.0,Good,7.12,2,6.44,5.51,0
2117,7.65,90.5,34.4,77.0,691.2,6.04,113.1,Forest,Sandy,966.0,Poor,5.19,0,9.11,1.06,0
2118,5.79,,27.7,71.4,222.3,4.36,71.8,Forest,Sandy,3752.0,Average,4.34,0,6.26,6.73,1
2119,6.78,92.7,26.7,66.8,891.5,1.64,183.5,Agricultural,Clay,881.0,Poor,1.7,0,8.53,2.85,1
2120,2.77,155.6,29.0,75.7,170.4,2.71,93.3,Forest,Loamy,281.0,Poor,3.35,0,0.0,2.48,0
2121,4.86,140.0,28.0,60.5,504.0,9.9,217.5,Agricultural,Silty,1334.0,Average,4.91,0,4.08,6.19,1
2122,7.26,64.5,27.5,74.7,681.0,7.15,194.6,Agricultural,Loamy,1944.0,Good,3.39,0,5.64,2.58,1
2123,7.04,219.1,36.8,82.1,521.9,2.86,49.4,Barren,Sandy,558.0,Average,,0,2.77,8.03,0
2124,3.46,157.7,28.8,76.1,210.9,6.54,186.7,Urban,Silty,496.0,Poor,3.25,0,5.18,1.94,0
2125,6.03,98.7,22.8,73.6,606.9,4.18,67.0,Urban,Loamy,976.0,Average,6.05,0,3.05,7.3,0
2126,5.83,265.3,26.5,75.0,199.0,8.43,526.2,Agricultural,Sandy,828.0,Poor,2.47,3,0.92,4.48,0
2127,1.99,198.8,30.1,97.0,268.0,3.45,516.1,Barren,Sandy,1101.0,Average,6.89,1,3.4,3.28,0
2128,1.49,128.4,23.1,74.6,668.7,4.63,135.9,Forest,Sandy,2462.0,Poor,4.25,2,4.64,7.4,1
2129,8.58,246.2,19.5,76.9,586.3,4.63,237.8,Urban,Clay,186.0,Poor,8.53,0,10.0,3.7,1
2130,3.65,259.8,26.2,84.9,181.0,3.38,324.0,Forest,Loamy,453.0,Good,4.98,0,5.13,4.68,0
2131,5.92,142.4,28.5,88.4,323.5,4.52,232.6,Barren,Sandy,662.0,,8.17,1,4.77,6.21,0
2132,3.73,98.3,28.9,77.4,137.0,6.4,42.9,Agricultural,Clay,236.0,Average,1.95,0,7.66,5.89,0
2133,4.35,166.5,29.0,67.0,316.8,7.29,364.9,Forest,Sandy,1195.0,Good,2.54,1,3.21,3.08,0
2134,4.12,148.1,28.3,58.9,85.1,1.96,46.7,Urban,Silty,258.0,Average,0.07,2,7.39,4.33,1
2135,1.6,76.1,23.2,79.0,189.8,0.26,49.7,Wetland,Sandy,644.0,Poor,7.75,1,2.47,6.57,0
2136,2.98,160.9,24.1,72.2,400.3,1.32,92.0,Agricultural,Clay,241.0,,5.15,0,2.96,1.85,0
2137,7.27,162.1,23.0,84.0,348.4,5.35,43.7,Barren,Sandy,1037.0,Average,4.18,1,5.51,5.35,0
2138,10.0,131.0,26.1,70.2,901.8,1.81,3.2,Agricultural,Sandy,299.0,Poor,4.32,3,5.1,6.1,1
2139,6.12,293.6,23.7,75.0,239.3,2.12,91.6,Urban,Clay,1355.0,Poor,3.05,1,3.71,5.14,1
2140,4.0,119.6,31.2,71.4,331.4,2.62,205.7,Agricultural,Silty,188.0,Poor,1.8,2,3.53,1.09,0
2141,4.75,144.6,25.3,71.3,189.9,5.94,258.0,Wetland,Sandy,518.0,Poor,3.22,1,1.53,4.47,0
2142,3.99,192.4,24.2,73.5,321.9,4.8,191.5,Forest,Sandy,100.0,Average,4.76,0,9.42,2.93,0
2143,7.41,108.8,23.2,81.9,614.9,5.89,33.6,Agricultural,Clay,334.0,Average,0.0,2,6.29,6.69,1
2144,8.46,196.1,28.8,57.9,348.2,7.45,28.5,Forest,Sandy,551.0,Average,6.67,0,4.62,4.82,0
2145,8.95,139.3,30.2,49.1,50.8,3.78,22.2,Agricultural,Loamy,585.0,Good,1.56,3,3.04,3.54,1
2146,5.18,146.4,27.9,66.6,253.7,4.7,62.3,Urban,Sandy,311.0,Average,6.8,0,4.95,4.61,0
2147,3.3,130.0,30.1,63.0,578.1,6.72,239.1,Forest,Silty,1076.0,Good,6.03,0,4.65,4.9,0
2148,6.43,165.4,28.1,89.3,212.6,2.58,164.9,Urban,Silty,885.0,Poor,5.93,1,5.21,4.81,1
2149,8.5,130.4,20.6,58.9,432.1,6.05,270.9,Urban,Clay,899.0,Average,3.62,0,5.17,4.01,0
2150,6.04,234.1,28.0,65.9,140.1,6.72,130.3,Urban,Loamy,571.0,Average,4.82,0,3.06,4.4,0
2151,2.73,271.9,30.4,65.3,199.1,3.59,36.1,Forest,Sandy,145.0,Good,3.15,0,4.58,3.83,0
2152,4.63,243.3,31.5,70.0,87.0,3.81,237.0,Forest,Clay,581.0,Poor,3.98,3,9.19,9.06,0
2153,8.1,127.3,28.0,54.0,895.0,5.72,29.4,Agricultural,Clay,860.0,Good,3.11,1,3.02,4.15,1
2154,3.99,194.9,25.2,69.7,634.6,4.56,48.6,Forest,Clay,544.0,Good,2.01,0,8.37,4.78,0
2155,8.25,44.6,23.5,62.4,340.6,6.44,145.1,Agricultural,Clay,295.0,Poor,5.99,1,1.58,5.04,1
2156,3.58,148.1,35.1,77.7,158.7,2.11,157.4,Agricultural,Clay,178.0,Average,1.66,3,1.43,5.12,1
2157,1.98,189.1,29.1,66.3,330.8,2.65,267.8,Forest,Clay,1914.0,Poor,9.14,1,6.86,5.98,0
2158,2.0,66.3,28.4,,445.2,2.92,59.2,Agricultural,Clay,428.0,Good,0.0,0,4.09,6.29,0
2159,3.33,380.7,28.6,80.5,502.1,6.12,10.3,Urban,Loamy,354.0,Good,6.43,3,5.41,5.64,0
2160,1.03,113.3,25.4,61.7,54.4,2.52,75.9,Urban,Clay,1818.0,Poor,4.5,0,6.34,4.78,0
2161,5.64,107.9,24.8,80.4,801.5,3.71,281.8,Urban,Clay,403.0,Average,8.56,7,1.91,5.79,0
2162,5.79,215.2,21.4,73.4,210.1,8.45,337.9,Wetland,Loamy,268.0,Poor,2.52,2,3.61,5.35,1
2163,3.96,123.2,28.9,79.5,539.3,5.26,59.1,Agricultural,Silty,758.0,Good,7.17,0,4.31,2.78,0
2164,6.67,193.8,26.3,73.9,282.5,3.63,92.9,Urban,Loamy,1414.0,Good,6.01,0,2.97,6.84,0
2165,7.19,177.8,17.5,81.0,251.0,1.78,42.5,Forest,Silty,2827.0,Good,5.25,0,10.0,6.94,0
2166,6.71,226.6,27.8,64.3,77.2,3.28,31.0,Agricultural,Loamy,863.0,Average,7.49,3,4.9,6.74,0
2167,1.29,277.1,26.2,79.4,572.4,2.14,280.9,Barren,Clay,1547.0,Average,7.27,0,4.72,8.61,0
2168,7.06,170.0,25.8,67.5,39.5,4.42,297.1,Wetland,Loamy,524.0,Average,2.0,1,4.44,5.9,0
2169,8.06,80.3,35.7,55.7,201.5,7.99,19.5,Agricultural,Clay,61.0,Average,3.92,2,4.11,0.53,1
2170,8.13,174.5,32.1,68.3,619.3,5.25,8.6,Urban,Silty,1037.0,Poor,10.0,0,4.4,4.8,1
2171,2.62,203.9,27.3,61.0,406.4,6.48,97.5,Barren,Loamy,543.0,Average,8.11,3,5.56,8.08,1
2172,7.14,59.7,26.6,71.4,120.5,2.79,110.9,Barren,Loamy,315.0,Average,3.13,0,6.29,2.89,0
2173,6.05,98.7,27.5,83.7,435.5,,31.0,Urban,Loamy,383.0,Poor,4.73,3,4.32,3.89,1
2174,5.71,327.4,35.4,63.1,420.4,7.14,149.7,Agricultural,Sandy,440.0,Average,6.95,0,7.02,4.02,1
2175,6.18,373.3,33.6,70.4,299.7,5.33,173.5,Agricultural,Loamy,695.0,Average,3.96,1,4.08,4.56,1
2176,5.33,196.3,27.6,86.3,258.0549466307788,7.8,2.7,Agricultural,Sandy,402.0,Good,3.65,2,5.79,2.56,1
2177,3.87,61.8,24.3,72.0,496.5,3.13,87.4,Barren,Clay,1084.0,Average,7.66,0,7.62,5.12,0
2178,4.48,72.1,25.6,70.0,136.5,5.12,11.2,Urban,Clay,1628.0,Poor,7.2,0,2.64,5.1,0
2179,3.9,88.5,28.3,,238.2,5.19,21.0,Forest,Clay,403.0,Good,6.29,0,5.71,7.08,0
2180,3.07,286.1,20.7,85.6,625.3,5.15,67.4,Agricultural,Loamy,1053.0,Average,3.74,0,4.15,5.52,0
2181,6.48,191.2,29.1,77.0,174.7,4.72,5.8,Agricultural,Sandy,20.0,Good,5.29,0,9.67,1.54,0
2182,3.79,138.2,25.7,52.5,1063.1,0.45,109.9,Agricultural,Loamy,1213.0,Average,5.32,1,3.2,3.94,0
2183,7.81,330.1,31.8,76.1,899.0,1.7,0.0,Urban,Loamy,557.0,Poor,1.98,0,2.76,3.27,1
2184,4.36,95.7,26.5,61.0,303.8,6.05,412.0,Agricultural,Clay,377.0,Average,6.07,1,3.71,7.44,0
2185,2.93,206.9,20.4,96.5,159.8,4.92,144.8,Agricultural,Loamy,1861.0,Poor,4.37,0,5.66,3.69,0
2186,2.54,246.3,23.8,56.0,395.1,5.23,256.7,Forest,Sandy,998.0,Average,0.0,4,3.8,4.31,1
2187,6.46,278.9,22.8,56.0,302.1,3.71,13.8,Wetland,Clay,793.0,Good,0.51,3,2.22,2.53,1
2188,2.88,123.0,27.8,72.9,198.7,5.4,108.5,Urban,Silty,355.0,Average,9.65,3,7.13,4.55,0
2189,3.76,106.1,22.8,75.7,220.3,3.67,201.3,Agricultural,Clay,1035.0,Average,7.26,1,5.99,6.68,0
2190,5.63,283.2,27.1,67.4,284.7,1.8,52.5,Forest,Loamy,390.0,Good,2.35,1,7.4,2.82,0
2191,7.32,59.2,22.2,56.5,272.9,5.19,18.5,Forest,Sandy,564.0,Poor,,1,10.0,6.47,0
2192,5.46,223.6,27.7,66.9,178.6,5.19,57.0,Wetland,Loamy,2185.0,Average,,0,3.07,2.03,0
2193,5.16,103.6,21.4,69.0,176.3,5.37,100.2,Agricultural,Clay,186.0,Average,3.77,2,4.97,4.29,0
2194,3.12,50.2,20.7,79.9,264.1,1.02,260.3,Agricultural,Loamy,1774.0,Good,1.41,0,8.84,5.71,0
2195,5.2,130.0,25.4,69.9,219.7,4.6,66.7,Forest,Loamy,1212.0,Average,4.79,3,3.08,4.96,0
2196,4.51,214.5,23.1,55.5,502.1,5.86,8.5,Forest,Clay,981.0,Average,8.5,1,5.58,6.36,0
2197,5.5,224.4,23.4,86.6,266.6,2.69,52.6,Agricultural,Silty,814.0,Average,0.0,1,1.72,5.45,0
2198,5.53,123.6,30.7,75.2,250.2,7.69,0.0,Urban,Clay,1586.0,Good,5.99,0,3.82,2.93,1
2199,3.87,42.3,27.7,95.4,102.8,2.82,337.3,Agricultural,Sandy,1016.0,Poor,6.52,0,7.09,3.76,0
2200,7.72,202.0,25.9,76.6,318.4,6.99,81.0,Agricultural,Clay,1531.0,Poor,3.02,3,4.22,0.03,1
2201,5.9,187.2,18.9,57.0,420.2,4.18,296.8,Barren,Sandy,478.0,Average,5.12,0,6.94,5.76,0
2202,6.17,166.6,18.2,80.6,775.0,5.01,109.3,Urban,Sandy,511.0,Poor,2.94,2,4.63,3.45,1
2203,5.31,94.2,28.1,51.2,283.8,3.65,33.9,Urban,Silty,1101.0,Average,3.63,1,0.0,3.07,1
2204,6.84,79.2,33.9,78.1,113.5,6.77,69.2,Agricultural,Loamy,1546.0,Average,3.75,1,9.23,2.37,1
2205,7.47,254.1,33.1,57.9,746.0,1.91,113.7,Agricultural,Clay,1581.0,Good,7.29,3,4.05,5.67,1
2206,4.46,42.3,33.9,75.5,382.1,2.51,649.3,Agricultural,Silty,1336.0,Good,6.29,0,9.77,4.13,0
2207,6.59,49.0,28.0,56.8,328.5,3.89,190.0,Agricultural,Loamy,1158.0,Average,7.85,1,5.91,7.9,0
2208,6.03,173.7,24.6,66.6,84.2,2.22,239.0,Agricultural,Clay,499.0,Poor,7.26,1,6.81,6.83,0
2209,6.39,176.0,30.4,70.0,465.7,4.39,229.3,Urban,Loamy,1128.0,Average,7.84,1,9.21,4.26,0
2210,9.41,89.4,32.2,73.5,349.8,6.22,103.2,Agricultural,Sandy,303.0,Poor,3.01,0,5.97,4.58,1
2211,3.99,196.4,21.8,76.3,1143.6,3.21,305.5,Agricultural,Loamy,1996.0,Average,,1,9.24,4.74,0
2212,4.7,148.2,28.6,,199.3,5.09,747.1,Agricultural,Silty,295.0,Poor,4.18,0,1.54,4.8,0
2213,5.21,255.2,29.5,66.2,699.3,1.12,190.5,Agricultural,Clay,94.0,Average,6.42,0,10.0,2.54,0
2214,6.32,102.8,17.6,62.9,290.0,6.13,125.0,Urban,Clay,384.0,Poor,5.53,4,7.4,5.55,1
2215,2.88,,27.5,73.3,411.2,2.7,211.2,Forest,Loamy,409.0,Good,3.42,3,7.91,3.02,0
2216,4.58,161.8,29.3,68.4,577.1,4.28,2.5,Agricultural,Sandy,1514.0,Good,1.35,1,0.0,6.34,0
2217,4.87,267.9,27.8,71.4,574.3,4.15,292.0,Agricultural,Silty,823.0,Average,0.0,0,6.21,6.68,0
2218,2.82,172.5,29.6,77.4,415.1,5.29,222.6,Barren,Silty,219.0,Good,3.88,3,6.34,7.48,0
2219,5.08,253.9,26.9,55.4,501.4,2.1,110.4,Urban,Clay,251.0,Poor,5.9,1,6.01,6.17,0
2220,4.57,106.9,33.3,69.7,316.6,9.14,234.8,Urban,Clay,468.0,Poor,2.59,2,3.93,3.23,1
2221,6.33,130.0,33.7,70.7,222.6,8.06,76.7,Urban,Loamy,437.0,Poor,4.75,2,6.87,4.55,1
2222,4.7,193.0,31.5,55.4,587.2,6.4,219.8,Urban,Sandy,118.0,Good,7.93,4,6.66,6.6,0
2223,5.8,152.5,27.1,71.2,815.0,2.46,23.2,Barren,Clay,464.0,Average,7.42,1,5.22,5.08,1
2224,2.86,78.4,18.4,81.9,604.8,2.31,53.7,Barren,Clay,62.0,Poor,5.84,0,6.6,2.95,0
2225,4.88,172.9,24.0,71.3,969.1,1.58,63.3,Agricultural,Loamy,760.0,Good,5.13,2,4.05,4.59,0
2226,8.75,180.7,24.2,77.1,768.3,4.29,64.8,Urban,Clay,1569.0,Poor,3.28,3,1.6,4.93,1
2227,2.81,243.2,30.1,65.6,1628.5,3.82,57.6,Forest,Clay,1105.0,Average,8.03,5,2.49,2.81,0
2228,2.07,295.3,27.4,90.3,450.5,4.39,24.2,Forest,Loamy,200.0,Average,6.83,0,0.81,4.07,0
2229,7.63,93.2,20.6,73.2,647.6,4.07,225.4,Urban,Loamy,2078.0,Average,7.15,1,7.37,4.05,1
2230,5.62,139.0,22.3,68.9,244.5,2.93,381.9,Urban,Loamy,1137.0,Average,0.3,2,0.0,3.15,0
2231,6.85,,24.9,77.1,1051.6,0.0,294.7,Agricultural,Clay,596.0,Average,2.74,0,2.38,4.56,0
2232,5.88,93.2,26.8,55.8,1437.0748953737802,6.01,39.6,Wetland,Loamy,204.0,Average,9.08,3,5.55,4.08,1
2233,3.29,345.7,29.3,71.8,550.2,5.66,85.4,Barren,Clay,1745.0,Average,6.09,0,0.25,5.08,1
2234,3.96,219.4,27.1,79.5,343.2,5.93,68.2,Agricultural,Loamy,1341.0,Average,8.39,2,4.75,3.77,0
2235,4.46,112.3,28.1,57.6,570.4,5.18,140.4,Barren,Loamy,465.0,Average,2.1,1,1.41,3.36,1
2236,7.24,410.2,25.8,89.7,648.4,6.19,162.1,Forest,Clay,238.0,Good,4.69,0,4.21,6.78,1
2237,3.63,194.8,32.6,78.1,360.7,2.41,1127.2,Agricultural,Loamy,549.0,Good,9.62,0,4.24,5.34,0
2238,0.17,200.3,28.7,45.6,239.7,3.11,80.3,Urban,Clay,429.0,Average,0.0,2,3.1,6.74,0
2239,0.12,70.3,23.3,89.9,582.0,6.78,5.8,Wetland,Clay,32.0,Average,5.72,0,4.53,8.87,0
2240,2.89,143.3,33.8,70.0,294.5,4.59,339.4,Wetland,Clay,399.0,Poor,4.6,3,1.36,5.43,0
2241,5.34,174.7,32.0,70.7,377.0,6.31,135.2,Agricultural,Silty,220.0,Good,5.02,3,6.01,1.92,1
2242,7.28,141.6,30.5,89.5,525.8,3.1,69.5,Forest,Clay,409.0,Good,7.75,0,4.27,3.66,0
2243,3.62,152.7,27.8,80.3,298.8,1.91,85.4,Agricultural,Clay,271.0,Average,10.0,3,6.25,4.58,0
2244,5.81,205.0,26.5,72.9,105.2,4.82,61.4,Forest,Sandy,565.0,Poor,7.96,0,0.0,6.3,0
2245,3.57,334.5,15.5,51.4,784.3,5.82,67.4,Wetland,Sandy,618.0,Poor,3.35,1,6.33,1.4,1
2246,7.22,193.2,27.6,56.9,164.2,4.0,35.8,Forest,Sandy,472.0,Average,2.53,1,5.59,5.81,0
2247,6.71,,31.0,76.7,231.4,5.44,111.9,Urban,Sandy,1039.0,Average,4.19,0,3.48,7.87,0
2248,3.96,70.3,30.9,69.8,131.3,7.13,239.2,Agricultural,Loamy,290.0,Good,5.87,0,7.04,7.12,0
2249,2.27,172.5,27.5,91.3,1153.9,8.2,220.4,Forest,Silty,920.0,Poor,5.18,1,4.43,7.67,1
2250,9.49,118.2,22.8,71.8,362.2,6.22,138.1,Agricultural,Silty,575.0,Average,5.38,1,1.61,8.59,1
2251,7.32,153.8,32.7,73.8,158.3,7.8,59.2,Forest,Sandy,603.0,Average,,1,5.56,5.94,1
2252,6.91,111.8,21.0,70.4,462.8,5.49,334.0,Wetland,Loamy,997.0,Good,8.66,0,6.62,4.37,0
2253,6.02,56.2,23.4,69.4,446.4,6.99,40.0,Wetland,Sandy,1183.0,Average,6.27,0,2.3,7.04,1
2254,5.16,171.7,24.3,79.8,935.1,1.91,105.1,Forest,Loamy,682.0,,3.83,2,10.0,7.12,1
2255,5.21,215.4,28.6,62.1,267.4,3.5,211.9,Agricultural,Silty,808.0,Average,4.41,1,3.86,2.35,0
2256,3.22,139.0,23.3,83.5,385.0,,37.7,Agricultural,Clay,1125.0,Good,3.97,0,5.68,5.74,0
2257,0.65,103.7,32.4,73.3,448.5,4.4,28.7,Forest,Clay,525.0,Good,7.1,4,6.57,3.31,0
2258,7.26,159.3,27.2,37.1,274.6,3.14,38.4,Wetland,Silty,281.0,Poor,4.22,4,4.45,4.89,1
2259,6.57,116.8,27.6,72.5,81.1,7.56,62.5,Wetland,Silty,813.0,Good,3.18,1,3.16,4.85,1
2260,3.99,120.8,27.0,,903.0,6.86,346.7,Urban,Clay,666.0,Good,1.4,0,7.85,2.52,1
2261,4.68,52.6,29.2,52.8,502.1,3.05,144.5,Forest,Sandy,961.0,Poor,7.15,0,2.69,4.64,0
2262,5.93,86.1,32.8,67.4,174.2,5.35,94.1,Agricultural,Clay,650.0,Good,2.85,0,1.56,2.13,0
2263,3.79,76.5,29.4,57.0,767.6,0.15,220.7,Agricultural,Clay,483.0,Poor,5.19,0,2.85,4.58,0
2264,6.04,153.2,20.5,39.8,417.4,3.94,2.4,Agricultural,Loamy,900.0,Average,3.21,3,2.13,6.79,1
2265,1.25,224.1,24.5,47.9,207.1,4.49,79.3,Forest,Clay,825.0,Good,6.55,0,3.03,3.69,0
2266,9.39,69.0,24.8,79.3,243.6,3.0,133.3,Urban,Sandy,43.0,Average,4.2,0,6.16,5.95,0
2267,2.84,139.1,24.2,67.0,368.5,4.83,45.9,Urban,Sandy,999.0,Average,9.58,2,4.07,5.04,0
2268,3.84,209.0,29.6,59.5,595.4,5.51,14.1,Agricultural,Loamy,379.0,Good,5.61,1,4.38,4.32,1
2269,6.42,242.8,33.0,89.2,553.3,3.42,248.1,Urban,Clay,2450.0,Average,5.17,0,0.81,4.22,0
2270,3.78,133.7,26.2,70.8,280.6,4.18,231.6,Forest,Silty,1313.0,Average,9.1,1,10.0,6.15,0
2271,2.36,,22.8,91.5,1301.1,2.76,11.3,Urban,Loamy,2872.0,Average,4.01,0,3.82,5.94,1
2272,4.9,181.2,28.2,71.6,554.1,2.55,138.8,Urban,Silty,1417.0,Average,1.44,2,6.99,3.93,1
2273,5.85,144.4,20.3,61.8,482.9,3.63,127.5,Urban,Sandy,138.0,Poor,5.55,0,6.24,0.94,0
2274,0.0,163.2,23.3,58.1,248.2,6.32,172.4,Urban,Clay,588.0,Average,0.0,2,6.44,6.95,1
2275,4.7,66.7,32.0,67.0,236.9,4.24,67.1,Agricultural,Clay,185.0,Good,3.32,2,9.59,1.1,0
2276,6.66,176.7,26.9,93.3,433.9,,52.9,Barren,Loamy,730.0,Poor,2.42,1,8.8,4.33,1
2277,4.65,150.6,31.3,82.8,696.7,6.11,222.7,Urban,Loamy,2433.0,Average,0.67,0,5.06,4.42,1
2278,1.19,374.2,30.9,54.8,459.6,4.81,132.6,Forest,Silty,532.0,Poor,3.77,1,4.06,2.82,0
2279,8.08,228.0,29.4,70.5,540.7,1.42,6.3,Urban,Sandy,1466.0,Average,5.1,0,7.73,7.02,0
2280,9.37,128.0,26.1,93.1,388.3,5.87,417.9,Urban,Loamy,480.0,Average,4.24,0,9.23,4.07,0
2281,7.0,142.7,29.5,72.3,448.9,5.01,17.5,Forest,Sandy,937.0,Average,4.37,2,4.75,3.1,0
2282,0.0,98.7,26.5,83.5,347.5,,291.8,Barren,Sandy,1002.0,Poor,4.35,1,5.6,6.09,0
2283,5.54,107.2,31.6,60.7,788.1,6.44,185.3,Urban,Clay,1194.0,Average,2.32,0,6.08,5.23,1
2284,4.42,181.0,25.5,54.8,977.8,5.28,152.6,Urban,Clay,1024.0,Average,6.38,2,9.25,0.0,1
2285,7.33,128.5,23.8,69.0,640.4,5.67,110.3,Barren,Loamy,968.0,Good,3.59,1,7.42,7.38,1
2286,5.08,336.7,26.5,49.2,314.5,6.89,102.6,Agricultural,Sandy,831.0,Average,6.07,2,10.0,5.66,0
2287,10.0,233.9,25.8,76.3,268.2,6.76,70.8,Agricultural,Sandy,374.0,Poor,8.46,3,0.0,6.48,0
2288,5.43,33.1,21.1,67.1,517.3,6.3,110.5,Forest,Clay,279.0,Poor,7.59,1,3.44,5.63,1
2289,3.38,137.3,26.5,70.7,1061.6,8.62,120.3,Forest,Clay,397.0,Good,0.88,1,7.12,5.33,1
2290,4.47,52.4,28.5,76.4,526.4,6.31,137.6,Urban,Clay,425.0,Average,2.22,0,2.55,4.55,1
2291,6.48,83.1,30.4,74.1,358.7,7.99,98.8,Urban,Sandy,559.0,Good,6.1,0,6.45,6.92,0
2292,3.79,185.5,22.9,80.2,190.7,8.23,12.4,Agricultural,Loamy,1709.0,Poor,2.6,1,1.43,7.64,1
2293,0.15,98.8,25.7,73.2,57.4,3.78,60.3,Agricultural,Silty,306.0,Average,4.0,1,8.14,8.19,0
2294,4.6,91.5,35.3,70.8,157.9,,15.8,Urban,Clay,128.0,Poor,8.35,2,2.95,3.89,1
2295,9.62,166.3,23.3,84.5,278.2,7.74,113.8,Urban,Silty,2046.0,Poor,8.0,0,6.91,4.48,1
2296,5.59,330.6,24.6,53.7,244.7,7.97,9.6,Urban,Sandy,1047.0,Poor,8.1,0,4.98,6.98,1
2297,2.26,115.7,25.5,61.4,130.8,0.0,4.8,Wetland,Sandy,439.0,Poor,3.99,1,3.8,5.13,0
2298,3.61,250.9,24.4,76.8,572.9,4.15,70.5,Forest,Loamy,942.0,Average,4.43,2,2.2,8.79,1
2299,5.4,336.6,26.1,83.3,527.7,5.14,406.4,Wetland,Sandy,645.0,Good,6.18,1,5.93,5.66,0
2300,3.73,152.9,24.1,59.7,329.8,7.87,11.6,Urban,Silty,441.0,Average,4.07,1,8.81,4.59,1
2301,4.3,283.8,32.9,68.5,345.1,5.98,687.9,Agricultural,Loamy,909.0,Average,6.26,1,0.0,8.07,0
2302,5.56,281.6,25.4,78.0,570.7,6.08,384.9,Urban,Loamy,553.0,Average,4.24,2,4.83,5.66,0
2303,2.68,192.4,31.0,63.0,412.8,3.5,1.4,Barren,Loamy,132.0,Average,3.27,1,3.83,6.4,0
2304,7.4,130.4,21.5,69.3,311.9,3.51,32.4,Barren,Sandy,400.0,Poor,7.42,3,2.97,4.83,1
2305,0.91,121.5,34.4,72.8,58.1,2.35,158.8,Forest,Loamy,158.0,Average,3.05,0,7.08,8.44,0
2306,6.31,219.5,27.2,59.1,350.0,6.51,49.5,Wetland,Clay,1002.0,Average,6.0,1,6.53,5.83,1
2307,5.98,147.8,31.0,72.6,585.7,3.78,22.3,Wetland,Sandy,203.0,Poor,4.03,1,9.04,2.56,1
2308,4.86,243.8,31.3,92.1,1182.1,2.14,390.5,Barren,Clay,556.0,Average,9.12,3,4.05,4.69,0
2309,4.68,252.7,26.0,78.5,376.4,4.47,76.1,Urban,Loamy,782.0,Good,6.96,0,2.53,7.79,0
2310,6.88,115.2,29.5,64.9,433.7,2.62,7.5,Wetland,Silty,480.0,Average,5.62,1,7.57,3.46,1
2311,5.08,21.4,25.3,71.2,328.3,3.05,137.7,Urban,Loamy,537.0,Average,7.95,1,4.76,5.22,0
2312,4.41,,32.0,70.2,698.5,4.3,190.9,Agricultural,Sandy,1513.0,Good,9.08,2,8.68,5.42,0
2313,7.46,90.9,26.8,89.0,400.8,2.84,5.0,Urban,Sandy,972.0,Average,4.44,1,4.32,0.0,0
2314,4.59,148.8,23.6,57.9,640.7,5.35,78.8,Urban,Clay,452.0,Good,3.44,1,8.47,5.52,1
2315,4.67,57.2,27.7,87.5,619.9,4.98,7.0,Agricultural,Sandy,430.0,,4.01,1,2.53,4.63,1
2316,7.84,166.8,24.1,89.0,445.5,0.66,130.5,Urban,Clay,243.0,Poor,3.35,0,6.02,5.88,0
2317,5.08,135.4,29.6,79.2,230.6,6.74,7.0,Urban,Loamy,589.0,Good,0.32,3,7.2,4.59,0
2318,8.64,168.1,27.6,74.0,186.4,6.51,382.7,Agricultural,Silty,315.0,Good,4.93,1,9.1,2.31,0
2319,6.43,248.3,22.3,88.5,213.4,5.62,80.7,Agricultural,Clay,905.0,Poor,10.0,2,4.98,4.99,0
2320,5.12,104.5,23.1,75.4,171.7,3.11,179.6,Wetland,Clay,1331.0,Average,6.25,3,5.27,7.12,0
2321,4.96,104.7,29.1,79.7,760.9,5.27,170.1,Urban,Loamy,604.0,Average,5.92,1,5.63,5.6,0
2322,0.7,201.8,27.5,65.3,382.5,7.68,433.0,Urban,Clay,1108.0,Poor,7.69,1,2.71,9.01,0
2323,3.75,123.0,29.0,77.0,425.1,5.04,260.4,Agricultural,Silty,1665.0,Poor,10.0,2,6.89,6.44,0
2324,4.47,357.8,29.6,67.4,140.8,3.3,38.1,Barren,Silty,152.0,Poor,5.33,0,7.73,4.05,1
2325,3.09,260.8,23.9,68.0,1025.6,4.11,113.9,Urban,Loamy,2182.0,Average,4.2,1,0.13,2.32,1
2326,7.34,262.4,32.3,60.9,1056.7,8.71,504.9,Wetland,Sandy,653.0,Good,7.37,1,6.78,1.28,0
2327,6.03,182.0,30.6,66.3,167.2,5.71,27.8,Wetland,Sandy,334.0,Good,4.94,1,3.55,5.06,0
2328,2.03,153.6,26.5,71.9,258.7,4.6,111.2,Wetland,Clay,331.0,Poor,5.09,1,5.62,4.72,0
2329,3.68,456.4,32.5,57.3,641.3,5.15,145.9,Urban,Clay,485.0,Poor,2.95,3,7.72,5.54,1
2330,5.45,185.3,22.1,72.3,492.0,2.76,162.1,Wetland,Loamy,1054.0,Good,4.25,1,10.0,5.21,0
2331,2.7,108.4,30.8,67.3,373.9,1.93,219.0,Barren,Loamy,152.0,Average,9.55,1,8.92,2.12,0
2332,8.86,191.8,30.3,54.7,149.3,2.92,115.0,Urban,Loamy,230.0,Poor,4.68,2,5.11,7.27,0
2333,2.03,207.7,21.8,71.6,751.0,5.46,11.0,Barren,Sandy,229.0,Good,4.07,1,2.88,0.0,0
2334,2.83,61.4,26.1,42.8,656.6,0.86,12.0,Agricultural,Loamy,873.0,Good,0.0,0,7.06,4.38,0
2335,2.98,135.7,26.2,84.5,362.8,6.86,50.7,Agricultural,Clay,595.0,Good,5.96,3,3.02,4.48,0
2336,3.38,145.0,29.5,76.2,277.6,5.06,118.7,Urban,Silty,880.0,Good,5.04,1,3.76,1.4,0
2337,3.97,89.8,26.5,,730.6,4.84,1.7,Agricultural,Silty,562.0,Poor,6.05,0,4.98,6.39,0
2338,5.83,111.6,30.5,82.7,436.7,4.87,120.7,Forest,Sandy,186.0,Good,2.06,3,8.17,3.77,0
2339,6.94,,26.2,65.0,272.5,4.93,107.1,Wetland,Silty,1356.0,Poor,6.53,0,6.73,6.71,0
2340,5.06,239.0,25.8,51.9,498.9,,217.9,Agricultural,Loamy,372.0,Good,,1,2.83,5.59,0
2341,4.86,85.3,22.5,55.6,621.6,2.4,146.8,Forest,Loamy,700.0,Poor,6.6,2,5.14,6.65,0
2342,7.84,246.5,29.5,90.6,995.7,4.56,37.3,Agricultural,Clay,769.0,Poor,3.96,0,7.28,3.93,1
2343,7.31,75.4,26.3,76.8,775.7,3.33,9.5,Agricultural,Silty,420.0,Good,6.72,2,5.39,3.11,0
2344,5.32,140.4,21.5,81.2,681.8,2.26,22.1,Wetland,Silty,1216.0,Poor,5.61,1,4.27,0.62,1
2345,4.82,57.9,23.4,65.4,196.5,6.14,87.0,Urban,Sandy,2215.0,Average,5.3,0,3.61,5.93,0
2346,6.03,35.6,22.7,62.8,572.6,4.71,117.5,Wetland,Sandy,1249.0,Average,5.16,0,5.1,4.85,0
2347,2.79,167.0,22.3,76.6,448.3,,245.6,Barren,Loamy,750.0,Average,6.13,1,3.41,5.81,0
2348,5.87,212.8,28.2,39.9,803.3,3.03,378.2,Agricultural,Sandy,733.0,Good,4.07,0,5.26,3.83,0
2349,1.44,274.0,25.0,81.5,580.7,0.0,167.5,Urban,Silty,376.0,Poor,8.26,0,5.98,3.28,0
2350,4.76,91.4,31.4,60.7,181.5,4.71,21.4,Forest,Clay,528.0,Poor,2.73,1,6.17,5.32,1
2351,6.67,89.9,27.0,62.2,462.0,3.19,435.9,Wetland,Clay,966.0,Average,2.04,0,1.16,6.19,0
2352,5.84,127.1,26.3,62.0,545.7,7.65,225.7,Barren,Clay,1157.0,Average,6.26,1,4.65,3.35,1
2353,3.25,40.3,25.7,63.1,650.4,7.85,63.7,Forest,Loamy,680.0,Average,0.59,0,4.7,6.32,1
2354,8.78,157.3,25.1,57.3,123.0,1.1,92.9,Forest,Sandy,947.0,Poor,4.48,1,6.28,0.0,1
2355,2.22,349.0,29.5,62.9,107.2,0.2,345.8,Wetland,Sandy,274.0,Good,5.41,0,2.83,5.56,0
2356,5.04,124.7,25.1,83.4,95.9,5.3,141.0,Forest,Loamy,278.0,Good,4.46,0,4.24,3.09,0
2357,10.0,256.7,21.9,79.1,376.3,8.54,15.0,Forest,Loamy,28.0,Average,8.09,1,9.4,3.3,1
2358,7.25,192.9,20.5,78.2,157.9,4.05,29.7,Urban,Loamy,322.0,Average,5.53,0,2.93,4.56,1
2359,5.51,73.7,25.3,64.6,132.1,7.63,104.3,Urban,Loamy,62.0,Poor,2.65,2,6.42,3.91,1
2360,8.55,113.2,20.4,83.3,212.6,5.97,239.7,Forest,Sandy,1670.0,Good,7.16,0,6.57,3.82,0
2361,2.68,128.5,32.3,73.0,483.2,8.17,78.0,Wetland,Silty,830.0,Average,8.32,1,6.8,3.28,0
2362,6.13,246.6,26.9,58.6,537.2,3.23,20.8,Urban,Silty,261.0,Average,2.22,1,5.69,1.31,1
2363,6.22,95.0,21.5,77.6,1673.2,5.47,73.2,Wetland,Clay,434.0,Average,,2,8.41,6.47,1
2364,5.43,116.6,26.5,64.1,223.0,8.27,76.6,Agricultural,Silty,734.0,Average,8.99,1,4.89,1.59,1
2365,3.28,274.2,23.6,74.5,1314.6,6.93,6.7,Agricultural,Sandy,370.0,Average,7.7,2,5.55,5.74,1
2366,6.57,90.3,27.9,58.8,369.0,8.27,114.8,Urban,Clay,2968.0,Poor,7.17,4,3.34,6.88,1
2367,6.06,168.7,24.1,50.9,100.0,,157.4,Agricultural,Sandy,899.0,Poor,8.67,1,4.53,4.11,0
2368,4.54,223.2,28.0,51.1,1143.1,3.78,87.0,Wetland,Clay,490.0,Poor,7.9,3,4.62,4.16,1
2369,6.34,33.9,27.1,72.8,365.3,4.89,275.2,Agricultural,Clay,830.0,Average,4.6,2,5.92,5.68,1
2370,3.86,,28.2,63.6,80.7,5.13,4.9,Urban,Sandy,1021.0,,7.45,0,4.55,5.68,0
2371,5.68,136.8,30.6,86.5,168.9,7.44,24.3,Forest,Sandy,955.0,Good,6.41,3,4.18,6.88,1
2372,7.8,149.4,31.8,92.7,661.6,2.62,17.5,Barren,Silty,783.0,Average,0.6,1,6.07,8.21,1
2373,4.85,333.1,39.3,60.9,76.5,3.79,183.2,Urban,Clay,940.0,Average,3.0,3,2.94,1.75,0
2374,1.2,133.4,24.5,61.8,762.9,,71.6,Urban,Sandy,1258.0,Average,3.9,0,0.04,6.55,0
2375,3.23,255.5,24.8,62.7,977.0,4.31,383.6,Agricultural,Loamy,1705.0,Average,9.12,1,5.7,3.19,0
2376,5.43,106.5,25.5,61.3,909.6,1.71,348.8,Urban,Sandy,1539.0,Average,4.89,2,2.96,6.58,0
2377,0.0,130.2,24.4,73.9,512.4,2.33,62.4,Agricultural,Loamy,482.0,Average,5.0,1,9.53,4.28,0
2378,3.33,60.5,34.7,69.9,444.7,5.82,29.5,Urban,Sandy,545.0,Good,4.94,2,2.8,6.61,1
2379,4.34,282.7,21.9,61.0,227.2,3.23,249.6,Wetland,Sandy,152.0,Average,0.12,1,5.02,3.65,0
2380,3.73,219.5,31.1,56.8,805.1,2.06,46.1,Wetland,Loamy,276.0,Average,3.35,2,2.34,2.68,0
2381,5.65,228.1,28.4,72.4,569.2,4.96,220.7,Urban,Clay,1045.0,Poor,9.15,0,7.46,4.44,0
2382,6.5,93.5,20.8,82.0,333.5,6.4,102.2,Urban,Sandy,144.0,Good,0.88,3,6.59,3.93,1
2383,5.57,104.6,34.1,86.1,282.8,4.83,189.3,Wetland,Silty,1336.0,Average,1.42,0,0.93,3.06,1
2384,2.06,73.2,26.5,66.6,581.7,4.61,60.6,Urban,Clay,363.0,Good,4.33,0,4.74,7.02,0
2385,6.05,101.8,21.5,73.5,738.7,3.04,31.6,Urban,Silty,728.0,Average,9.33,2,4.57,2.57,1
2386,6.81,160.9,23.9,95.5,205.7,4.1,89.9,Agricultural,Clay,1476.0,Average,5.79,2,3.98,5.4,0
2387,5.73,139.1,30.9,70.9,655.4,4.56,193.1,Forest,Loamy,1699.0,Good,8.63,1,6.98,5.08,0
2388,4.37,197.2,27.5,64.0,503.3,4.18,9.2,Barren,Clay,225.0,Good,4.24,0,4.93,3.79,1
2389,5.06,114.7,26.9,54.6,398.6,3.25,131.6,Urban,Silty,1296.0,Poor,4.54,0,8.05,1.96,1
2390,4.1,104.6,31.9,100.0,574.9,6.06,83.6,Forest,Silty,523.0,Poor,4.75,1,6.37,3.77,1
2391,7.81,38.4,26.3,55.5,75.7,6.95,106.8,Wetland,Loamy,576.0,Good,4.76,0,6.68,7.63,0
2392,5.22,138.5,28.5,56.0,414.2,3.44,304.0,Urban,Sandy,819.0,Poor,1.43,2,5.7,4.92,1
2393,0.0,90.7,25.0,78.9,866.8,2.25,27.7,Forest,Silty,330.0,Average,2.89,0,4.29,5.93,0
2394,3.27,177.8,30.8,82.0,354.0,8.73,267.5,Urban,Loamy,672.0,Average,3.57,3,5.15,6.67,1
2395,10.0,173.2,27.8,97.9,492.1,3.46,61.9,Agricultural,Clay,831.0,Poor,6.58,1,7.39,4.36,1
2396,6.93,197.2,28.8,39.9,454.2,5.49,275.3,Agricultural,Sandy,1096.0,Average,5.09,4,5.57,6.13,1
2397,5.92,328.3,31.3,57.5,380.5,5.57,43.2,Wetland,Sandy,257.0,Poor,4.07,0,3.24,3.92,0
2398,3.02,133.3,30.3,68.9,651.1,2.14,57.3,Agricultural,Sandy,1136.0,Average,3.9,1,8.79,5.14,0
2399,8.42,96.5,22.3,89.4,336.8,5.51,195.3,Agricultural,Sandy,917.0,Average,4.44,2,6.35,5.99,1
2400,5.18,33.1,22.9,71.0,871.8,4.35,275.7,Agricultural,Loamy,729.0,Average,6.97,3,3.56,9.18,0
2401,6.11,114.4,24.2,80.5,541.9,6.6,69.3,Forest,Clay,556.0,Average,5.57,1,4.36,4.95,1
2402,7.81,54.2,26.2,76.5,213.6,2.55,105.9,Urban,Clay,652.0,Poor,7.38,1,8.07,6.16,1
2403,6.03,192.7,22.3,52.2,500.2,1.94,221.0,Wetland,Loamy,1017.0,Poor,8.52,2,5.29,7.55,0
2404,6.12,145.8,31.2,73.5,185.9,7.66,138.2,Forest,Clay,377.0,Good,0.49,1,5.76,5.53,0
2405,4.58,70.5,25.8,75.1,545.1,4.33,81.2,Barren,Loamy,961.0,Average,9.63,1,4.31,2.18,0
2406,5.57,283.8,20.3,65.3,291.9,0.93,47.5,Forest,Sandy,649.0,Good,2.51,2,1.61,6.05,0
2407,4.26,271.2,31.8,62.0,222.3,7.1,117.4,Urban,Clay,1166.0,Average,4.73,5,4.42,3.24,1
2408,5.5,87.4,28.7,63.0,159.5,5.97,29.3,Wetland,Clay,756.0,Average,5.56,2,4.46,4.04,1
2409,2.83,102.3,19.8,93.8,435.5,2.67,31.1,Barren,Loamy,382.0,Good,0.0,1,3.66,6.41,0
2410,5.65,80.7,22.5,80.9,387.2,4.93,69.2,Wetland,Silty,646.0,Average,1.95,2,4.49,6.41,1
2411,6.41,114.9,30.5,70.3,215.4,5.17,99.1,Agricultural,Sandy,858.0,Average,9.53,1,5.06,5.46,0
2412,5.93,204.2,26.4,64.1,285.9,4.84,363.8,Agricultural,Clay,462.0,Good,1.37,4,2.49,10.0,1
2413,0.33,25.9,28.5,82.8,268.6,8.43,213.6,Wetland,Loamy,1248.0,Poor,6.85,0,6.72,9.47,0
2414,5.25,172.9,23.5,71.7,414.69441391381355,6.27,37.3,Urban,Loamy,794.0,Good,6.56,0,3.52,4.77,0
2415,6.38,265.7,29.4,56.6,465.7,4.59,119.1,Agricultural,Loamy,746.0,Good,1.66,1,5.96,3.75,0
2416,2.43,117.9,27.6,91.2,224.3,5.37,454.1,Urban,Silty,488.0,Good,4.62,0,4.05,3.48,0
2417,6.32,124.7,23.5,75.1,390.1,5.34,85.5,Forest,Loamy,578.0,Average,0.0,2,2.97,3.86,1
2418,0.97,188.1,26.2,74.4,662.5,3.08,256.5,Agricultural,Silty,750.0,Poor,4.34,0,1.06,4.68,0
2419,6.85,,28.2,65.8,172.9,5.89,30.0,Urban,Silty,281.0,Poor,7.53,0,2.99,3.23,0
2420,5.13,479.3,28.9,63.9,301.2,3.66,162.5,Urban,Clay,837.0,Average,5.9,0,4.26,4.83,1
2421,5.54,117.2,27.9,61.3,534.5,5.86,10.1,Forest,Clay,730.0,Average,4.76,1,6.04,3.16,0
2422,4.77,111.8,17.5,65.7,249.3,2.97,300.5,Agricultural,Clay,606.0,Good,6.53,1,6.35,4.34,0
2423,3.84,120.7,26.5,78.2,530.8,4.31,82.9,Forest,Sandy,516.0,Poor,0.78,4,5.3,4.9,1
2424,3.07,82.4,27.9,60.9,452.5,3.15,60.2,Agricultural,Loamy,883.0,Poor,4.6,2,5.08,2.94,0
2425,5.35,281.1,30.1,47.2,369.6,7.13,227.5,Agricultural,Loamy,1767.0,Poor,5.83,0,9.66,2.12,1
2426,4.55,42.2,24.2,70.1,242.7,3.54,122.0,Wetland,Loamy,493.0,Average,2.09,0,8.7,4.11,0
2427,3.62,184.8,20.7,76.6,160.0,5.28,259.0,Urban,Loamy,209.0,,2.56,0,4.64,3.7,0
2428,4.68,146.5,25.0,63.9,121.2,1.57,222.2,Agricultural,Loamy,838.0,Good,3.34,1,2.42,9.62,0
2429,7.64,170.1,21.7,59.8,925.1,8.06,68.0,Wetland,Silty,1467.0,Average,6.1,1,5.46,2.66,1
2430,6.3,106.3,34.0,62.3,360.4,5.56,55.5,Agricultural,Clay,93.0,Good,1.38,3,10.0,4.86,1
2431,7.25,217.9,19.5,77.2,720.1,6.17,61.4,Agricultural,Sandy,269.0,Poor,2.56,0,7.92,4.91,1
2432,5.4,208.9,32.0,88.9,1099.1,3.84,414.4,Barren,Silty,805.0,Poor,4.63,2,7.67,5.9,1
2433,5.6,352.1,31.7,67.2,138.3,,136.5,Agricultural,Clay,429.0,Average,3.86,2,3.35,8.75,1
2434,5.24,116.7,30.7,73.4,200.9,2.89,256.4,Forest,Clay,458.0,Poor,3.96,1,4.08,3.01,0
2435,3.62,146.8,24.2,63.3,732.0,5.75,242.0,Agricultural,Loamy,551.0,Good,4.88,1,7.36,3.29,0
2436,5.61,305.9,25.2,77.8,451.0,5.95,415.2,Urban,Sandy,603.0,Poor,7.01,0,5.45,3.85,0
2437,1.58,227.5,25.0,49.0,454.3,3.75,262.8,Agricultural,Silty,2059.0,Good,5.13,0,3.16,5.67,0
2438,4.53,111.0,24.4,68.1,647.1,4.32,58.0,Agricultural,Loamy,764.0,Good,9.15,0,4.34,4.43,0
2439,4.92,104.9,29.6,79.0,431.4,4.48,178.3,Wetland,Clay,1395.0,Poor,6.45,2,2.97,1.94,0
2440,0.37,258.1,28.1,100.0,280.7,2.45,27.9,Agricultural,Sandy,230.0,Good,6.67,2,0.93,3.17,0
2441,4.63,133.9,31.1,63.1,727.1,6.33,393.7,Forest,Loamy,1608.0,Poor,5.77,1,3.37,2.03,1
2442,10.0,235.0,28.5,63.9,794.1,3.74,286.2,Urban,Silty,2318.0,Poor,3.69,0,4.18,5.87,1
2443,3.55,123.4,23.9,74.5,255.7,3.05,184.1,Agricultural,Clay,575.0,Good,9.18,1,6.02,2.33,0
2444,5.71,102.4,26.8,57.4,846.5,,2.8,Forest,Loamy,1457.0,Poor,4.89,1,2.95,4.93,1
2445,6.08,164.1,32.6,96.1,978.5,5.41,90.0,Urban,Loamy,323.0,Good,5.32,2,2.11,1.54,0
2446,6.88,281.2,26.7,72.8,1172.0,3.76,172.6,Agricultural,Clay,728.0,Good,6.56,0,3.37,5.81,0
2447,3.26,276.6,31.5,78.6,703.8,5.49,31.0,Agricultural,Loamy,1238.0,Good,5.4,0,2.48,6.01,0
2448,7.16,455.5,20.1,83.7,411.3,4.3,59.6,Wetland,Loamy,431.0,Poor,4.13,1,5.86,4.68,1
2449,3.03,64.2,31.1,65.4,136.7,5.28,43.3,Urban,Loamy,362.0,Poor,1.64,2,7.65,7.22,1
2450,3.26,67.7,20.8,66.3,692.4,4.49,0.2,Agricultural,Loamy,1857.0,Average,5.85,1,2.84,3.82,0
2451,5.48,63.0,25.2,64.5,454.6,3.8,49.6,Agricultural,Clay,128.0,Average,5.88,0,4.3,3.21,0
2452,9.51,146.9,28.8,65.3,324.9,4.99,318.5,Forest,Silty,574.0,Poor,10.0,2,7.77,4.38,1
2453,4.07,218.7,33.1,66.5,595.8,4.28,149.8,Forest,Sandy,1172.0,Poor,3.78,0,1.83,3.94,0
2454,5.89,268.0,34.1,43.8,679.6,4.34,232.3,Forest,Silty,1045.0,Good,1.82,1,5.69,4.86,0
2455,4.76,88.4,22.9,51.8,294.1,5.83,536.0,Wetland,Sandy,732.0,Average,0.86,0,4.8,5.66,0
2456,5.76,42.4,23.9,68.8,451.1,6.25,127.4,Wetland,Clay,488.0,Average,5.37,0,4.56,6.89,1
2457,5.47,212.3,25.2,96.4,276.7,3.01,91.3,Agricultural,Silty,1465.0,Good,1.16,0,6.59,4.78,0
2458,7.37,86.4,20.6,33.3,516.3,2.77,71.7,Agricultural,Silty,565.0,Average,5.02,1,3.84,4.77,0
2459,1.16,112.5,30.4,64.0,522.3,3.77,113.4,Forest,Loamy,939.0,Good,7.91,2,5.77,6.64,0
2460,10.0,95.0,22.2,63.5,186.0,1.57,106.4,Urban,Clay,466.0,Average,4.46,2,5.07,4.56,1
2461,8.75,307.1,20.2,69.1,790.7,5.92,35.7,Agricultural,Loamy,1107.0,Average,8.24,3,4.78,4.09,1
2462,2.67,104.6,30.4,91.4,382.6,5.58,73.2,Wetland,Loamy,405.0,Average,5.04,0,7.66,9.07,1
2463,5.87,201.5,23.8,79.4,320.0,4.62,45.5,Wetland,Silty,184.0,Poor,9.38,2,4.77,4.2,1
2464,3.06,116.0,25.2,82.1,718.3,1.79,49.9,Forest,Loamy,59.0,Average,5.58,1,3.47,7.77,0
2465,5.93,175.9,26.9,61.1,334.0,6.95,228.4,Wetland,Clay,756.0,Poor,3.41,0,1.9,5.82,1
2466,3.92,375.8,23.0,99.9,508.7,3.82,106.6,Agricultural,Clay,333.0,Average,8.62,2,8.66,4.5,0
2467,3.06,121.3,26.7,68.7,492.4,7.37,102.9,Urban,Loamy,495.0,Poor,6.2,1,7.7,2.7,1
2468,3.37,205.9,31.8,64.3,640.7,5.52,162.6,Forest,Loamy,806.0,Average,4.98,1,0.0,5.9,0
2469,7.46,334.7,23.0,62.9,506.5,1.27,104.3,Wetland,Clay,578.0,Good,4.61,1,7.24,4.35,0
2470,5.99,174.0,33.3,66.5,334.8,3.68,50.3,Barren,Sandy,1084.0,Poor,1.51,3,0.0,4.53,1
2471,1.09,,27.1,65.1,253.0,2.46,23.7,Wetland,Loamy,471.0,Good,,1,9.62,4.77,0
2472,7.6,90.1,23.0,75.2,536.2,3.9,362.5,Agricultural,Clay,2440.0,Average,3.05,0,7.14,4.56,0
2473,2.44,235.0,34.0,76.4,933.9,2.82,12.9,Urban,Loamy,1233.0,Average,2.19,1,9.22,7.79,1
2474,2.73,96.9,24.6,64.2,358.0,2.42,110.4,Urban,Clay,711.0,Poor,5.51,0,5.91,6.57,0
2475,4.61,378.5,26.8,79.1,481.8,7.7,413.3,Wetland,Loamy,603.0,Poor,4.88,0,3.5,8.7,0
2476,7.63,65.8,30.2,78.4,16.6,6.02,162.8,Forest,Sandy,1224.0,Average,6.39,2,5.4,4.39,1
2477,3.72,69.5,30.4,53.1,1075.1,8.42,12.2,Wetland,Loamy,1180.0,Average,1.33,0,5.08,4.92,1
2478,6.33,165.3,26.5,58.8,404.5,5.57,45.5,Agricultural,Sandy,1551.0,Poor,6.39,2,4.77,6.14,1
2479,1.87,121.0,24.3,76.6,110.8,4.12,600.0,Forest,Clay,1558.0,Poor,2.81,0,4.69,5.51,0
2480,6.81,51.9,31.9,74.3,714.2,4.98,85.5,Agricultural,Sandy,756.0,Average,5.72,0,9.06,7.69,1
2481,1.69,185.2,22.8,75.3,545.3,3.39,725.2,Agricultural,Loamy,252.0,Good,7.65,0,0.0,3.49,0
2482,2.4,218.8,32.8,90.1,234.9,2.13,41.4,Agricultural,Loamy,946.0,Average,3.5,0,2.73,7.85,0
2483,5.68,114.4,21.5,59.8,351.0,4.89,23.3,Forest,Clay,2910.0,Average,3.41,1,5.61,2.87,0
2484,8.78,91.5,25.2,62.5,829.0,5.51,245.9,Agricultural,Loamy,484.0,Average,6.39,1,7.54,4.72,1
2485,7.2,124.8,20.7,75.4,653.9,5.47,35.3,Forest,Silty,327.0,Poor,1.91,1,7.54,2.71,1
2486,3.42,251.0,25.5,83.7,426.8,3.89,543.4,Urban,Clay,561.0,Average,10.0,0,6.05,2.18,0
2487,5.93,146.6,24.3,69.1,267.3,3.28,155.4,Urban,Clay,531.0,Average,3.69,3,5.03,5.77,1
2488,5.35,166.8,22.4,67.3,304.3,3.51,28.3,Agricultural,Silty,4175.0,Average,4.58,1,5.93,6.08,0
2489,3.02,119.0,27.6,73.6,246.4,3.72,37.0,Forest,Silty,243.0,Good,6.56,0,3.79,4.01,0
2490,8.28,78.0,19.8,63.9,159.1,3.5,57.8,Forest,Loamy,274.0,Poor,5.97,1,2.53,2.77,0
2491,2.26,117.4,31.8,73.3,326.4,2.8,140.1,Agricultural,Sandy,1252.0,Average,8.15,1,4.75,7.48,0
2492,3.18,228.6,26.8,62.7,853.8,5.59,202.6,Agricultural,Silty,801.0,Average,2.28,4,4.35,1.31,0
2493,6.1,123.9,25.9,,588.1,3.67,10.6,Forest,Clay,1686.0,Average,7.71,1,5.29,3.58,0
2494,5.25,227.7,29.4,73.5,214.2,6.11,770.7,Forest,Clay,734.0,Good,7.95,2,5.04,3.83,0
2495,4.15,92.4,24.6,42.4,139.2,1.77,61.4,Agricultural,Clay,1363.0,Average,7.02,1,0.0,2.74,0
2496,5.49,272.1,23.4,95.1,219.8,7.51,176.5,Barren,Loamy,684.0,Average,5.88,1,4.71,5.36,0
2497,4.65,61.4,27.1,55.5,422.5,5.96,206.5,Urban,Clay,190.0,Average,2.99,2,8.81,4.91,1
2498,4.34,131.2,26.5,65.4,198.7,2.52,99.0,Agricultural,Loamy,63.0,Average,6.48,2,0.0,8.14,0
2499,5.3,232.8,29.6,79.3,676.4,3.56,377.8,Forest,Clay,781.0,Average,,3,6.07,3.33,0
2500,4.97,169.0,33.2,68.0,190.2,7.8,24.4,Forest,Clay,747.0,Average,3.93,1,3.38,5.04,0
2501,4.85,172.0,27.7,64.8,270.8,2.97,43.7,Agricultural,Clay,473.0,Average,8.92,1,5.16,4.1,0
2502,6.33,120.8,20.0,58.0,473.8,6.28,35.3,Forest,Silty,453.0,Average,4.48,2,3.64,7.43,1
2503,6.3,277.6,27.2,75.6,325.8,4.09,148.1,Agricultural,Silty,171.0,Poor,2.73,0,2.11,10.0,0
2504,10.0,90.9,28.5,37.9,194.7,5.54,57.7,Urban,Silty,335.0,Average,0.62,0,8.7,2.46,1
2505,3.98,168.2,26.0,72.2,418.3,,161.7,Barren,Clay,803.0,Poor,6.34,0,6.39,7.65,1
2506,5.94,272.4,27.9,74.5,726.4,5.71,35.9,Urban,Loamy,1052.0,Poor,6.1,2,6.62,5.98,1
2507,4.08,129.2,26.0,52.8,181.3,2.15,580.6,Urban,Loamy,599.0,Good,8.38,1,4.71,3.35,0
2508,4.61,145.0,26.4,78.5,596.5,4.57,169.1,Barren,Sandy,533.0,Poor,2.91,0,4.53,5.87,0
2509,4.22,92.6,22.7,64.0,184.3,5.13,60.6,Agricultural,Loamy,688.0,Average,4.14,2,8.09,1.49,1
2510,8.52,130.1,22.3,76.7,487.9,4.7,276.8,Urban,Sandy,1264.0,Poor,4.06,1,4.59,6.85,1
2511,4.73,204.0,22.7,60.5,145.4,2.18,31.8,Urban,Loamy,431.0,Poor,5.27,2,2.15,4.43,0
2512,4.72,148.1,22.2,62.7,242.2,5.2,47.2,Wetland,Clay,455.0,Poor,1.64,1,4.08,7.83,1
2513,5.33,116.9,28.6,68.7,876.5,3.05,270.2,Forest,Sandy,771.0,Good,6.03,2,2.95,3.55,0
2514,5.4,78.3,27.0,59.7,104.4,3.45,83.7,Forest,Clay,156.0,Average,5.03,1,4.84,2.93,0
2515,6.83,,23.5,82.2,323.3,0.86,39.3,Barren,Silty,2258.0,Average,2.5,0,5.44,4.32,0
2516,6.87,282.0,23.3,58.4,625.8,3.17,188.9,Urban,Loamy,640.0,Good,5.79,3,6.5,3.46,1
2517,5.2,224.5,21.7,69.3,533.1,3.67,340.5,Forest,Clay,780.0,Average,5.96,1,2.35,8.9,0
2518,5.11,120.3,28.3,79.1,341.3,4.47,15.8,Agricultural,Sandy,326.0,Poor,10.0,0,5.32,3.75,0
2519,4.33,104.5,28.5,45.2,134.8,3.69,52.1,Wetland,Loamy,127.0,Average,4.69,2,8.51,3.28,0
2520,7.9,245.2,21.4,86.0,394.8,9.54,203.3,Agricultural,Loamy,1033.0,Poor,5.41,1,5.4,6.97,1
2521,3.77,100.0,25.9,65.1,424.9,3.84,54.2,Wetland,Clay,485.0,Good,2.63,2,9.45,9.35,1
2522,4.94,131.8,25.8,69.9,594.9,6.14,12.7,Agricultural,Sandy,694.0,Average,5.73,2,6.8,6.39,0
2523,10.0,102.0,32.3,86.2,398.3,1.22,253.3,Barren,Clay,1095.0,Poor,2.51,2,3.4,4.95,1
2524,1.41,149.1,23.9,68.9,626.0,0.0,35.7,Urban,Loamy,1108.0,Average,2.65,2,1.3,2.94,0
2525,4.33,208.7,28.9,63.5,350.7,4.99,75.7,Forest,Sandy,982.0,Average,3.94,0,8.97,6.49,1
2526,6.42,104.6,23.4,46.9,710.8,3.93,194.1,Agricultural,Sandy,1216.0,Average,4.84,1,3.53,5.07,0
2527,3.32,233.2,28.0,77.9,703.0,3.69,46.0,Forest,Sandy,858.0,Average,3.71,0,7.1,6.47,0
2528,3.01,136.6,20.6,69.8,542.5,5.8,321.2,Agricultural,Sandy,501.0,Average,6.05,0,3.91,1.36,0
2529,4.32,186.8,20.9,69.2,329.3,,196.7,Agricultural,Sandy,501.0,Poor,1.94,0,5.84,5.46,0
2530,3.66,175.1,25.0,82.1,123.5,0.0,71.7,Agricultural,Loamy,606.0,Good,4.85,1,3.98,8.2,0
2531,6.24,120.3,28.6,53.5,467.9,6.5,182.9,Agricultural,Loamy,990.0,Average,6.55,1,2.38,4.06,0
2532,5.87,215.4,26.5,76.1,218.3,4.87,445.1,Forest,Loamy,851.0,Average,,2,3.72,2.97,0
2533,6.29,259.0,28.3,70.4,273.4,7.91,120.3,Agricultural,Loamy,712.0,Poor,7.11,1,4.8,3.55,1
2534,7.63,178.2,23.8,81.6,252.4,3.28,32.7,Wetland,Sandy,51.0,Average,1.98,1,4.03,3.31,1
2535,4.0,106.6,28.1,66.6,524.8,4.63,421.4,Urban,Loamy,451.0,Average,8.13,1,7.18,7.98,0
2536,3.27,128.8,38.3,68.0,587.1,5.26,110.5,Wetland,Sandy,142.0,Average,2.11,1,1.71,6.68,0
2537,8.2,51.4,24.9,60.1,368.6,5.43,138.7,Agricultural,Loamy,158.0,Poor,4.62,1,4.14,2.27,0
2538,6.61,344.2,25.0,72.7,405.8,5.7,13.9,Urban,Loamy,537.0,Average,2.02,0,4.01,5.07,1
2539,3.34,148.0,31.1,60.2,219.3,5.27,35.6,Wetland,Loamy,451.0,Average,,5,1.48,8.66,0
2540,3.37,260.6,16.0,,245.5,4.14,264.1,Agricultural,Silty,1091.0,Average,0.58,1,0.16,4.87,1
2541,3.42,237.2,27.6,100.0,438.4,8.1,134.1,Forest,Sandy,685.0,Average,6.04,0,10.0,3.26,0
2542,1.54,103.5,20.0,63.7,401.1,6.19,102.7,Wetland,Sandy,516.0,Average,3.02,0,6.49,6.17,0
2543,3.96,173.4,30.6,55.9,701.3,7.17,26.0,Urban,Loamy,55.0,Poor,1.88,0,5.65,10.0,1
2544,2.85,225.2,27.7,83.6,864.3,6.29,85.1,Barren,Silty,525.0,Average,7.22,1,2.49,6.49,1
2545,7.78,73.1,32.4,84.8,507.3,2.04,134.0,Forest,Clay,745.0,Average,7.86,3,2.86,4.67,0
2546,8.7,108.5,18.0,62.7,119.8,5.24,227.4,Urban,Clay,466.0,Good,3.1,2,6.05,4.44,1
2547,7.33,368.4,29.6,65.4,263.6,4.22,38.7,Forest,Sandy,673.0,Good,4.94,0,6.13,10.0,0
2548,5.84,122.2,19.4,74.2,952.6,5.05,95.2,Forest,Clay,789.0,Good,5.74,2,5.33,6.3,1
2549,8.77,138.2,28.6,74.1,658.4,5.22,674.0,Agricultural,Clay,1258.0,Average,8.92,0,9.82,7.52,0
2550,5.68,64.0,27.7,72.1,219.2,4.41,212.5,Barren,Loamy,210.0,Poor,3.3,1,3.74,4.27,0
2551,2.31,205.9,25.7,74.4,270.5,3.82,24.4,Wetland,Loamy,452.0,Average,2.23,3,0.0,7.52,1
2552,3.85,156.2,24.6,57.0,617.6,6.47,151.8,Urban,Silty,583.0,Good,5.08,1,4.34,4.36,1
2553,4.65,,30.4,69.2,116.2,5.02,80.1,Urban,Silty,864.0,Poor,5.89,1,3.95,5.46,1
2554,4.55,117.5,28.0,90.1,997.1,5.86,147.9,Forest,Loamy,432.0,Average,3.41,0,6.86,1.96,0
2555,6.06,482.9,23.7,70.7,616.8,0.75,539.5,Urban,Clay,377.0,Poor,8.38,2,4.37,7.37,0
2556,4.19,100.5,28.4,49.6,204.8,7.03,115.7,Forest,Clay,1328.0,Average,4.16,0,4.82,4.59,1
2557,4.7,166.4,31.2,68.6,394.7,5.55,381.3,Urban,Loamy,1506.0,Good,3.93,1,4.63,3.28,0
2558,2.86,201.2,28.9,52.9,350.0,2.27,31.3,Barren,Sandy,459.0,Good,5.72,2,2.55,5.42,0
2559,5.87,223.3,30.1,67.0,187.3,1.76,603.0,Urban,Sandy,556.0,Good,8.38,1,5.08,5.57,0
2560,3.12,56.3,28.0,42.7,360.6,2.67,75.9,Agricultural,Clay,402.0,Poor,3.72,0,5.22,4.66,0
2561,3.4,87.9,28.3,83.3,129.6,4.15,7.6,Agricultural,Silty,40.0,Average,2.07,0,1.09,7.12,0
2562,5.42,77.6,24.1,82.4,172.6,1.63,241.2,Agricultural,Clay,1114.0,Poor,2.2,2,4.03,4.1,0
2563,9.17,290.1,31.6,53.2,966.6,3.43,21.7,Urban,Sandy,1057.0,Average,6.73,1,3.45,4.27,1
2564,5.98,198.0,23.9,76.2,184.3,2.57,192.9,Agricultural,Loamy,460.0,Poor,2.68,1,6.56,3.63,0
2565,7.88,238.1,21.8,61.4,420.3,3.57,28.1,Agricultural,Silty,910.0,Average,8.83,0,5.05,9.08,0
2566,4.04,65.8,31.9,76.8,583.2,0.92,35.4,Urban,Silty,597.0,Poor,6.57,2,6.22,8.12,1
2567,6.45,365.0,21.6,76.1,234.7,4.29,13.3,Agricultural,Loamy,91.0,Average,4.33,3,5.23,3.8,0
2568,5.46,96.3,35.6,66.6,360.9,6.41,134.0,Forest,Sandy,539.0,Average,4.36,2,4.73,4.21,0
2569,5.15,186.3,24.9,95.3,233.0,5.65,78.6,Forest,Clay,1788.0,Average,4.95,1,6.54,3.91,0
2570,4.58,338.7,32.4,73.2,163.6,7.0,55.5,Agricultural,Sandy,489.0,Poor,6.4,1,0.0,5.56,0
2571,3.83,119.7,26.0,86.4,103.7,4.57,0.2,Wetland,Sandy,217.0,Poor,3.67,3,4.5,4.36,1
2572,1.97,141.0,25.4,95.1,244.7,5.41,2.4,Agricultural,Loamy,694.0,Poor,6.69,2,2.47,7.62,0
2573,6.1,144.0,23.9,60.9,449.4,5.58,515.6,Agricultural,Loamy,2339.0,Average,5.54,0,8.2,8.16,0
2574,7.4,167.8,24.4,41.9,914.6,4.9,13.6,Agricultural,Clay,189.0,Average,4.16,2,3.44,4.52,1
2575,4.08,138.5,20.9,88.1,942.1,5.24,46.5,Forest,Clay,2878.0,Average,10.0,2,2.65,4.81,0
2576,5.84,259.3,25.7,73.6,603.3,4.05,4.1,Wetland,Sandy,790.0,Average,0.8,2,6.54,4.94,1
2577,6.34,430.5,22.5,56.4,797.9,5.69,306.0,Urban,Silty,1035.0,Poor,8.46,4,5.62,10.0,1
2578,8.1,48.6,27.3,91.4,374.2,6.86,121.7,Urban,Loamy,1587.0,Average,6.56,1,6.83,0.22,0
2579,6.98,253.9,26.1,74.2,543.2,2.3,44.0,Agricultural,Clay,770.0,Average,3.75,1,4.58,3.79,1
2580,6.88,210.7,22.7,79.1,227.8,3.48,1.1,Forest,Sandy,1068.0,Good,5.24,0,5.03,4.44,0
2581,3.69,161.5,15.6,65.3,712.3,7.03,6.0,Agricultural,Silty,351.0,Poor,3.95,1,0.75,5.71,1
2582,2.86,67.2,25.2,65.3,498.9,4.02,124.6,Agricultural,Clay,670.0,Good,4.62,6,3.67,1.44,0
2583,4.99,114.8,26.6,68.3,639.1,4.87,187.4,Urban,Sandy,1782.0,Good,6.92,1,6.03,3.95,0
2584,5.39,202.4,26.8,55.8,145.3,3.76,274.1,Barren,Silty,437.0,Average,3.39,1,5.95,8.16,0
2585,5.52,244.6,28.9,68.4,282.8,2.57,118.1,Barren,Sandy,523.0,Average,1.7,2,6.69,6.07,1
2586,4.78,105.6,23.6,70.2,730.7,4.38,127.6,Barren,Clay,1043.0,Average,6.73,2,4.92,5.57,1
2587,2.05,84.8,31.6,50.1,259.3,0.86,80.1,Forest,Sandy,927.0,Poor,0.0,0,0.0,5.64,0
2588,7.32,,21.9,82.5,208.6,5.23,327.2,Forest,Silty,1127.0,Average,2.37,0,6.74,5.27,0
2589,8.1,76.3,26.4,65.7,726.0,6.77,116.5,Agricultural,Clay,1134.0,Good,1.49,1,6.94,0.86,1
2590,3.79,106.9,23.9,65.3,684.9,6.36,457.5,Barren,Clay,1851.0,Good,6.78,1,5.66,5.26,0
2591,6.69,270.2,26.3,84.6,314.4,6.48,282.9,Urban,Loamy,1975.0,Average,2.16,1,4.18,4.89,1
2592,2.49,120.9,23.9,66.0,623.1,4.34,60.8,Forest,Sandy,1201.0,Good,3.18,1,3.07,2.85,0
2593,2.01,236.9,25.5,71.4,366.8,6.27,194.4,Urban,Clay,834.0,Average,4.71,0,4.86,3.68,0
2594,6.92,98.1,32.0,60.5,448.6,7.01,25.4,Wetland,Loamy,1331.0,Good,0.79,0,5.32,8.88,1
2595,2.94,205.5,24.9,69.0,141.5,3.96,21.2,Forest,Sandy,1079.0,Average,5.11,0,6.29,5.62,0
2596,6.33,222.0,24.7,69.6,219.9,5.44,293.9,Forest,Sandy,1105.0,Good,1.83,2,2.19,6.5,0
2597,5.42,82.0,23.7,77.7,654.4,4.49,77.4,Agricultural,Loamy,689.0,Average,5.41,2,8.55,4.75,1
2598,3.53,114.7,28.7,72.2,865.0,6.42,335.5,Urban,Clay,578.0,Good,7.0,0,3.9,3.26,0
2599,5.74,92.8,27.1,56.6,375.9,4.45,173.6,Agricultural,Loamy,693.0,Poor,7.37,0,6.05,7.1,0
2600,4.25,70.4,31.8,73.6,702.6,5.61,218.0,Agricultural,Sandy,1617.0,Average,5.7,1,8.12,0.64,0
2601,3.76,81.3,22.6,58.5,604.1,4.86,219.2,Agricultural,Silty,2230.0,Average,3.12,3,5.28,2.79,0
2602,2.97,176.2,35.5,79.1,339.5,5.39,70.5,Urban,Loamy,844.0,Poor,5.1,3,5.31,3.2,1
2603,5.75,136.5,31.7,77.4,932.1,6.12,46.4,Agricultural,Loamy,615.0,Poor,4.02,1,3.43,5.68,1
2604,7.59,50.8,31.5,75.8,776.7,9.74,22.6,Urban,Clay,450.0,Poor,3.15,4,5.9,5.97,1
2605,2.28,127.8,34.2,71.4,699.0,3.59,35.1,Urban,Sandy,1050.0,Average,5.57,3,8.75,1.06,0
2606,3.24,62.2,29.7,62.7,340.2,4.62,76.8,Forest,Silty,186.0,Good,,0,10.0,2.83,0
2607,8.28,678.5593341529985,22.8,58.2,219.5,5.98,242.9,Urban,Loamy,298.0,Average,4.13,2,3.38,4.58,0
2608,6.96,156.6,25.7,77.7,283.5,6.49,767.4,Urban,Loamy,1090.0,Good,5.41,1,3.05,4.08,0
2609,4.96,56.4,22.9,74.7,673.7,7.76,64.3,Urban,Sandy,108.0,Poor,3.4,0,4.97,8.27,1
2610,4.48,236.5,27.3,70.4,685.8,3.48,205.3,Barren,Loamy,624.0,Good,7.32,0,6.38,3.22,0
2611,0.79,256.2,30.1,74.6,874.7,3.68,15.6,Agricultural,Clay,573.0,Good,4.33,1,5.38,3.92,0
2612,5.64,181.4,32.2,50.2,414.4,3.83,383.0,Wetland,Loamy,356.0,Good,3.92,2,5.57,3.56,0
2613,2.6,222.2,27.2,66.5,242.4,8.3,128.9,Forest,Silty,675.0,Poor,2.7,0,5.87,0.54,1
2614,3.69,151.8,31.9,72.2,167.5,3.17,319.3,Forest,Silty,284.0,Average,5.03,1,4.45,8.23,0
2615,5.04,163.7,31.8,90.3,349.3,1.67,269.1,Forest,Clay,788.0,Poor,4.56,1,0.0,6.18,0
2616,5.61,88.0,22.7,72.2,193.0,3.51,43.4,Agricultural,Clay,1365.0,Average,3.67,1,7.77,1.82,1
2617,4.48,231.8,29.3,63.1,583.0,3.2,356.7,Urban,Loamy,513.0,Average,3.95,1,2.67,7.04,0
2618,6.36,76.4,23.4,61.2,739.5,3.7,614.0,Agricultural,Silty,1857.0,Good,4.75,0,2.89,1.07,0
2619,2.59,217.1,31.3,68.3,845.5,4.84,230.3,Wetland,Clay,150.0,Average,8.76,1,9.15,2.93,0
2620,5.98,222.9,36.3,62.1,78.6,7.26,254.5,Forest,Silty,813.0,Good,8.19,2,5.87,4.76,0
2621,5.45,158.9,30.5,,254.4,7.46,58.5,Wetland,Silty,464.0,Poor,7.61,1,5.66,5.52,1
2622,8.02,159.3,24.0,80.9,183.8,7.55,91.4,Agricultural,Loamy,655.0,Average,8.6,2,5.58,7.15,1
2623,5.07,215.1,26.6,60.6,789.5,1.62,521.3,Wetland,Loamy,490.0,Average,6.95,0,0.0,6.64,0
2624,4.48,106.4,21.7,80.7,168.5,6.62,24.1,Urban,Loamy,1044.0,Average,3.1,1,5.64,3.2,1
2625,3.78,41.8,24.7,69.4,380.8,4.04,7.4,Agricultural,Clay,443.0,Average,2.59,0,5.84,4.09,0
2626,2.12,271.0,28.3,69.4,925.1,5.95,134.0,Urban,Clay,231.0,Good,7.63,0,4.52,0.83,0
2627,6.29,219.0,33.8,79.2,462.3,4.19,188.5,Agricultural,Clay,511.0,Average,6.5,0,3.76,6.07,0
2628,9.54,191.5,19.0,72.8,190.2,8.42,79.1,Urban,Loamy,496.0,Poor,4.7,2,2.28,8.7,1
2629,4.21,291.1,24.1,76.4,197.6,4.19,69.7,Agricultural,Sandy,977.0,Average,3.2,3,5.44,2.97,0
2630,8.25,27.0,28.8,74.6,248.0,6.3,67.6,Urban,Loamy,115.0,Average,3.67,1,5.54,2.23,1
2631,4.94,40.0,25.0,81.1,303.7,3.96,12.9,Forest,Clay,978.0,Poor,0.0,2,10.0,2.61,1
2632,3.31,21.7,28.1,62.8,61.1,6.58,361.9,Urban,Sandy,483.0,Average,9.27,1,5.56,6.64,0
2633,6.55,217.9,23.6,66.2,332.7,,292.1,Agricultural,Silty,134.0,Poor,3.22,1,0.44,1.54,0
2634,7.3,111.0,18.0,61.9,162.6,3.89,97.4,Wetland,Clay,408.0,Poor,6.68,1,5.25,6.46,1
2635,4.81,100.6,29.8,72.6,843.0,8.05,50.4,Forest,Clay,894.0,Average,3.4,0,10.0,2.37,0
2636,7.55,97.1,25.4,90.0,284.0,4.94,432.3,Barren,Loamy,366.0,Average,9.95,0,5.05,5.1,0
2637,0.94,,23.8,73.2,102.9,5.78,137.6,Agricultural,Clay,1029.0,,4.41,0,5.35,3.21,0
2638,4.13,159.7,24.5,54.4,630.1,1.69,485.3,Forest,Silty,746.0,Average,5.62,0,4.66,2.2,0
2639,4.39,78.3,25.0,82.4,1278.9,4.07,20.5,Agricultural,Loamy,482.0,,5.12,1,3.86,2.86,1
2640,9.27,179.7,30.1,57.0,801.9,5.22,38.1,Forest,Clay,89.0,Average,4.1,2,5.7,7.22,1
2641,4.32,207.8,26.3,,521.2,7.13,28.2,Forest,Clay,1194.0,Average,4.09,0,10.0,9.11,1
2642,2.57,72.8,23.3,55.6,489.5,0.0,429.5,Wetland,Clay,1279.0,Average,5.32,2,3.4,6.07,0
2643,5.36,90.6,32.0,80.2,505.4,4.09,6.0,Urban,Clay,1115.0,Poor,4.59,0,5.7,4.7,1
2644,7.58,299.4,24.1,81.6,183.4,8.45,198.6,Agricultural,Clay,518.0,Average,5.08,0,3.16,4.15,1
2645,6.29,147.5,23.3,66.7,603.0,8.08,291.7,Urban,Clay,992.0,Average,3.75,1,2.05,1.79,1
2646,5.11,255.0,18.1,87.2,454.9,5.03,27.2,Wetland,Sandy,547.0,Average,4.69,0,3.74,7.24,0
2647,1.04,61.0,23.0,55.8,533.8,6.87,45.7,Forest,Sandy,235.0,Average,9.87,0,8.77,3.36,0
2648,6.18,104.0,30.0,62.6,242.1,1.9,61.9,Barren,Clay,217.0,Poor,5.56,1,5.7,6.16,0
2649,6.87,116.7,30.0,73.2,560.6,8.37,119.9,Agricultural,Clay,378.0,Poor,3.37,0,1.34,6.4,1
2650,1.16,200.0,24.8,84.1,656.1,2.15,79.1,Wetland,Clay,582.0,Poor,5.42,3,1.22,6.59,0
2651,6.71,170.8,27.8,81.8,1281.9,5.35,76.1,Forest,Sandy,1644.0,Average,2.2,1,5.36,4.84,1
2652,5.94,173.5,25.9,81.9,283.4,,256.9,Forest,Sandy,281.0,Average,1.02,3,1.98,6.4,0
2653,3.28,159.5,25.8,83.7,434.9,,118.7,Wetland,Clay,1176.0,Average,3.71,0,5.54,8.27,0
2654,3.07,59.6,29.5,74.3,241.5,3.8,19.2,Forest,Sandy,770.0,Average,3.88,0,6.24,6.28,0
2655,2.91,213.3,22.0,80.1,343.8,6.84,188.5,Urban,Loamy,341.0,Average,7.16,0,6.4,2.73,0
2656,2.63,182.8,28.9,46.0,300.0,3.14,56.9,Forest,Loamy,271.0,Average,1.27,2,7.23,3.96,0
2657,4.78,89.8,24.2,61.7,872.8,3.09,362.0,Agricultural,Silty,496.0,Good,6.2,1,6.58,1.66,0
2658,5.15,147.9,23.7,88.2,537.1,4.58,22.6,Wetland,Clay,1078.0,Average,5.64,1,2.32,1.36,0
2659,9.82,144.2,23.0,83.3,522.9,6.39,25.6,Forest,Clay,1610.0,Average,2.0,2,4.11,2.81,1
2660,5.1,177.5,27.2,70.5,188.2,2.88,25.8,Forest,Loamy,966.0,Good,4.05,1,5.85,2.92,0
2661,3.16,107.4,26.2,79.3,693.8,7.49,309.8,Agricultural,Sandy,1059.0,Average,7.31,0,2.44,5.02,0
2662,4.88,407.8,31.9,80.1,362.2,4.92,152.4,Forest,Clay,493.0,Average,5.93,1,2.96,6.74,0
2663,3.4,199.8,29.3,67.9,586.7,5.39,78.4,Urban,Clay,1136.0,Average,7.14,1,5.4,3.18,1
2664,3.2,124.2,26.0,68.0,32.1,5.06,105.2,Agricultural,Silty,852.0,Average,3.65,1,6.93,4.67,0
2665,7.76,184.0,30.3,58.9,442.4,7.07,378.6,Barren,Loamy,991.0,Poor,2.88,2,1.54,7.52,1
2666,5.17,122.3,25.7,72.1,349.5,4.88,498.0,Barren,Sandy,1482.0,Poor,9.8,0,2.13,7.46,0
2667,6.82,129.0,22.7,50.0,535.4,5.75,172.9,Wetland,Clay,664.0,Poor,6.8,2,5.96,3.55,1
2668,1.92,109.9,25.9,60.7,901.3,5.66,80.1,Urban,Loamy,986.0,Average,7.85,0,0.97,4.29,0
2669,3.06,32.5,24.8,72.2,637.0,2.85,142.7,Urban,Clay,248.0,Poor,5.73,2,5.08,5.83,1
2670,0.0,151.4,31.7,75.1,97.1,4.46,459.5,Barren,Sandy,664.0,Poor,3.77,1,3.87,5.64,0
2671,5.74,142.9,33.0,80.4,1335.7,3.85,15.8,Urban,Loamy,629.0,Average,4.91,0,8.98,3.19,1
2672,5.13,50.3,25.2,76.5,503.3,2.51,47.6,Forest,Loamy,419.0,Average,4.87,2,5.51,5.97,0
2673,3.84,139.6,31.8,71.0,455.7,7.54,58.7,Agricultural,Clay,848.0,Average,4.67,1,8.35,2.48,1
2674,3.87,220.4,25.6,67.2,33.9,3.43,24.2,Barren,Loamy,410.0,Poor,0.64,0,7.75,7.37,1
2675,6.18,154.9,26.1,64.8,331.3,6.97,9.4,Urban,Sandy,1269.0,Good,7.22,0,7.71,6.39,1
2676,0.0,103.7,26.2,82.7,583.6,4.16,13.1,Forest,Silty,288.0,Good,5.96,0,0.08,5.45,0
2677,5.19,169.4,31.3,59.4,113.5,6.46,117.1,Forest,Clay,1041.0,Average,3.59,1,7.28,5.57,1
2678,6.31,42.9,24.3,66.0,328.2,4.11,327.0,Agricultural,Clay,873.0,Poor,7.25,1,4.36,3.37,0
2679,7.04,183.5,26.6,52.0,308.1,5.69,285.5,Forest,Clay,604.0,Average,0.75,1,9.57,9.92,1
2680,3.77,355.6,28.0,82.9,275.7,5.97,18.8,Forest,Sandy,1143.0,Good,8.22,0,8.9,5.65,0
2681,4.51,163.1,25.9,59.8,437.4,6.99,4.3,Forest,Loamy,536.0,Average,4.79,1,3.13,7.28,0
2682,3.18,100.2,27.4,55.4,734.4,8.8,159.8,Agricultural,Sandy,184.0,Average,4.17,0,2.31,2.11,0
2683,5.84,84.3,26.0,88.6,655.2,6.06,185.2,Urban,Silty,599.0,Poor,7.78,2,0.09,3.65,1
2684,5.7,290.7,25.8,71.2,776.7,8.29,142.5,Agricultural,Loamy,2367.0,Good,3.42,0,8.69,5.49,1
2685,3.9,221.9,25.0,86.8,521.2,3.27,48.6,Agricultural,Loamy,783.0,Poor,4.88,1,1.44,5.46,0
2686,4.9,136.3,32.1,75.2,498.8,3.68,42.3,Forest,Clay,486.0,Poor,3.12,1,6.46,4.79,1
2687,2.91,150.0,27.2,,210.5,6.22,369.1,Barren,Silty,321.0,Good,5.66,1,7.98,3.52,0
2688,6.61,62.0,23.5,82.5,331.4,5.44,727.7,Agricultural,Sandy,540.0,Poor,4.76,3,5.69,4.85,0
2689,4.25,113.2,25.8,75.8,691.3,2.71,92.8,Forest,Clay,542.0,Poor,5.6,0,5.47,5.41,0
2690,8.0,108.0,23.3,76.4,549.0,0.57,481.7,Urban,Silty,1250.0,Good,9.29,2,4.37,2.89,0
2691,8.4,,32.8,70.9,154.8,5.97,266.0,Agricultural,Clay,272.0,Average,3.56,0,2.83,3.45,1
2692,5.44,89.8,22.9,73.5,180.2,4.84,58.5,Forest,Loamy,362.0,Poor,3.08,1,5.0,4.26,1
2693,4.35,,24.1,78.5,398.7,7.73,219.6,Agricultural,Loamy,758.0,Average,6.34,0,3.47,6.94,0
2694,6.84,68.1,25.2,67.2,212.1,3.48,373.0,Agricultural,Sandy,506.0,Poor,6.41,0,7.04,4.0,0
2695,3.9,183.5,31.6,79.8,372.9,0.28,30.4,Barren,Silty,1555.0,Good,5.19,0,3.86,4.7,0
2696,1.09,241.9,27.3,71.1,522.3,6.03,1.1,Barren,Loamy,1953.0,Poor,6.49,3,9.02,4.08,1
2697,5.98,171.7,22.6,45.3,611.4,0.71,79.3,Agricultural,Loamy,140.0,Good,3.16,0,5.22,7.22,0
2698,3.91,276.0,25.5,88.8,424.3,6.09,514.3,Wetland,Loamy,488.0,Average,5.52,0,5.55,6.64,0
2699,5.38,95.2,30.8,76.0,295.9,3.43,16.1,Agricultural,Sandy,758.0,Average,5.99,1,4.0,5.72,0
2700,4.77,116.0,25.4,69.5,218.2,1.54,44.0,Barren,Loamy,1549.0,Poor,2.96,1,1.25,3.42,0
2701,1.77,127.5,23.3,85.8,672.6,5.18,32.8,Wetland,Sandy,1688.0,Average,5.29,0,6.19,6.54,0
2702,2.92,138.0,23.2,77.1,522.2,4.12,231.6,Wetland,Loamy,1097.0,Average,4.77,0,1.12,5.58,0
2703,4.09,261.7,26.3,85.9,327.5,4.3,39.1,Agricultural,Clay,792.0,Average,3.69,1,3.51,4.67,1
2704,3.87,35.7,22.6,66.6,1284.1,3.52,144.1,Urban,Silty,134.0,Average,5.01,1,4.47,5.04,1
2705,5.46,291.2,28.7,78.3,1058.0,4.79,156.8,Forest,Clay,1250.0,Average,6.18,1,0.95,4.89,0
2706,8.44,192.3,29.1,64.7,210.8,2.93,255.1,Urban,Loamy,457.0,Good,0.0,5,5.9,2.19,1
2707,6.1,165.0,28.4,79.0,495.4,3.76,11.8,Forest,Loamy,931.0,Poor,4.99,0,8.99,1.1,1
2708,6.46,72.1,16.7,76.2,320.5,4.5,69.9,Forest,Loamy,890.0,Good,4.15,0,1.94,6.21,0
2709,6.61,,28.4,69.1,248.3,1.79,20.4,Forest,Sandy,694.0,Average,4.96,0,7.47,9.45,0
2710,5.94,134.6,30.3,64.4,369.2,2.46,4.4,Forest,Loamy,428.0,,4.88,0,6.07,4.06,0
2711,9.38,146.7,27.6,71.1,206.7,6.07,19.8,Forest,Loamy,904.0,Good,5.29,4,4.41,2.16,1
2712,3.38,170.5,27.2,48.4,213.7,2.07,32.8,Forest,Loamy,1276.0,Poor,0.5,2,7.25,6.31,0
2713,3.76,51.1,24.2,81.7,339.4,7.83,248.5,Wetland,Clay,117.0,Good,7.02,1,3.36,3.74,0
2714,2.09,60.8,25.3,63.2,177.0,7.19,312.4,Wetland,Sandy,378.0,Good,4.77,3,7.07,5.67,0
2715,5.32,245.2,22.9,70.1,1136.7,4.24,7.7,Urban,Sandy,869.0,Average,2.94,0,5.35,5.28,1
2716,2.81,41.2,25.8,53.0,786.9,9.53,21.2,Forest,Sandy,1169.0,Average,3.85,0,4.63,4.77,0
2717,4.42,70.7,26.0,55.2,222.3,3.17,311.1,Barren,Silty,1126.0,Good,5.59,0,6.8,3.89,0
2718,6.92,341.0,27.5,,509.2,4.51,276.1,Urban,Sandy,861.0,Poor,4.13,2,9.19,4.5,1
2719,8.89,158.6,28.3,80.5,522.4,0.97,115.4,Forest,Sandy,597.0,Average,6.78,0,8.35,3.44,0
2720,7.55,41.5,30.6,57.4,964.0,4.68,15.4,Agricultural,Loamy,2065.0,Good,4.43,2,5.11,6.85,1
2721,5.21,80.0,24.8,80.7,336.4,4.86,11.8,Agricultural,Loamy,1070.0,Average,4.13,2,6.5,6.23,1
2722,4.63,191.7,25.0,70.4,164.8,4.32,179.3,Urban,Sandy,968.0,Average,7.77,3,9.79,3.39,0
2723,2.63,,20.7,70.0,635.0,3.63,29.2,Forest,Sandy,1018.0,Poor,1.68,0,8.13,7.51,1
2724,5.96,59.5,23.7,78.8,939.5,5.91,8.7,Agricultural,Clay,143.0,Poor,6.21,2,0.0,4.97,1
2725,6.13,128.6,29.5,63.3,330.3,11.09,369.8,Agricultural,Loamy,213.0,Good,3.53,0,5.4,6.56,0
2726,7.1,87.6,33.2,85.9,479.5,5.8,446.7,Forest,Sandy,909.0,Poor,3.98,0,4.3,9.26,0
2727,3.92,127.4,25.2,67.6,223.2,6.15,552.0,Urban,Clay,384.0,Poor,5.17,0,3.7,2.14,0
2728,3.58,94.8,27.6,69.3,317.2,7.34,637.4,Wetland,Clay,819.0,Average,4.99,0,7.18,3.66,0
2729,5.31,,30.5,59.0,107.2,4.79,219.2,Forest,Loamy,528.0,Average,4.94,0,6.65,6.18,0
2730,3.7,,25.0,83.9,323.5,3.83,118.6,Urban,Sandy,696.0,Average,2.74,1,4.72,3.74,0
2731,2.37,159.4,31.7,64.2,169.8,5.82,49.0,Wetland,Clay,766.0,Average,0.34,0,0.81,6.68,0
2732,4.71,103.9,32.4,68.6,265.7,9.03,325.9,Agricultural,Loamy,239.0,Average,2.71,0,4.46,5.76,0
2733,2.56,98.1,29.7,71.7,691.4,5.09,4.6,Urban,Clay,723.0,Poor,5.26,0,5.2,2.67,1
2734,5.46,98.0,30.4,64.8,370.7,5.61,125.7,Urban,Sandy,303.0,Poor,2.48,1,8.64,4.17,1
2735,5.55,64.3,26.7,90.1,483.1,3.33,227.6,Forest,Sandy,191.0,,5.42,1,2.18,3.8,0
2736,3.22,91.6,21.1,75.2,388.4,3.52,75.0,Forest,Loamy,228.0,Good,4.47,1,1.77,7.75,0
2737,9.63,147.9,26.6,75.8,282.1,6.14,156.2,Forest,Sandy,406.0,Poor,8.26,0,5.19,8.01,0
2738,3.79,89.7,28.3,58.5,460.9,7.91,194.6,Forest,Clay,416.0,Poor,4.52,0,5.5,5.19,1
2739,6.21,91.0,22.6,72.2,657.8,6.04,369.7,Barren,Clay,1743.0,Good,5.67,1,1.68,7.94,0
2740,7.77,111.7,31.7,79.5,473.1,4.01,6.8,Agricultural,Silty,873.0,Average,7.12,3,4.96,6.67,1
2741,7.15,172.5,35.6,67.8,425.1,6.1,42.4,Urban,Clay,890.0,Poor,2.83,0,9.2,3.71,1
2742,6.98,122.2,23.8,75.4,156.5,6.26,31.1,Barren,Silty,915.0,Poor,3.74,1,4.1,1.45,1
2743,6.89,117.4,23.7,82.6,330.6,5.34,105.1,Agricultural,Clay,915.0,Average,5.7,2,9.92,5.14,1
2744,2.82,233.9,31.9,70.9,635.0,7.77,36.8,Agricultural,Loamy,90.0,Good,3.7,2,2.84,0.81,0
2745,1.75,282.3,27.3,77.1,505.6,4.3,36.2,Urban,Clay,1675.0,Average,5.61,0,2.44,6.18,0
2746,6.26,524.6,25.9,58.4,144.9,2.87,11.1,Barren,Sandy,602.0,Poor,8.03,2,2.82,6.91,0
2747,4.49,206.0,28.3,61.8,446.3,5.28,272.8,Wetland,Sandy,176.0,Average,1.44,1,4.77,6.59,0
2748,8.08,169.5,28.0,75.7,80.7,3.49,117.7,Barren,Loamy,717.0,Poor,5.84,1,7.26,5.39,1
2749,1.92,180.9,25.5,48.4,133.6,2.01,226.4,Wetland,Loamy,1374.0,Good,6.05,1,0.14,6.34,0
2750,5.58,111.8,24.1,88.1,252.9,7.02,524.6,Agricultural,Loamy,582.0,Good,5.55,2,4.86,9.15,0
2751,0.56,164.0,26.1,74.6,816.0,4.73,89.4,Forest,Clay,512.0,Average,8.31,2,3.15,6.16,0
2752,3.86,269.5,31.7,59.5,644.9,5.94,12.7,Agricultural,Loamy,1305.0,Good,5.66,0,5.58,3.29,0
2753,5.28,274.5,32.8,57.7,164.6,3.7,265.3,Barren,Sandy,1123.0,Poor,2.86,1,0.07,5.35,0
2754,2.58,96.6,22.8,71.7,384.8,5.66,134.8,Wetland,Sandy,71.0,Good,,0,2.92,6.32,0
2755,4.32,101.0,29.2,72.4,937.5,2.83,138.2,Urban,Sandy,253.0,Average,2.15,0,4.26,7.77,0
2756,3.86,96.5,28.1,68.4,314.9,2.41,78.4,Agricultural,Sandy,646.0,Average,5.83,1,4.92,2.82,0
2757,5.72,219.1,32.2,82.4,481.7,1.91,251.6,Urban,Clay,1538.0,Average,5.04,2,6.77,9.14,0
2758,3.94,,23.9,79.4,349.7,4.31,72.1,Agricultural,Silty,732.0,Poor,5.15,3,1.96,6.58,1
2759,4.18,196.2,28.1,55.8,153.3,3.22,145.5,Wetland,Clay,984.0,Good,7.61,1,4.56,7.45,0
2760,2.34,427.3,24.5,77.0,592.6,2.95,95.0,Barren,Silty,878.0,Good,6.05,0,0.0,6.27,0
2761,2.23,234.3,25.6,64.8,442.0,3.28,71.7,Wetland,Loamy,639.0,Poor,3.4,1,9.44,4.03,1
2762,0.44,209.0,22.3,91.6,301.7,2.58,78.2,Forest,Clay,198.0,Poor,6.95,1,4.82,5.41,0
2763,3.7,227.7,22.0,63.7,456.5,3.38,188.7,Urban,Clay,434.0,Average,6.21,1,5.44,3.58,0
2764,5.97,138.2,28.1,70.3,681.9,6.18,132.7,Agricultural,Clay,2398.0,Average,5.09,0,1.79,3.93,1
2765,5.84,274.4,30.1,56.4,461.3,3.31,494.1,Agricultural,Sandy,1842.0,Poor,7.63,1,9.27,6.68,0
2766,2.82,74.4,30.2,67.7,325.7,6.02,543.9,Urban,Loamy,565.0,Average,1.61,1,5.96,4.06,0
2767,5.64,139.7,19.2,70.0,258.1,3.22,46.4,Wetland,Loamy,2564.0,Average,5.16,0,6.58,3.86,1
2768,6.52,169.3,28.0,83.7,779.2,4.05,95.4,Forest,Sandy,587.0,Good,3.44,0,6.1,3.75,0
2769,4.17,118.5,27.2,58.9,293.2,2.88,40.9,Forest,Loamy,1428.0,Poor,3.32,0,4.28,4.56,0
2770,1.99,128.3,20.5,91.3,76.0,3.04,14.6,Urban,Sandy,1230.0,Average,7.53,0,4.9,5.29,0
2771,8.55,114.0,29.9,65.5,173.8,3.88,65.6,Urban,Clay,660.0,Poor,6.89,1,4.42,5.9,1
2772,5.75,148.5,26.4,54.9,498.6,3.58,14.0,Agricultural,Clay,102.0,Average,5.04,1,4.72,6.67,0
2773,5.24,204.1,24.8,89.2,175.8,6.39,172.0,Agricultural,Loamy,1224.0,Good,2.14,2,3.66,7.11,1
2774,3.2,154.4,24.9,87.7,292.0,3.29,14.2,Agricultural,Loamy,605.0,Average,6.04,2,4.57,10.0,0
2775,2.89,143.8,26.0,61.8,295.0,3.25,10.4,Agricultural,Clay,1365.0,Good,1.78,1,4.66,4.79,0
2776,7.15,218.7,26.7,79.0,388.2,4.85,168.1,Agricultural,Clay,542.0,Average,6.04,0,5.79,6.6,1
2777,4.8,136.2,22.2,65.8,180.0,4.23,306.0,Forest,Clay,764.0,Poor,3.86,0,4.55,6.12,0
2778,1.39,227.7,31.9,90.5,271.5,2.53,40.1,Urban,Sandy,1033.0,Average,2.34,0,2.32,5.11,0
2779,8.41,235.8,31.5,62.4,413.9,6.34,268.1,Agricultural,Loamy,968.0,Average,6.57,3,2.55,6.53,1
2780,5.1,243.0,20.7,63.6,377.8,7.23,326.4,Urban,Clay,1017.0,Poor,6.09,1,7.4,5.96,1
2781,9.02,242.5,30.6,50.9,283.4,2.46,66.6,Urban,Silty,229.0,Good,5.65,1,7.78,4.71,1
2782,3.25,237.6,24.4,68.9,290.4,1.31,208.6,Wetland,Sandy,1270.0,Good,3.02,0,4.33,4.45,0
2783,6.66,148.3,28.5,44.4,376.8,2.03,191.0,Forest,Loamy,1883.0,Average,6.61,2,2.4,8.26,0
2784,2.47,130.2,24.8,74.0,391.5,3.43,103.4,Agricultural,Clay,2109.0,Average,,1,6.64,5.63,0
2785,8.49,108.3,28.7,76.3,138.0,7.32,22.9,Urban,Loamy,1306.0,Poor,8.98,1,7.74,5.0,1
2786,2.67,119.1,22.6,60.3,172.6,7.67,289.8,Forest,Clay,973.0,Poor,4.98,0,5.58,6.7,0
2787,2.02,142.3,27.1,59.3,368.4,1.41,186.1,Barren,Loamy,684.0,Poor,4.53,2,4.84,0.51,0
2788,4.77,330.2,22.3,51.9,273.8,6.29,64.5,Forest,Clay,829.0,Poor,3.68,0,3.9,7.12,1
2789,2.07,130.8,31.3,71.0,239.5,4.67,60.1,Agricultural,Loamy,915.0,Good,4.53,1,3.65,1.58,0
2790,1.9,232.9,28.2,54.2,809.3,6.33,646.1,Agricultural,Sandy,679.0,Poor,2.35,2,4.38,1.82,0
2791,5.9,91.0,26.0,66.4,810.1,3.69,94.4,Urban,Clay,491.0,Good,7.5,1,3.58,6.11,0
2792,3.91,284.5,27.4,55.9,506.1,1.25,90.9,Agricultural,Silty,136.0,Average,5.57,1,6.97,4.95,0
2793,6.06,102.7,35.1,74.2,105.7,3.74,142.1,Agricultural,Silty,944.0,Poor,3.6,0,2.37,3.02,0
2794,4.03,128.8,24.0,68.4,235.1,4.99,24.5,Urban,Loamy,1291.0,Good,6.62,1,2.77,7.36,0
2795,5.99,181.3,31.4,66.2,329.2,2.98,86.4,Forest,Sandy,510.0,Average,6.62,2,2.79,4.14,0
2796,5.69,88.5,29.4,61.6,490.5,5.36,135.5,Forest,Loamy,456.0,Good,2.85,1,3.63,7.52,0
2797,6.74,134.7,29.1,57.4,71.0,5.86,148.8,Barren,Sandy,400.0,Poor,6.08,1,3.58,6.09,0
2798,0.26,60.9,31.1,76.5,354.3,4.99,99.4,Urban,Sandy,218.0,Good,3.73,0,1.35,7.13,0
2799,4.84,256.9,32.9,73.1,194.4,4.85,54.7,Agricultural,Sandy,774.0,Poor,2.2,0,1.66,5.41,1
2800,5.24,299.0,25.5,53.2,368.4,6.71,300.3,Agricultural,Sandy,920.0,Average,,0,7.22,1.11,0
2801,3.18,45.3,24.2,61.4,501.3,4.47,236.3,Agricultural,Clay,1096.0,Poor,7.61,1,6.46,6.23,1
2802,9.67,32.9,29.0,80.1,93.4,3.91,33.6,Agricultural,Sandy,827.0,Good,,0,9.21,5.7,0
2803,1.69,255.5,22.6,41.8,193.2,6.79,137.8,Barren,Clay,532.0,Poor,5.72,1,4.84,5.34,1
2804,4.63,136.3,29.1,52.5,353.2,3.22,246.5,Wetland,Silty,256.0,Poor,3.86,0,7.57,3.26,0
2805,5.0,440.9,22.7,71.8,189.9,1.4,238.4,Barren,Sandy,839.0,Good,2.89,0,6.78,3.59,0
2806,6.3,57.8,25.5,78.3,650.8,3.41,267.1,Urban,Sandy,221.0,Good,5.36,2,5.39,4.8,0
2807,5.03,179.6,25.8,80.4,503.7,4.35,80.8,Agricultural,Clay,1090.0,Poor,6.52,0,7.53,6.47,0
2808,5.76,207.0,22.3,73.8,393.0,4.62,3.4,Agricultural,Loamy,866.0,Average,5.17,1,7.43,4.15,0
2809,5.27,250.4,27.7,87.5,568.0,3.56,137.9,Barren,Sandy,848.0,Good,5.23,1,2.46,6.75,0
2810,2.55,272.3,30.2,62.8,848.7,2.63,214.7,Forest,Loamy,688.0,Average,9.25,1,3.35,3.41,0
2811,1.76,83.2,25.1,65.1,126.1,6.19,126.9,Urban,Loamy,492.0,Average,0.81,0,7.3,6.22,0
2812,5.3,295.6,30.8,91.2,500.8,3.19,101.9,Barren,Loamy,2129.0,Average,5.85,0,8.31,6.49,0
2813,4.57,129.1,33.8,83.7,512.7,5.21,7.4,Agricultural,Silty,273.0,Poor,4.7,1,4.91,4.37,1
2814,5.84,58.0,21.0,59.4,1322.8,3.49,69.5,Agricultural,Clay,955.0,Good,7.05,1,8.31,4.89,1
2815,5.93,95.3,34.9,71.4,292.6,4.17,283.1,Agricultural,Clay,392.0,Poor,8.0,1,7.55,6.72,0
2816,3.77,222.5,30.0,66.0,713.3,0.0,30.3,Agricultural,Sandy,810.0,Average,5.19,0,5.52,3.53,0
2817,4.64,,32.8,74.5,451.3,2.45,121.9,Forest,Loamy,1365.0,Average,3.57,0,5.04,4.0,0
2818,2.57,209.5,25.3,65.3,728.8,5.47,20.8,Urban,Loamy,269.0,Poor,0.11,3,4.62,4.51,1
2819,7.82,251.9,29.2,55.7,690.7,2.5,138.6,Urban,Silty,918.0,Average,5.82,0,1.42,6.08,0
2820,5.06,120.7,27.5,80.4,366.8,4.56,25.3,Wetland,Sandy,398.0,Poor,6.6,1,3.44,8.08,0
2821,5.91,200.9,36.1,87.4,703.7,2.9,215.7,Urban,Sandy,443.0,Good,6.37,0,8.7,2.44,0
2822,4.13,239.2,33.5,61.1,309.3,2.46,3.2,Wetland,Clay,507.0,Poor,3.72,2,5.77,4.36,1
2823,4.03,71.5,24.9,65.9,207.5,10.4,552.3,Agricultural,Loamy,793.0,Average,1.38,0,3.18,2.85,0
2824,3.45,112.5,24.6,72.0,408.2,2.05,29.9,Agricultural,Clay,835.0,Average,1.64,1,5.49,6.45,0
2825,3.34,49.5,34.1,55.4,382.6,8.21,44.6,Forest,Clay,1579.0,Good,4.47,2,5.62,4.89,0
2826,6.87,153.8,23.4,57.0,297.4,2.76,181.2,Forest,Sandy,869.0,Average,3.92,1,3.92,8.08,0
2827,10.0,124.1,24.1,64.6,626.7,3.73,1.0,Agricultural,Clay,445.0,Poor,4.53,0,6.22,1.32,1
2828,3.81,76.7,32.8,66.5,373.3,0.89,152.7,Urban,Clay,248.0,Average,7.42,0,2.86,0.97,0
2829,0.0,207.8,28.9,92.8,407.4,3.65,103.3,Urban,Sandy,278.0,Average,6.93,1,8.44,6.0,0
2830,4.24,267.1,32.5,76.7,525.5,6.24,137.0,Urban,Sandy,541.0,Poor,5.18,0,5.59,6.18,0
2831,2.68,127.2,26.0,67.6,653.2,6.26,80.6,Agricultural,Loamy,587.0,Poor,1.38,1,2.76,2.8,1
2832,2.9,92.4,32.8,57.2,402.2,6.26,518.1,Agricultural,Sandy,1486.0,Average,7.71,1,7.99,4.85,0
2833,2.38,215.6,27.6,74.2,468.0,1.45,174.9,Forest,Sandy,642.0,Average,5.74,1,5.21,5.71,0
2834,5.16,126.5,26.2,73.1,79.9,3.6,66.6,Agricultural,Sandy,752.0,Average,9.93,2,5.36,4.01,0
2835,5.88,203.4,30.7,64.6,584.6,3.05,102.7,Urban,Sandy,633.0,Average,2.99,0,4.37,1.88,0
2836,0.45,205.6,33.9,91.8,253.4,0.73,402.6,Agricultural,Clay,1231.0,Good,1.53,2,4.94,3.97,0
2837,2.05,152.9,26.3,54.7,160.4,5.57,216.6,Wetland,Clay,402.0,Average,6.95,0,3.71,4.55,0
2838,6.28,196.8,27.2,56.9,381.8,2.43,172.1,Agricultural,Sandy,1035.0,Poor,2.04,0,4.89,2.51,1
2839,3.72,103.6,23.2,77.2,510.8,5.99,120.7,Agricultural,Clay,1550.0,Average,2.41,0,0.0,2.2,0
2840,7.38,210.7,24.3,65.0,369.3,,77.6,Urban,Silty,306.0,Poor,,1,2.51,3.84,0
2841,4.88,310.9,26.0,82.7,444.0,6.63,103.2,Forest,Clay,180.0,Average,2.61,1,2.09,7.54,1
2842,6.64,82.8,20.1,63.0,275.5,3.36,70.9,Wetland,Loamy,1639.0,Average,2.12,1,6.69,5.83,1
2843,6.21,,20.6,62.8,431.2,4.26,220.3,Forest,Sandy,816.0,Average,3.48,0,8.16,6.7,0
2844,9.72,187.6,24.9,51.5,721.3,7.25,114.8,Urban,Clay,1262.0,Poor,4.01,1,0.99,3.68,1
2845,3.21,270.0,26.0,63.8,479.5,1.02,11.2,Urban,Silty,1368.0,Average,6.08,2,1.13,0.83,0
2846,0.89,91.9,31.9,66.1,285.8,7.39,186.8,Agricultural,Loamy,274.0,Good,5.4,0,4.23,3.24,0
2847,8.13,181.1,32.9,77.8,533.9,7.87,28.8,Forest,Silty,762.0,Average,6.54,1,3.16,8.03,1
2848,2.6,109.5,23.0,65.9,407.3,6.49,258.6,Forest,Clay,429.0,Average,7.54,1,6.71,6.08,0
2849,2.98,119.7,34.0,86.4,185.2,2.86,158.1,Urban,Silty,706.0,Poor,4.8,1,4.95,8.71,0
2850,1.96,233.4,26.5,47.9,774.4,5.99,48.2,Forest,Loamy,1786.0,Poor,6.54,1,1.45,8.75,0
2851,7.97,280.8,27.1,55.4,317.3,2.65,178.5,Barren,Clay,690.0,Average,6.4,1,3.37,6.33,1
2852,6.52,204.1,23.2,84.7,774.3,6.69,97.1,Forest,Sandy,168.0,Poor,4.35,0,4.41,5.92,0
2853,1.67,121.1,24.8,60.8,767.9,5.32,69.1,Barren,Sandy,1258.0,Good,4.45,0,7.75,3.94,1
2854,7.6,103.8,24.7,90.9,706.6,7.39,302.4,Wetland,Clay,589.0,Poor,8.25,1,2.67,8.19,1
2855,6.21,155.5,18.9,78.1,484.8,3.46,27.4,Urban,Clay,270.0,Average,6.87,0,5.99,2.16,0
2856,6.83,184.6,34.3,68.8,686.1,0.24,11.5,Urban,Clay,920.0,Poor,,0,6.46,2.9,1
2857,4.3,134.1,30.2,72.3,182.3,8.49,317.3,Forest,Sandy,1090.0,Average,6.91,2,9.15,2.75,0
2858,4.7,70.5,30.8,45.1,615.8,7.14,16.0,Urban,Loamy,397.0,Average,0.0,1,2.58,4.12,1
2859,4.95,81.8,25.9,75.7,1047.7,4.42,1006.2,Urban,Loamy,1513.0,Average,3.67,1,4.53,2.37,0
2860,4.32,165.0,33.5,78.3,173.3,6.34,318.6,Agricultural,Sandy,1383.0,Average,4.57,0,2.85,3.05,0
2861,9.45,315.9,32.1,74.8,415.1,2.64,20.0,Wetland,Clay,515.0,Average,6.98,2,6.36,2.32,1
2862,4.71,141.6,27.7,57.1,810.3,4.73,73.4,Agricultural,Clay,545.0,Poor,1.45,1,5.27,1.78,1
2863,2.32,252.3,22.8,64.6,181.5,6.05,11.4,Urban,Clay,2857.0,Good,4.23,1,5.58,3.36,1
2864,4.27,72.6,28.3,74.3,674.5,4.46,39.3,Agricultural,Loamy,1734.0,Poor,6.84,0,8.21,8.18,1
2865,1.32,233.1,22.7,57.1,254.4,6.86,24.1,Urban,Sandy,326.0,Average,7.32,1,4.29,2.18,0
2866,3.45,101.6,25.4,67.4,576.1,3.01,494.0,Barren,Clay,1133.0,Average,4.15,0,4.74,5.11,0
2867,3.31,106.1,25.9,61.1,365.0,7.04,59.8,Forest,Loamy,1118.0,Average,3.53,0,3.06,2.35,0
2868,3.27,163.1,26.6,77.8,679.0,4.05,306.5,Forest,Sandy,1111.0,Average,1.3,2,5.38,4.41,0
2869,1.56,98.9,33.9,58.1,506.2,3.01,165.6,Forest,Sandy,1009.0,Good,3.32,1,5.4,5.51,0
2870,4.51,145.7,28.0,54.0,427.0,3.73,45.5,Agricultural,Clay,899.0,Average,5.84,2,3.5,6.91,1
2871,5.19,120.0,24.8,71.8,434.4,4.98,970.5,Forest,Silty,1022.0,Average,4.35,2,6.21,6.04,0
2872,7.31,140.8,18.9,70.3,702.2,1.34,81.3,Forest,Loamy,1297.0,Average,2.97,1,3.38,5.89,0
2873,1.07,194.9,25.3,93.1,1221.5,4.4,57.1,Forest,Silty,247.0,Poor,4.23,2,1.8,3.04,1
2874,3.22,157.3,24.4,76.1,345.0,6.36,146.0,Agricultural,Clay,625.0,Average,5.24,1,8.46,5.58,0
2875,6.18,,23.7,84.6,493.4,6.2,64.8,Agricultural,Clay,574.0,Poor,6.7,3,2.85,2.74,1
2876,4.68,193.8,29.7,55.7,404.4,5.0,17.2,Urban,Clay,1075.0,Average,4.7,2,1.83,5.29,1
2877,7.0,124.4,30.6,66.5,238.3,0.67,190.2,Urban,Clay,411.0,Average,3.53,1,3.07,6.5,0
2878,1.81,61.8,23.0,60.7,445.9,2.8,99.7,Urban,Sandy,589.0,Average,3.52,2,0.0,6.49,0
2879,1.92,150.9,21.6,91.3,469.8,4.98,566.1,Forest,Sandy,2613.0,Good,0.58,0,8.12,6.66,0
2880,4.81,215.7,27.5,,64.5,2.06,218.4,Agricultural,Silty,224.0,Poor,5.16,6,5.46,1.51,0
2881,6.0,142.8,27.0,55.2,562.9,5.36,11.2,Urban,Sandy,111.0,Average,4.67,0,2.37,5.04,0
2882,3.31,113.9,25.7,67.8,437.5,5.91,204.6,Agricultural,Sandy,378.0,Average,7.62,0,7.58,3.59,0
2883,5.59,76.9,31.0,79.2,151.0,4.98,209.5,Agricultural,Loamy,1261.0,Average,5.01,1,5.99,5.35,0
2884,5.36,77.0,30.9,60.5,253.9,5.46,68.7,Wetland,Loamy,1109.0,Poor,9.89,2,7.32,3.62,1
2885,5.07,207.4,22.5,93.2,784.6,3.96,451.7,Urban,Loamy,330.0,Poor,2.18,1,5.25,7.21,0
2886,5.26,106.7,17.1,60.0,582.1,5.51,22.6,Wetland,Sandy,2538.0,Average,6.69,1,3.85,2.62,0
2887,7.25,41.2,33.6,73.0,149.3,4.98,216.1,Urban,Loamy,1412.0,Poor,0.75,0,4.19,2.9,1
2888,4.46,298.7,27.6,79.2,227.4,5.71,385.0,Urban,Sandy,718.0,Average,3.61,1,7.19,5.65,0
2889,6.95,144.9,30.9,81.8,134.5,2.24,22.8,Wetland,Loamy,486.0,Average,6.52,0,5.23,3.69,0
2890,0.67,340.8,23.4,55.8,371.2,4.97,188.9,Barren,Sandy,1141.0,Good,7.81,2,4.39,4.43,0
2891,6.17,347.3,23.1,89.1,190.5,4.04,2.1,Barren,Clay,736.0,Poor,5.89,3,4.99,4.21,1
2892,10.0,201.2,25.6,51.2,700.4,6.81,379.4,Agricultural,Loamy,574.0,Average,10.0,0,1.64,5.27,0
2893,3.84,85.4,19.7,61.4,664.5,7.91,77.0,Urban,Loamy,376.0,Average,7.97,1,3.32,5.12,1
2894,2.8,161.6,26.4,75.2,1403.5,5.19,37.1,Urban,Sandy,513.0,Poor,8.97,1,7.77,4.39,1
2895,4.19,338.6,31.0,68.0,416.5,7.45,365.1,Urban,Clay,544.0,Average,5.61,1,5.15,2.34,0
2896,6.37,166.2,31.3,87.6,298.5,5.8,248.1,Agricultural,Silty,199.0,Good,5.11,0,7.66,2.66,0
2897,4.1,149.1,22.8,54.9,746.0,5.62,19.3,Barren,Clay,779.0,Poor,5.19,2,4.53,1.69,1
2898,2.75,112.7,20.0,93.8,309.2,1.67,3.0,Forest,Clay,193.0,Poor,,1,8.22,5.75,0
2899,2.23,164.2,28.1,89.4,144.8,0.62,129.9,Urban,Loamy,400.0,Average,6.35,2,6.96,3.9,0
2900,5.14,29.9,23.6,56.6,668.2,4.33,9.8,Forest,Sandy,1136.0,Average,5.15,0,7.76,3.27,1
2901,3.68,156.4,31.5,45.3,590.9,4.51,311.4,Urban,Silty,848.0,Average,7.21,2,5.79,7.6,0
2902,2.72,220.8,27.9,72.6,462.1,6.1,368.7,Urban,Silty,1658.0,Poor,4.56,1,8.41,3.89,1
2903,2.52,154.7,24.7,65.5,583.4,1.23,73.2,Wetland,Clay,170.0,Good,5.46,0,9.26,3.22,0
2904,2.73,198.6,23.2,49.1,213.8,5.04,10.1,Forest,Silty,896.0,Average,5.2,0,5.32,8.53,0
2905,6.67,110.6,22.8,57.3,606.6,8.02,124.1,Wetland,Sandy,669.0,Average,7.68,1,5.84,4.97,1
2906,7.08,107.8,23.2,84.3,473.3,2.99,20.7,Barren,Sandy,220.0,Average,6.29,1,5.02,5.81,0
2907,9.59,389.4,31.6,47.5,570.4,3.72,40.4,Forest,Silty,3061.0,Average,6.13,1,4.19,4.4,0
2908,3.3,179.9,30.6,57.8,806.5,3.31,56.9,Wetland,Loamy,755.0,Average,3.01,2,2.13,6.04,0
2909,7.34,136.2,26.4,51.9,741.4,7.53,381.6,Agricultural,Sandy,1622.0,Poor,4.5,2,7.23,4.8,1
2910,4.32,43.5,20.3,85.8,338.8,6.67,286.4,Forest,Silty,589.0,Average,4.39,0,7.91,7.27,0
2911,6.91,142.4,31.9,73.0,244.3,5.3,203.5,Agricultural,Clay,396.0,Good,3.07,0,4.18,2.91,0
2912,3.19,187.1,29.1,69.7,292.8,6.54,44.8,Agricultural,Sandy,327.0,Poor,5.21,1,2.06,5.79,0
2913,6.07,176.2,32.3,59.9,545.5,6.61,61.0,Agricultural,Sandy,1529.0,Poor,0.63,1,2.46,0.49,1
2914,5.76,54.7,24.9,66.4,144.2,3.09,51.1,Agricultural,Loamy,1289.0,Average,5.57,0,4.69,7.48,0
2915,2.04,195.1,28.5,62.0,477.5,,11.8,Wetland,Clay,2056.0,Poor,3.53,0,4.38,2.99,1
2916,3.35,160.6,25.9,71.1,819.8,2.49,89.7,Agricultural,Loamy,715.0,Average,6.44,3,6.15,4.85,0
2917,3.58,297.8,26.3,85.2,1195.4,3.58,205.5,Forest,Sandy,64.0,Average,2.24,0,4.08,5.74,1
2918,4.73,72.0,32.8,61.1,288.5,6.47,135.7,Agricultural,Loamy,877.0,Average,1.96,1,7.0,5.17,1
2919,4.97,836.524518807293,23.1,93.4,598.9,8.48,40.7,Urban,Clay,198.0,Poor,9.71,0,3.91,4.87,1
2920,4.61,349.0,25.0,64.0,386.6,4.24,85.4,Urban,Clay,610.0,Poor,3.74,3,5.17,1.2,1
2921,4.58,401.6,20.1,66.7,1251.5,6.21,11.3,Forest,Clay,364.0,Good,0.0,0,4.33,4.15,0
2922,5.03,285.0,33.2,64.8,184.1,5.52,284.7,Forest,Loamy,356.0,Average,5.4,1,4.68,7.33,0
2923,6.54,,23.3,58.0,644.4,0.0,33.6,Forest,Sandy,778.0,Good,1.67,2,5.95,6.54,0
2924,3.69,,25.1,87.4,268.1,4.03,176.8,Forest,Sandy,784.0,Average,4.58,2,1.85,4.74,0
2925,3.86,184.9,27.5,78.0,403.0,5.55,284.2,Urban,Clay,1061.0,Good,3.3,0,3.11,3.54,0
2926,7.03,67.6,23.5,91.5,755.6,2.61,137.6,Forest,Sandy,1588.0,Poor,6.53,0,10.0,5.92,0
2927,5.35,130.0,34.6,70.1,666.9,6.81,52.8,Agricultural,Clay,89.0,Good,5.12,1,0.0,3.95,1
2928,3.99,234.0,23.1,64.1,387.0,2.83,357.6,Agricultural,Loamy,895.0,Average,5.2,2,6.96,5.55,0
2929,7.06,94.3,25.5,52.4,202.5,7.88,231.0,Forest,Clay,392.0,Average,8.06,2,8.4,8.26,1
2930,7.02,195.8,28.0,81.7,230.1,5.57,112.5,Agricultural,Sandy,1245.0,Poor,8.19,0,5.8,3.61,0
2931,2.86,390.0,31.5,60.2,489.0,5.68,127.2,Agricultural,Clay,531.0,Poor,1.66,0,2.8,5.86,1
2932,9.03,99.1,27.6,87.0,571.8,4.86,10.7,Forest,Loamy,743.0,Average,8.52,1,2.82,7.59,0
2933,4.73,225.4,39.0,80.6,771.4,6.52,0.6,Agricultural,Sandy,1239.0,Good,9.46,1,4.34,2.95,0
2934,5.85,158.4,24.0,57.6,102.6,0.0,362.4,Urban,Loamy,2419.0,Average,0.15,0,4.86,1.99,0
2935,7.56,87.4,28.0,83.8,850.7,4.16,111.1,Forest,Loamy,532.0,Average,4.14,1,5.67,4.09,0
2936,3.44,47.6,22.2,85.9,515.5,5.45,112.0,Forest,Sandy,747.0,Poor,3.78,2,7.17,2.77,0
2937,5.58,101.7,27.7,90.7,98.9,5.31,167.8,Wetland,Silty,1590.0,Good,8.79,0,3.84,4.97,0
2938,8.91,122.7,22.8,61.0,725.0,8.34,13.3,Urban,Clay,986.0,Poor,10.0,1,5.63,2.81,1
2939,4.5,,22.0,72.5,591.6,4.83,361.2,Wetland,Clay,315.0,Average,6.55,0,5.19,3.59,0
2940,6.53,88.3,29.6,73.4,639.2,3.73,89.9,Barren,Clay,572.0,Average,5.89,3,4.65,1.03,1
2941,4.48,144.8,30.9,73.0,485.5,6.36,19.5,Agricultural,Loamy,171.0,Poor,2.96,1,3.91,5.14,1
2942,4.45,207.7,34.7,83.3,395.4,4.21,213.0,Urban,Clay,226.0,Poor,6.25,0,8.46,3.0,0
2943,2.86,71.2,26.2,74.2,485.3,2.82,40.0,Agricultural,Sandy,350.0,Average,2.58,1,3.2,3.38,0
2944,4.9,86.6,26.2,73.9,252.3,5.09,275.4,Urban,Loamy,378.0,Poor,5.93,1,8.07,4.98,1
2945,1.67,125.7,24.6,68.0,298.6,0.69,67.8,Wetland,Loamy,2623.0,Average,2.85,2,1.93,4.35,0
2946,5.03,29.0,28.9,90.5,684.9,1.64,703.9,Agricultural,Silty,265.0,Good,7.85,2,4.52,8.41,0
2947,6.15,40.7,26.8,71.1,357.8,7.88,63.6,Agricultural,Loamy,488.0,Average,4.95,2,9.23,3.45,1
2948,1.84,394.0,27.6,70.2,227.6,,45.7,Agricultural,Clay,302.0,Good,2.89,3,2.36,4.42,1
2949,5.56,233.4,26.2,62.2,252.2,2.94,137.7,Agricultural,Clay,1095.0,Poor,6.17,1,0.49,2.26,0
2950,5.11,152.3,32.0,83.7,555.4,6.79,2.2,Agricultural,Silty,1150.0,Poor,5.24,1,3.36,3.77,1
2951,3.65,189.2,25.0,67.6,451.5,5.82,40.6,Barren,Loamy,1190.0,Good,7.97,0,7.04,3.4,0
2952,6.78,132.3,28.0,,585.6,7.11,151.0,Agricultural,Silty,775.0,Poor,6.5,0,4.51,4.41,0
2953,6.49,91.4,30.3,71.0,352.2,2.68,286.5,Forest,Clay,784.0,Poor,2.39,2,3.86,2.59,0
2954,3.6,193.1,32.1,71.4,535.5,1.76,298.9,Forest,Clay,1188.0,,9.93,2,4.26,7.7,0
2955,5.82,109.6,24.1,53.4,352.1,3.78,247.9,Urban,Sandy,441.0,Average,7.52,1,5.95,4.98,0
2956,4.87,122.8,20.0,71.8,627.6,1.51,19.0,Urban,Loamy,229.0,Good,8.12,0,4.89,3.76,0
2957,4.53,109.9,24.6,83.9,360.7,1.65,52.9,Agricultural,Clay,420.0,Average,4.9,1,9.54,1.61,0
2958,6.26,116.1,26.8,81.7,654.6,5.83,9.5,Wetland,Clay,2204.0,Average,0.36,0,2.85,4.62,1
2959,6.31,87.3,30.7,65.4,154.2,4.47,100.5,Urban,Clay,699.0,Average,5.34,1,0.15,2.21,0
2960,2.15,132.8,33.7,58.6,208.1,1.97,146.3,Wetland,Clay,633.0,Poor,6.91,0,6.08,7.1,0
2961,6.53,109.9,29.7,66.0,208.6,4.27,63.5,Agricultural,Sandy,139.0,Good,8.77,0,2.77,6.22,0
2962,8.99,78.1,25.9,80.9,1234.3,5.55,56.9,Wetland,Sandy,375.0,Average,4.2,0,5.92,4.25,1
2963,4.01,286.2,29.4,86.1,146.7,3.97,135.7,Agricultural,Silty,1431.0,Average,4.49,2,6.28,5.79,1
2964,6.67,103.7,24.4,81.4,225.5,6.85,260.7,Forest,Clay,2055.0,Average,3.66,1,6.59,7.71,0
2965,4.44,49.5,22.9,68.3,697.3,6.47,24.0,Agricultural,Loamy,519.0,Poor,3.18,3,10.0,6.56,1
2966,7.26,140.7,21.8,82.5,486.2,5.68,6.4,Wetland,Clay,509.0,Average,2.72,2,1.43,1.42,1
2967,4.42,95.3,33.8,52.2,401.3,5.97,4.9,Forest,Loamy,448.0,Good,2.33,1,9.18,3.87,0
2968,9.76,30.1,26.4,83.2,631.9,7.62,123.1,Agricultural,Clay,116.0,Good,5.33,2,10.0,7.9,1
2969,5.69,134.0,29.4,38.5,618.0,2.75,100.4,Wetland,Silty,423.0,Poor,4.75,0,5.18,8.0,1
2970,5.57,207.3,29.6,76.7,647.9,0.7,18.4,Forest,Loamy,1582.0,Good,6.98,0,5.11,4.29,0
2971,7.86,269.1,26.0,61.6,769.9,2.6,83.8,Barren,Clay,238.0,Good,1.4,0,3.44,5.25,1
2972,5.25,66.1,20.8,79.3,275.3,6.26,158.4,Urban,Loamy,114.0,Average,1.6,2,2.31,5.77,0
2973,1.98,367.1,32.5,69.4,160.5,3.43,2.7,Urban,Loamy,764.0,Poor,6.5,2,4.49,6.39,0
2974,6.87,267.0,28.2,79.7,290.7,7.21,44.3,Urban,Clay,1181.0,Average,4.3,0,4.14,6.22,1
2975,1.87,93.2,28.0,76.3,158.7,5.32,7.6,Wetland,Sandy,418.0,Average,6.2,0,2.96,8.3,0
2976,5.3,230.3,25.1,56.8,485.4,0.0,39.7,Agricultural,Silty,647.0,Average,3.97,1,3.83,6.05,0
2977,4.86,135.7,26.3,76.0,468.0,4.86,5.7,Agricultural,Loamy,352.0,Poor,4.98,2,7.58,3.79,1
2978,5.76,87.0,26.2,53.3,454.9,1.78,477.2,Agricultural,Loamy,657.0,Good,4.86,1,9.09,5.45,0
2979,5.53,239.1,23.6,62.4,830.8,4.27,24.8,Forest,Clay,1519.0,Average,7.64,1,3.01,3.66,1
2980,2.63,152.7,24.7,82.1,767.1,2.26,95.9,Urban,Silty,630.0,Poor,5.46,0,4.47,4.27,1
2981,4.95,193.9,24.1,55.2,1497.8,3.27,19.5,Urban,Loamy,325.0,Poor,5.94,0,5.01,5.2,1
2982,3.57,159.6,28.1,58.7,1397.9,8.36,118.1,Urban,Loamy,803.0,Poor,9.2,0,3.9,8.43,1
2983,2.88,193.3,25.7,95.8,379.1,4.01,358.5,Agricultural,Loamy,830.0,Average,0.0,2,0.0,6.01,0
2984,6.47,122.4,31.6,73.4,542.6,7.37,51.7,Agricultural,Loamy,785.0,Average,5.09,1,4.07,7.09,1
2985,6.57,196.9,30.5,73.3,567.7,6.28,231.3,Agricultural,Silty,1490.0,Good,7.03,0,5.29,6.26,0
2986,1.62,197.1,25.3,74.0,512.1,1.26,118.6,Agricultural,Loamy,231.0,,8.2,1,4.32,6.68,0
2987,5.18,58.8,27.4,69.5,786.8,5.75,88.9,Agricultural,Loamy,731.0,Poor,3.37,1,5.59,6.56,1
2988,0.12,132.2,33.3,76.1,171.1,5.75,129.7,Urban,Loamy,713.0,Poor,2.21,1,6.76,4.26,0
2989,9.53,365.8,31.8,80.2,1298.9,4.16,311.5,Agricultural,Loamy,341.0,Average,3.4,1,5.35,4.63,1
2990,4.02,210.2,25.5,62.3,337.4,3.87,113.4,Urban,Loamy,183.0,Average,,0,1.77,3.41,0
2991,2.38,228.0,29.1,70.0,462.1,4.56,148.3,Barren,Silty,1429.0,Poor,5.28,0,4.62,5.32,1
2992,4.78,216.4,29.7,67.1,221.6,0.0,0.4,Agricultural,Loamy,1546.0,Average,8.53,3,1.61,4.17,0
2993,5.87,63.5,24.0,73.3,290.7,2.69,557.6,Barren,Clay,1418.0,Good,2.07,1,3.73,6.28,0
2994,3.52,222.1,25.8,47.7,197.6,1.83,486.4,Urban,Loamy,371.0,Average,1.65,1,3.76,3.27,0
2995,6.5,146.2,31.4,85.2,82.6,3.35,106.2,Forest,Loamy,410.0,Good,5.59,1,6.44,4.97,0
2996,4.72,413.1,28.4,77.2,537.2,5.11,356.9,Agricultural,Clay,517.0,Good,7.49,1,6.77,5.58,0
2997,4.88,255.0,22.5,84.7,668.0,5.12,274.9,Wetland,Sandy,773.0,Good,4.82,3,3.8,9.05,0
2998,5.74,72.5,26.1,90.4,451.0,7.5,123.8,Wetland,Sandy,1393.0,Average,4.6,1,6.2,3.58,0
2999,2.58,289.4,31.6,43.2,834.6,3.39,5.0,Urban,Clay,197.0,Average,6.96,2,3.37,5.67,1
3000,2.49,123.0,23.1,61.6,1248.2356122239787,7.76,129.1,Forest,Loamy,820.0,Average,4.17,1,0.0,6.33,1
3001,10.0,88.4,31.5,70.4,719.8,9.51,58.3,Wetland,Clay,440.0,Poor,2.36,0,0.41,3.86,1
3002,5.14,120.4,26.1,40.5,745.4,3.49,92.1,Forest,Clay,850.0,Good,7.65,1,4.43,2.91,1
3003,6.9,156.7,33.4,69.0,192.3,5.33,246.6,Barren,Clay,621.0,Average,2.95,2,6.83,4.56,1
3004,6.35,121.2,25.8,77.3,256.2,5.05,171.8,Agricultural,Sandy,1468.0,Average,6.05,3,4.11,6.26,0
3005,6.46,,24.8,61.6,111.1,8.63,93.4,Agricultural,Sandy,396.0,Poor,6.27,4,3.25,4.01,1
3006,4.09,125.0,26.0,75.2,939.5,4.64,168.2,Agricultural,Loamy,1761.0,Poor,7.3,1,2.73,2.64,0
3007,3.14,123.8,24.4,75.2,357.4,2.42,213.9,Urban,Loamy,156.0,Average,5.33,1,5.95,4.34,0
3008,2.24,127.2,30.8,65.4,280.4,0.0,0.8,Agricultural,Clay,305.0,Average,4.28,2,2.77,7.16,0
3009,1.64,109.0,27.9,,322.5,,130.8,Agricultural,Loamy,535.0,Good,5.74,3,2.16,7.72,0
3010,8.5,43.2,22.0,79.1,186.5,3.99,168.8,Barren,Clay,745.0,Good,5.6,0,1.9,3.39,0
3011,3.42,94.4,30.8,87.5,992.2,2.91,14.7,Forest,Sandy,36.0,Poor,3.81,0,0.37,4.64,0
3012,6.5,140.9,23.6,63.1,120.5,6.56,84.9,Urban,Silty,103.0,Average,5.73,0,1.78,5.5,0
3013,4.52,258.8,26.6,55.8,372.8,0.62,111.4,Forest,Sandy,1166.0,Average,3.31,0,6.66,6.93,0
3014,7.41,144.2,28.6,78.3,807.4,4.38,364.4,Forest,Sandy,512.0,Average,7.48,1,6.98,1.29,0
3015,2.34,83.2,19.3,77.6,220.7,6.96,153.8,Urban,Sandy,288.0,Average,1.47,4,2.08,6.26,0
3016,7.48,119.9,18.1,62.7,524.8,6.15,323.1,Wetland,Sandy,283.0,Poor,5.32,2,2.68,5.04,1
3017,7.76,83.9,21.0,70.4,192.3,4.85,205.5,Urban,Sandy,821.0,,,1,5.65,6.2,1
3018,8.86,141.6,29.3,63.4,382.5,4.07,185.1,Urban,Loamy,423.0,Good,6.55,1,4.69,4.04,0
3019,4.95,83.7,23.4,80.9,195.4,3.52,210.6,Forest,Clay,812.0,Average,6.53,0,1.78,5.7,0
3020,5.49,106.6,21.7,57.2,794.5,4.4,76.6,Agricultural,Clay,1169.0,Average,7.77,1,10.0,6.6,1
3021,5.1,287.7,31.2,61.6,286.7,1.3,179.5,Agricultural,Sandy,583.0,Good,,1,2.97,8.62,0
3022,7.27,43.4,24.7,76.2,302.7,7.99,84.0,Agricultural,Sandy,2119.0,Average,4.98,4,9.42,5.28,1
3023,6.59,384.6,26.0,92.3,336.4,4.91,150.0,Forest,Clay,179.0,Poor,2.72,3,8.95,5.02,1
3024,5.62,129.6,21.9,66.6,523.6,6.03,214.4,Urban,Sandy,343.0,Average,4.62,1,4.96,3.77,0
3025,1.13,104.4,26.4,73.7,270.2,7.67,132.0,Agricultural,Loamy,45.0,Good,0.8,0,5.87,3.16,0
3026,4.44,166.2,28.0,51.4,346.6,5.06,31.5,Urban,Loamy,1186.0,Average,2.52,0,2.92,6.34,1
3027,3.69,153.9,27.8,90.2,312.7,3.26,84.6,Agricultural,Sandy,424.0,Average,,0,1.89,2.39,0
3028,5.13,158.0,25.9,65.9,229.1,,168.3,Forest,Silty,1057.0,Good,3.95,2,2.75,6.32,0
3029,5.77,89.9,28.7,66.6,821.5,6.91,21.9,Forest,Sandy,191.0,Poor,2.12,1,2.83,3.08,1
3030,5.92,195.7,31.8,65.5,294.8,2.67,224.8,Forest,Loamy,701.0,Average,2.6,2,2.09,4.54,0
3031,7.55,125.7,23.8,68.9,708.4,6.4,97.5,Urban,Sandy,1648.0,Average,3.67,0,5.91,4.95,1
3032,5.97,77.3,27.3,88.7,475.1,7.34,305.7,Urban,Sandy,629.0,Poor,4.07,1,5.11,2.83,0
3033,6.27,76.5,32.7,,384.6,5.5,93.8,Agricultural,Loamy,1908.0,Good,2.48,1,8.77,1.42,1
3034,7.68,817.2241319029623,28.8,67.7,423.8,7.1,15.1,Barren,Loamy,1954.0,Good,8.89,1,5.8,6.82,1
3035,10.0,49.7,30.1,69.8,509.1,6.46,379.0,Forest,Clay,808.0,Average,6.74,2,8.69,3.46,0
3036,5.58,188.6,24.1,73.5,605.5,,135.1,Forest,Loamy,855.0,Average,3.06,2,6.27,3.69,1
3037,6.21,115.6,30.4,83.5,197.1,6.64,357.6,Urban,Clay,743.0,Average,8.03,1,6.11,4.73,1
3038,2.98,156.8,26.8,69.8,113.6,4.05,8.6,Agricultural,Sandy,1799.0,Average,3.95,0,2.67,4.36,0
3039,3.23,96.5,26.4,57.9,408.1,5.69,40.0,Barren,Loamy,1544.0,Poor,6.35,1,3.17,5.48,0
3040,5.87,159.8,25.0,67.1,717.3,0.76,45.7,Urban,Sandy,1216.0,Average,7.76,1,5.55,3.92,0
3041,6.12,147.9,30.3,71.6,314.6,1.47,57.6,Barren,Sandy,587.0,Good,4.52,1,0.0,6.49,0
3042,6.11,79.0,29.9,63.8,397.1,3.43,30.1,Urban,Clay,251.0,Average,7.09,0,4.37,5.73,0
3043,6.62,92.5,24.0,57.2,214.6,6.02,524.5,Wetland,Clay,1546.0,Average,9.68,0,3.96,4.78,0
3044,2.97,91.8,31.2,61.8,272.8,4.47,248.1,Wetland,Sandy,473.0,Average,2.61,1,4.46,4.79,0
3045,6.26,270.5,30.7,65.8,280.6,4.86,315.1,Urban,Loamy,1587.0,Average,3.93,1,7.25,4.99,0
3046,4.46,322.2,27.8,63.4,642.3,4.43,174.3,Agricultural,Silty,854.0,Poor,5.27,0,1.43,2.43,1
3047,4.98,63.3,27.0,42.1,457.9,6.2,33.8,Wetland,Clay,686.0,Poor,5.72,1,1.41,4.12,1
3048,6.56,348.8,25.8,67.6,973.7,7.54,412.1,Agricultural,Sandy,457.0,Poor,5.99,0,7.21,3.36,0
3049,0.55,113.1,25.1,69.9,808.7,1.3,52.4,Wetland,Clay,820.0,Good,8.1,0,4.06,7.65,0
3050,3.67,201.3,24.7,62.4,377.4,7.49,92.4,Agricultural,Clay,569.0,Average,6.38,0,5.77,4.89,0
3051,5.43,200.9,22.7,61.4,351.2,3.88,192.0,Agricultural,Silty,878.0,Average,0.0,0,3.18,7.98,1
3052,4.84,138.1,28.0,77.7,283.7,,328.0,Forest,Silty,1111.0,Poor,1.23,3,6.23,3.02,1
3053,8.02,213.7,30.0,,147.4,6.76,19.6,Agricultural,Loamy,460.0,Average,9.27,2,3.9,7.52,1
3054,3.3,160.0,22.9,70.3,523.6,1.73,416.5,Urban,Loamy,679.0,Good,8.93,1,3.93,6.92,0
3055,3.28,78.4,21.8,78.3,256.0,4.28,64.4,Agricultural,Sandy,191.0,Poor,2.09,1,1.89,5.76,0
3056,5.54,431.3,22.6,52.3,1170.2,3.49,520.0,Agricultural,Clay,1302.0,Good,4.85,2,1.91,3.74,0
3057,1.75,357.1,30.1,67.9,370.6,4.19,93.1,Agricultural,Clay,1702.0,Good,3.84,1,2.63,8.54,0
3058,5.22,338.6,33.7,68.2,884.9,4.55,29.1,Agricultural,Loamy,531.0,Poor,5.81,1,7.35,4.83,1
3059,6.87,100.0,29.7,88.0,179.9,4.24,164.5,Barren,Sandy,850.0,Average,5.77,1,5.23,4.67,0
3060,2.04,208.0,24.2,62.8,157.1,2.43,576.6,Forest,Sandy,114.0,Poor,5.74,0,6.58,5.05,0
3061,6.18,61.2,25.8,97.7,574.7,5.22,52.4,Urban,Sandy,515.0,Poor,2.42,0,4.68,3.93,1
3062,2.03,95.8,30.0,66.4,168.7,6.04,27.7,Urban,Sandy,524.0,,4.76,0,1.63,7.97,0
3063,9.06,97.5,32.3,70.7,532.6,6.72,32.1,Wetland,Sandy,157.0,Poor,4.36,0,10.0,1.85,1
3064,8.71,65.8,32.3,59.2,295.3,6.49,89.9,Barren,Silty,794.0,Average,4.39,0,7.83,6.4,1
3065,2.34,198.4,24.3,61.2,487.7,5.71,191.3,Agricultural,Loamy,2346.0,Average,4.86,0,4.45,1.82,0
3066,3.57,192.2,22.2,66.2,407.3,1.78,67.5,Forest,Clay,328.0,Average,3.89,0,2.88,8.68,0
3067,3.02,155.6,26.6,52.2,637.6,,477.0,Forest,Clay,499.0,Average,4.42,2,10.0,1.81,0
3068,5.59,168.0,26.5,62.2,139.0,2.57,64.1,Barren,Sandy,840.0,Poor,6.91,0,7.88,1.96,0
3069,9.32,205.8,28.4,64.9,683.3,4.31,339.5,Wetland,Loamy,442.0,Good,5.62,2,3.47,3.45,0
3070,3.91,133.9,35.5,66.0,210.2,3.75,32.4,Forest,Clay,383.0,Average,6.5,2,4.53,2.96,0
3071,3.17,172.3,30.9,67.5,504.6,6.59,240.8,Forest,Loamy,277.0,Average,6.36,1,6.28,7.1,0
3072,2.58,204.1,22.5,73.2,357.5,4.69,85.5,Wetland,Sandy,386.0,Good,,0,4.83,3.27,0
3073,4.32,111.0,42.8,57.7,270.6,4.54,76.1,Agricultural,Clay,313.0,Good,4.61,2,3.45,2.42,0
3074,4.43,,29.5,75.2,392.4,7.8,89.0,Forest,Clay,808.0,Average,5.32,0,5.25,5.4,0
3075,5.18,102.8,41.4,57.0,1527.0,3.14,36.0,Urban,Clay,677.0,Good,5.56,1,2.88,7.71,1
3076,3.45,161.1,27.2,64.5,1113.7,1.04,15.1,Agricultural,Sandy,371.0,Poor,6.49,4,3.49,5.94,1
3077,6.6,83.7,22.3,58.7,298.0,1.56,225.4,Barren,Sandy,1079.0,Good,1.98,1,0.0,4.65,0
3078,2.94,205.3,23.7,68.7,71.6,3.13,176.5,Agricultural,Loamy,1053.0,Good,7.65,2,3.94,4.03,0
3079,3.98,166.6,25.8,72.6,373.2,6.82,82.2,Urban,Clay,321.0,Poor,,1,4.02,4.68,1
3080,4.25,159.4,25.0,41.6,297.0,6.81,404.4,Forest,Loamy,2306.0,Poor,9.8,1,4.0,4.42,0
3081,8.97,286.2,33.9,75.8,480.2,6.57,100.6,Forest,Sandy,186.0,Average,2.64,0,3.9,5.18,1
3082,2.64,188.7,29.8,73.5,144.7,3.37,208.5,Agricultural,Clay,283.0,Poor,2.74,0,6.08,1.67,0
3083,1.52,239.0,24.8,83.2,200.5,4.3,209.9,Urban,Sandy,107.0,Average,5.67,2,3.38,2.83,0
3084,3.51,185.9,33.3,53.6,119.4,5.5,90.3,Agricultural,Sandy,156.0,Average,2.57,1,5.0,6.42,1
3085,1.92,155.4,25.8,97.0,193.0,4.09,18.6,Agricultural,Clay,217.0,Poor,3.72,1,3.11,4.38,0
3086,6.37,133.0,33.2,50.2,134.5,4.86,218.5,Forest,Sandy,902.0,Poor,5.47,3,9.16,6.61,1
3087,6.54,185.2,28.0,80.1,266.2,0.05,360.4,Agricultural,Sandy,699.0,Poor,6.42,1,5.14,5.98,0
3088,4.45,185.6,20.6,87.1,1127.7,4.69,351.5,Urban,Loamy,809.0,Average,6.27,2,3.71,6.1,0
3089,1.56,,31.2,58.2,571.0,4.86,442.3,Agricultural,Sandy,204.0,Average,4.12,1,5.32,7.43,0
3090,2.75,222.0,25.5,60.2,159.9,2.1,120.7,Agricultural,Silty,990.0,Average,5.28,0,5.99,6.97,0
3091,4.21,51.0,27.7,61.1,261.8,3.98,203.3,Wetland,Clay,822.0,Poor,7.46,1,6.95,3.8,0
3092,3.96,223.4,26.2,70.1,494.1,9.3,163.3,Forest,Loamy,1122.0,Poor,9.17,1,4.85,6.15,0
3093,4.3,108.4,20.9,55.0,248.9,2.87,139.3,Agricultural,Clay,1802.0,Poor,5.56,2,3.6,4.66,0
3094,4.96,308.8,20.4,79.8,372.7,,541.6,Forest,Clay,1105.0,Average,3.68,1,1.92,7.05,0
3095,0.78,124.9,19.1,65.0,38.3,2.8,100.3,Forest,Clay,514.0,Average,4.25,1,5.07,3.9,0
3096,6.42,196.5,19.7,68.5,247.8,2.22,26.6,Agricultural,Loamy,534.0,Good,4.28,1,4.82,5.76,0
3097,5.18,229.1,22.0,76.8,211.9,6.84,257.3,Agricultural,Loamy,106.0,Good,10.0,2,6.97,6.94,0
3098,5.71,268.7,34.2,89.6,303.9,4.94,48.2,Barren,Silty,537.0,Average,7.66,0,4.21,6.08,1
3099,5.16,39.8,31.7,46.8,493.1,6.14,32.9,Wetland,Loamy,1293.0,Average,2.84,0,1.21,0.0,0
3100,4.98,124.8,30.3,57.2,284.0,2.93,45.6,Urban,Sandy,1406.0,Poor,6.16,1,9.63,8.61,1
3101,5.23,58.3,30.7,70.1,166.4,6.91,104.3,Agricultural,Clay,747.0,Average,1.91,3,9.57,7.98,1
3102,4.57,83.3,29.2,56.5,386.1,,205.7,Forest,Loamy,1804.0,Good,4.81,1,6.43,5.37,0
3103,1.17,380.4,23.1,79.1,454.0,5.18,137.3,Agricultural,Sandy,1424.0,Poor,5.72,0,5.11,1.9,0
3104,4.04,173.2,29.4,68.1,255.3,7.77,12.0,Urban,Silty,471.0,Good,0.71,1,2.16,4.59,1
3105,5.1,59.4,25.7,67.3,86.8,7.01,34.2,Urban,Sandy,727.0,Good,2.18,1,2.76,4.84,0
3106,3.49,150.6,19.6,72.9,883.3,5.26,41.6,Agricultural,Loamy,1216.0,Poor,6.49,1,4.9,8.66,1
3107,1.54,84.1,29.8,81.3,698.2,2.79,99.7,Agricultural,Loamy,758.0,Poor,10.0,1,4.94,1.83,0
3108,1.76,,27.0,73.2,665.2,4.66,343.8,Forest,Clay,489.0,Good,7.35,1,8.26,10.0,0
3109,4.26,215.4,22.5,73.0,434.5,,153.5,Urban,Clay,679.0,Average,2.17,0,1.38,4.64,1
3110,5.59,232.7,29.3,64.6,405.1,2.3,189.5,Urban,Loamy,1090.0,Good,7.16,1,8.77,5.88,0
3111,5.2,114.3,27.0,65.9,96.8,3.39,9.3,Urban,Loamy,778.0,Good,9.55,2,6.3,2.82,0
3112,6.23,133.2,23.2,75.1,183.2,4.77,131.8,Agricultural,Silty,839.0,Average,5.63,1,1.02,3.02,0
3113,9.28,,29.9,59.9,240.1,2.56,298.2,Agricultural,Sandy,642.0,Poor,6.97,1,9.28,3.22,0
3114,8.38,61.1,28.2,67.2,128.1,3.37,36.4,Wetland,Clay,361.0,Average,3.12,1,3.6,2.97,1
3115,6.97,,23.7,,482.9,5.5,44.8,Agricultural,Sandy,2498.0,Poor,4.3,2,6.34,6.28,1
3116,7.58,106.1,31.4,72.9,303.0,4.76,74.2,Agricultural,Loamy,188.0,Good,5.65,0,9.66,5.02,0
3117,7.62,104.0,20.9,94.5,423.6,7.32,291.9,Barren,Silty,501.0,Poor,2.86,0,9.98,6.29,1
3118,2.37,82.3,20.6,77.2,92.6,3.58,7.9,Agricultural,Sandy,107.0,Good,6.71,1,5.21,0.95,0
3119,7.95,203.2,28.7,93.4,473.8,0.0,17.5,Wetland,Silty,104.0,Good,5.8,1,6.81,3.04,0
3120,5.59,219.8,31.0,81.4,785.3,2.31,246.6,Barren,Loamy,780.0,Average,9.87,2,7.22,5.81,0
3121,7.7,118.9,32.4,55.5,303.4,4.21,151.0,Barren,Sandy,767.0,Average,4.3,1,5.43,5.53,0
3122,9.5,108.9,34.6,66.6,378.7,4.82,20.5,Barren,Sandy,298.0,Average,,3,7.86,2.58,1
3123,7.68,270.0,22.0,86.2,867.7,4.83,194.4,Barren,Sandy,256.0,Average,2.64,1,9.55,1.43,1
3124,4.51,112.1,26.9,58.5,506.6,6.87,155.9,Barren,Sandy,902.0,Average,7.47,2,5.83,6.6,0
3125,7.9,91.6,21.0,60.4,124.1,4.56,37.7,Agricultural,Loamy,604.0,Poor,7.72,2,4.36,5.31,1
3126,4.02,111.6,28.5,75.2,605.4,3.87,279.0,Urban,Silty,1509.0,Good,6.48,2,8.74,1.93,1
3127,5.75,208.5,31.5,92.3,1369.7,4.47,119.0,Urban,Loamy,479.0,Poor,6.84,0,7.16,8.35,1
3128,4.04,123.3,22.3,62.7,427.8,6.7,436.2,Forest,Loamy,1109.0,Average,8.1,0,9.16,5.61,0
3129,1.9,130.1,27.2,57.2,87.0,3.08,49.0,Urban,Silty,438.0,Average,4.46,1,7.46,2.87,0
3130,5.95,340.1,30.1,78.5,391.2,7.06,159.8,Wetland,Loamy,588.0,Good,7.14,1,5.26,5.2,0
3131,8.93,134.3,29.3,61.7,273.9,4.06,92.6,Forest,Clay,1635.0,Good,5.42,1,7.44,0.69,0
3132,4.57,193.4,22.7,72.5,318.5,5.64,144.3,Forest,Clay,1518.0,Good,7.05,1,3.48,3.6,0
3133,4.51,92.1,28.9,59.7,398.0,4.96,371.6,Wetland,Silty,664.0,Good,10.0,2,1.12,3.95,0
3134,3.83,178.3,25.0,73.7,482.1,4.87,60.7,Forest,Clay,308.0,Average,6.41,3,5.05,9.0,1
3135,8.36,260.8,20.1,51.5,269.9,0.72,61.6,Agricultural,Clay,365.0,Average,3.74,0,1.96,4.47,0
3136,7.17,213.0,26.0,79.2,140.1,6.77,29.9,Barren,Clay,1088.0,Poor,9.12,0,6.62,4.49,1
3137,3.11,162.1,20.5,83.3,220.9,,134.8,Agricultural,Sandy,507.0,Good,5.03,0,1.52,2.75,0
3138,3.12,157.8,32.4,66.1,811.7,2.95,34.4,Wetland,Clay,1112.0,Average,9.21,1,6.52,4.1,0
3139,5.54,161.5,30.5,100.0,569.9,3.35,88.5,Forest,Loamy,601.0,Good,,2,4.67,4.65,0
3140,1.16,112.1,23.2,78.6,274.0,5.95,109.5,Forest,Loamy,669.0,Good,6.33,3,0.0,8.15,0
3141,5.71,107.6,32.6,63.0,765.6,1.72,259.0,Urban,Sandy,742.0,Average,9.77,0,6.92,5.65,0
3142,4.87,47.1,23.0,76.9,651.8,2.68,28.6,Wetland,Clay,3161.0,Average,5.22,1,5.02,2.83,1
3143,7.35,297.2,28.1,85.8,1636.3,5.89,100.0,Agricultural,Loamy,396.0,Good,7.39,2,1.62,3.57,1
3144,1.98,143.2,33.3,65.4,228.9,2.69,18.5,Barren,Loamy,1708.0,Good,3.84,3,1.96,7.54,0
3145,7.53,143.0,25.3,87.0,194.3,4.61,84.3,Forest,Clay,692.0,Average,7.43,0,2.67,4.16,0
3146,4.72,141.3,34.7,80.4,505.5,0.78,187.5,Agricultural,Clay,1040.0,Poor,10.0,1,4.37,1.94,0
3147,7.36,124.3,28.4,73.6,441.8,6.28,215.4,Urban,Loamy,482.0,Poor,4.75,2,0.0,3.83,1
3148,4.97,,24.6,76.1,238.5,1.17,147.9,Urban,Loamy,543.0,Poor,6.83,1,4.13,4.85,0
3149,7.72,39.4,25.7,85.8,247.5,3.97,142.9,Wetland,Loamy,638.0,Average,1.46,1,10.0,2.18,0
3150,10.0,165.1,25.6,72.3,368.5,3.39,182.4,Agricultural,Silty,494.0,Good,2.23,0,4.28,3.32,0
3151,3.9,84.3,32.2,67.4,309.2,3.45,132.2,Forest,Clay,393.0,Average,5.66,0,6.91,6.38,0
3152,4.37,,28.9,57.9,504.3,5.66,53.8,Agricultural,Clay,817.0,Average,8.96,1,3.72,7.29,0
3153,5.85,186.8,29.3,76.1,484.3,5.8,259.8,Urban,Clay,305.0,Average,2.23,2,4.23,5.54,1
3154,4.87,250.4,25.2,67.5,242.0,6.31,131.8,Forest,Loamy,1022.0,Poor,4.29,0,2.72,5.15,0
3155,7.04,325.7,22.0,67.3,410.8,3.14,32.6,Wetland,Loamy,359.0,Good,8.48,1,6.59,2.36,0
3156,9.57,240.6,26.6,71.8,149.0,1.7,373.8,Urban,Loamy,320.0,Average,2.25,4,5.85,10.0,1
3157,7.62,186.8,30.6,59.5,620.2,3.62,26.5,Agricultural,Sandy,1039.0,Good,5.32,2,5.34,6.93,0
3158,6.8,136.7,28.7,70.9,921.5,7.66,183.9,Agricultural,Sandy,84.0,Average,6.65,0,5.96,7.67,1
3159,6.85,221.7,29.5,70.2,173.2,4.82,192.1,Agricultural,Sandy,333.0,Poor,2.47,1,5.17,4.79,0
3160,0.95,206.7,32.5,81.6,524.5,6.41,117.4,Urban,Sandy,808.0,Good,10.0,1,5.41,4.64,0
3161,1.91,171.4,24.8,67.9,491.6,3.03,247.0,Wetland,Clay,258.0,Poor,6.08,1,8.38,1.77,1
3162,6.56,137.8,30.3,48.6,337.6,3.37,72.4,Wetland,Silty,550.0,Average,6.03,2,5.46,3.86,0
3163,5.86,,24.9,56.2,304.8,3.94,22.3,Agricultural,Sandy,635.0,Average,4.77,0,6.56,9.64,1
3164,1.28,329.7,30.4,80.1,780.8,3.91,22.1,Agricultural,Sandy,456.0,Average,,1,6.08,5.7,0
3165,4.98,140.8,17.2,84.4,417.0,3.7,440.2,Wetland,Loamy,166.0,Good,5.59,1,5.83,4.42,0
3166,1.66,106.7,32.0,72.0,1016.0,5.3,198.9,Wetland,Sandy,1186.0,Good,7.3,1,5.65,2.55,0
3167,7.29,68.8,34.0,75.3,242.2,1.37,56.3,Urban,Sandy,287.0,Poor,5.74,1,5.04,5.24,0
3168,8.28,167.9,32.3,79.2,189.8,6.25,276.7,Wetland,Sandy,477.0,Average,8.79,1,8.13,7.24,0
3169,4.23,94.7,25.1,69.3,133.3,4.1,313.0,Agricultural,Sandy,627.0,Good,7.29,2,4.85,1.53,0
3170,7.36,125.6,21.7,54.1,832.5,2.83,68.3,Agricultural,Loamy,636.0,Average,0.0,0,6.5,5.99,1
3171,5.19,117.0,29.1,74.0,528.7,7.99,260.9,Agricultural,Sandy,2842.0,Average,0.0,3,1.07,8.09,1
3172,7.02,159.9,32.3,54.3,191.9,4.16,501.7,Urban,Clay,1439.0,Poor,5.45,1,5.25,5.27,0
3173,4.08,56.3,32.6,67.3,264.5,6.03,40.9,Forest,Loamy,282.0,Good,5.26,1,4.78,5.24,0
3174,6.78,127.9,26.7,57.1,255.5,1.88,87.2,Agricultural,Loamy,766.0,Poor,2.37,0,0.81,4.47,0
3175,2.35,96.8,26.8,86.2,675.7,4.52,73.4,Urban,Sandy,1255.0,Good,5.06,0,3.4,3.76,0
3176,3.6,198.5,23.1,54.8,575.1,3.23,40.5,Urban,Silty,501.0,Average,0.48,2,0.97,3.04,1
3177,3.24,57.6,30.0,62.9,250.1,5.79,5.3,Forest,Sandy,314.0,Average,6.57,0,5.11,7.14,0
3178,7.84,213.3,25.6,70.7,334.7,0.71,262.9,Barren,Clay,344.0,Average,6.72,3,1.05,4.72,0
3179,6.34,340.6,26.1,87.5,294.2,3.85,95.7,Urban,Sandy,268.0,Average,1.14,0,4.6,4.02,1
3180,2.41,127.7,30.6,77.0,355.5,5.89,313.3,Forest,Clay,245.0,Average,2.18,3,6.01,0.0,0
3181,5.65,93.0,25.2,82.7,909.5,5.36,3.0,Urban,Sandy,1039.0,Average,2.56,2,2.21,9.33,1
3182,5.5,136.9,34.3,68.3,540.7,5.9,59.0,Wetland,Loamy,1750.0,Average,6.83,0,9.38,5.23,0
3183,6.54,208.7,29.4,58.8,491.2,5.19,174.7,Agricultural,Sandy,1793.0,Good,7.2,1,7.7,3.8,0
3184,2.73,79.7,21.8,72.4,259.9,3.27,321.4,Agricultural,Sandy,711.0,Average,3.18,1,5.31,1.54,0
3185,6.63,154.5,32.1,81.2,418.9,1.2,66.4,Forest,Clay,319.0,Poor,5.3,3,5.34,2.48,1
3186,4.43,139.3,24.5,75.2,238.9,6.93,2.3,Forest,Sandy,1339.0,Poor,5.74,0,1.25,2.91,0
3187,3.13,124.6,19.0,83.5,303.7,5.91,137.1,Agricultural,Loamy,536.0,Average,5.01,1,3.96,4.57,0
3188,6.22,177.1,31.1,95.0,277.4,2.99,31.3,Agricultural,Clay,1372.0,Poor,,0,5.52,3.87,1
3189,5.18,172.2,34.1,79.3,553.2,5.21,13.2,Barren,Loamy,833.0,Average,5.32,2,3.15,3.8,1
3190,6.29,97.7,28.1,61.6,1240.1,4.55,426.2,Agricultural,Clay,862.0,Poor,3.69,4,6.4,5.43,1
3191,1.11,203.0,32.3,88.5,135.5,3.63,35.0,Urban,Clay,888.0,Average,8.61,0,8.69,2.33,0
3192,7.93,48.3,26.2,65.2,340.9,5.74,288.8,Urban,Loamy,890.0,Good,,2,3.66,6.05,0
3193,4.48,117.5,32.5,71.2,353.8,6.53,30.3,Agricultural,Silty,330.0,Good,4.44,2,7.81,6.1,0
3194,8.44,129.5,33.7,77.5,434.0,0.6,90.0,Urban,Clay,297.0,Average,6.38,0,6.8,3.33,0
3195,8.98,249.4,26.0,60.6,382.8,4.83,314.0,Forest,Sandy,591.0,,0.0,1,9.44,3.93,1
3196,3.89,339.0,28.0,50.7,845.4,4.89,17.6,Urban,Silty,238.0,Poor,9.21,2,4.78,0.0,1
3197,3.1,135.0,30.4,,920.5,6.46,28.0,Forest,Clay,1369.0,Average,4.91,3,3.83,7.94,0
3198,6.83,60.1,28.5,48.9,639.9,5.48,171.7,Barren,Sandy,1061.0,Good,10.0,3,9.51,7.89,0
3199,4.04,71.5,21.8,68.1,715.1,6.89,58.1,Agricultural,Clay,571.0,Poor,7.51,4,7.07,2.55,1
3200,0.88,269.4,29.7,71.2,585.3,5.0,180.9,Urban,Clay,1822.0,Poor,3.08,1,6.56,2.32,0
3201,2.29,84.0,19.9,59.1,527.5,4.41,36.2,Wetland,Silty,251.0,Poor,7.0,2,3.96,3.92,0
3202,3.82,98.2,32.2,55.4,377.2,2.79,73.6,Wetland,Clay,725.0,,8.62,1,4.85,7.69,0
3203,4.54,194.2,28.5,56.2,316.5,4.65,127.4,Wetland,Clay,686.0,Average,2.97,3,7.32,5.07,1
3204,8.58,33.9,30.3,88.4,420.9,4.53,147.3,Urban,Clay,1545.0,,10.0,3,5.93,4.53,1
3205,4.4,102.4,27.5,84.7,247.9,1.58,243.1,Urban,Loamy,774.0,Poor,3.13,2,4.23,0.48,0
3206,0.0,210.8,34.2,60.4,125.9,7.4,16.6,Agricultural,Sandy,996.0,Good,5.85,0,3.86,3.45,0
3207,5.13,172.1,30.6,65.8,459.6,5.19,240.0,Forest,Clay,1189.0,Average,4.4,2,4.43,3.93,0
3208,1.57,237.7,33.5,73.6,487.4,4.62,95.4,Urban,Clay,967.0,Good,2.35,0,5.58,7.25,1
3209,5.39,179.5,29.8,61.2,383.7,4.18,253.7,Wetland,Clay,659.0,Poor,9.39,1,2.6,2.37,0
3210,3.29,169.7,27.6,74.2,909.8,6.25,67.0,Urban,Clay,1177.0,Good,3.74,1,4.5,4.4,1
3211,0.0,254.3,26.0,78.3,449.3,3.91,19.1,Wetland,Clay,831.0,Average,5.94,2,1.41,5.82,0
3212,3.85,259.5,26.8,61.4,591.6,7.37,179.1,Urban,Clay,152.0,Poor,9.01,0,7.36,2.86,0
3213,6.22,140.5,31.2,63.9,258.6,5.16,89.2,Urban,Loamy,1060.0,Good,8.06,1,5.22,0.54,0
3214,6.22,96.2,19.6,67.6,317.8,4.12,189.5,Urban,Silty,1476.0,Good,1.52,1,4.13,5.37,0
3215,5.77,55.4,26.4,78.9,239.7,2.49,74.0,Agricultural,Loamy,768.0,Good,6.43,2,5.53,4.8,0
3216,8.74,158.0,31.9,79.1,1446.4,5.1,235.7,Urban,Sandy,2645.0,Poor,5.38,1,3.77,4.72,1
3217,2.81,135.2,24.8,48.0,470.4,3.6,104.4,Agricultural,Loamy,196.0,Good,4.99,2,7.99,3.77,0
3218,6.14,124.1,26.7,66.2,371.2,,111.0,Agricultural,Sandy,1279.0,Poor,9.96,0,7.92,6.05,0
3219,6.08,78.7,24.5,68.2,213.3,7.66,86.2,Agricultural,Sandy,424.0,Poor,3.06,2,4.79,1.3,1
3220,6.91,94.7,26.8,75.4,539.1,4.3,95.3,Wetland,Loamy,1037.0,Good,3.62,4,6.69,3.35,1
3221,3.53,201.5,21.2,70.1,257.4,8.62,13.0,Urban,Loamy,1593.0,Average,8.19,1,0.0,4.77,0
3222,4.88,130.5,29.0,62.7,650.1,5.6,120.3,Wetland,Loamy,1290.0,Good,4.95,4,3.08,2.87,0
3223,6.44,119.4,22.8,59.8,441.6,5.8,35.9,Agricultural,Clay,1067.0,Good,5.89,0,2.32,5.39,0
3224,5.7,54.6,26.4,55.2,361.6,2.62,184.8,Forest,Silty,329.0,Good,,1,6.58,3.72,0
3225,5.57,21.6,34.8,64.7,188.5,5.36,7.0,Agricultural,Clay,567.0,Average,5.34,1,3.69,2.77,0
3226,2.73,97.8,27.8,70.0,735.0,1.97,49.1,Wetland,Loamy,325.0,Poor,7.37,1,3.63,4.06,0
3227,0.0,58.7,29.9,72.7,263.1,6.7,339.7,Agricultural,Clay,371.0,Poor,8.63,1,2.08,6.57,0
3228,10.0,198.7,28.4,70.6,502.2,6.25,133.2,Forest,Loamy,681.0,Average,7.54,2,2.71,2.69,1
3229,4.33,216.5,29.7,67.5,163.6,7.18,112.0,Urban,Clay,265.0,Good,2.13,2,2.65,5.83,1
3230,5.3,187.7,31.0,75.3,432.3,4.33,98.6,Barren,Sandy,341.0,Poor,8.01,1,5.39,1.62,0
3231,4.62,115.7,26.4,69.8,308.4,5.25,68.4,Urban,Silty,270.0,Good,5.81,2,4.52,4.69,0
3232,4.08,101.3,26.5,61.1,333.6,8.77,435.8,Agricultural,Loamy,258.0,Average,3.5,0,6.28,5.0,0
3233,5.76,157.6,28.2,84.9,227.9,3.51,54.1,Agricultural,Silty,1093.0,Poor,6.64,2,8.53,7.94,1
3234,4.1,115.6,28.6,69.0,73.3,6.5,123.8,Agricultural,Sandy,804.0,Average,5.4,2,5.94,4.7,0
3235,5.59,180.4,24.4,63.8,678.8,9.16,121.5,Urban,Loamy,1321.0,,4.15,2,2.68,5.17,0
3236,3.37,269.8,22.3,70.3,653.5,3.3,176.4,Urban,Silty,1253.0,Good,4.6,0,1.31,6.91,0
3237,2.36,143.3,18.5,78.9,262.2,3.05,200.4,Agricultural,Silty,743.0,Poor,3.83,0,1.1,2.1,0
3238,3.79,159.7,24.1,86.7,410.5,4.86,491.0,Agricultural,Clay,281.0,Average,8.86,1,8.83,3.98,0
3239,5.43,242.3,27.4,48.1,179.7,3.93,44.3,Urban,Loamy,923.0,Good,3.49,1,5.7,0.26,0
3240,5.84,87.3,23.0,74.7,129.8,6.94,108.4,Urban,Loamy,678.0,Good,7.69,0,0.0,0.69,0
3241,7.98,251.1,25.4,68.5,507.3,4.22,136.1,Forest,Clay,439.0,Poor,7.61,1,6.34,4.87,1
3242,3.28,85.3,24.8,75.2,197.7,4.36,222.4,Agricultural,Silty,822.0,Good,5.98,0,6.32,2.48,0
3243,6.81,128.9,27.9,59.8,446.1,8.33,144.0,Agricultural,Silty,1128.0,Poor,6.79,2,3.36,6.68,1
3244,3.12,149.7,21.8,62.4,503.9,4.22,28.0,Agricultural,Sandy,996.0,Good,5.86,1,3.83,1.05,0
3245,3.54,258.0,27.2,,424.5,3.33,281.8,Agricultural,Silty,276.0,Good,8.56,0,5.79,7.67,0
3246,4.71,192.5,23.8,56.7,926.7,1.65,309.4,Agricultural,Sandy,84.0,Poor,5.2,3,3.1,6.81,0
3247,4.3,93.2,25.3,49.5,661.6,2.35,28.7,Agricultural,Sandy,827.0,Poor,7.2,2,3.77,8.33,1
3248,4.25,154.8,27.4,81.3,488.9,3.01,194.7,Agricultural,Sandy,879.0,Poor,4.96,0,1.6,3.72,0
3249,4.82,171.5,21.1,90.4,440.5,1.57,44.1,Urban,Sandy,2003.0,Poor,7.52,3,3.34,4.23,0
3250,3.94,108.4,29.4,59.7,510.2,4.86,204.6,Agricultural,Clay,958.0,Good,8.25,1,6.11,4.65,0
3251,1.46,455.7,32.8,75.2,201.2,4.56,289.6,Urban,Loamy,1087.0,Poor,4.51,1,7.18,5.78,0
3252,4.17,118.1,27.1,77.9,336.2,4.74,58.4,Agricultural,Clay,1478.0,Poor,7.54,0,7.22,0.6,0
3253,6.6,224.6,26.9,77.3,616.3,4.41,78.5,Urban,Silty,333.0,Average,0.83,1,2.77,0.23,1
3254,7.25,175.8,24.4,63.7,182.3,1.69,46.4,Wetland,Loamy,106.0,Average,3.3,1,6.35,5.47,0
3255,4.85,228.6,32.7,60.1,336.5,4.08,13.7,Urban,Clay,854.0,Poor,6.43,6,2.58,2.45,1
3256,3.93,58.8,31.2,,456.7,4.7,392.3,Forest,Sandy,894.0,Poor,3.16,1,9.38,6.07,0
3257,5.51,174.2,33.3,46.5,488.1,5.6,230.5,Barren,Sandy,1150.0,Good,8.79,4,6.81,6.9,0
3258,6.63,254.5,22.0,53.4,375.4,2.59,9.5,Forest,Silty,1035.0,Average,0.0,0,7.98,4.65,1
3259,3.42,374.5,28.3,56.9,517.5,3.96,52.3,Agricultural,Sandy,497.0,Poor,6.34,0,9.42,3.58,1
3260,4.6,109.0,28.5,65.5,716.6,5.23,209.2,Agricultural,Loamy,962.0,Good,3.8,2,7.22,3.72,1
3261,5.41,157.5,29.5,64.6,432.4,5.06,320.9,Forest,Clay,934.0,Average,4.12,1,4.6,3.51,0
3262,5.06,93.8,28.1,75.1,935.5,4.77,111.1,Urban,Loamy,186.0,Average,6.38,0,1.1,3.44,0
3263,4.39,,28.3,66.0,473.2,2.95,54.4,Wetland,Clay,862.0,Poor,7.94,1,5.39,6.67,0
3264,8.55,50.8,36.3,91.0,120.9,6.68,18.6,Forest,Sandy,947.0,Good,4.29,1,7.4,7.63,0
3265,2.41,177.1,32.0,74.6,278.4,4.17,60.0,Forest,Loamy,742.0,Average,4.61,0,5.14,2.33,0
3266,3.74,62.7,27.8,69.7,306.2,2.77,35.3,Forest,Loamy,936.0,Average,1.23,1,1.65,3.88,0
3267,8.85,171.9,25.8,76.4,285.9,3.37,130.2,Agricultural,Sandy,395.0,Average,6.5,1,5.48,9.18,1
3268,3.1,108.8,30.8,61.1,195.4,0.69,167.8,Forest,Sandy,1696.0,Good,8.84,2,8.03,7.05,0
3269,5.63,78.2,25.7,45.3,285.2,8.2,393.0,Agricultural,Clay,773.0,Poor,7.15,2,6.47,6.97,1
3270,7.64,269.0,30.8,74.7,324.0,3.68,282.8,Urban,Silty,700.0,Good,3.97,2,0.99,3.58,0
3271,7.39,161.6,22.1,81.0,258.2,5.36,234.7,Forest,Loamy,646.0,Average,2.56,0,2.83,8.57,1
3272,5.94,151.8,22.4,55.6,448.4,2.66,20.8,Agricultural,Sandy,1085.0,Poor,,0,10.0,5.01,0
3273,3.68,127.7,32.2,79.5,769.6,8.31,32.0,Barren,Loamy,544.0,Good,2.3,1,3.75,4.46,0
3274,8.05,201.7,31.5,69.8,328.5,5.9,139.2,Agricultural,Loamy,947.0,Good,7.04,1,7.05,5.02,1
3275,3.51,299.4,35.8,75.0,79.2,4.85,111.7,Agricultural,Clay,337.0,Poor,7.49,1,7.94,6.93,1
3276,8.57,113.7,28.6,72.3,248.0,1.36,193.3,Barren,Silty,693.0,Average,6.15,3,1.95,7.26,0
3277,4.85,151.7,27.6,57.0,516.9,0.0,9.6,Forest,Sandy,829.0,Poor,8.15,1,2.91,3.43,0
3278,0.32,59.0,30.8,84.7,348.2,3.14,247.9,Urban,Silty,1234.0,Average,7.91,3,6.74,7.31,0
3279,6.74,166.2,33.6,63.3,714.4,7.06,38.5,Urban,Clay,223.0,Average,6.2,1,0.0,4.1,1
3280,2.86,227.6,24.9,65.8,380.4,5.83,13.8,Forest,Clay,476.0,Average,0.36,3,6.09,10.0,1
3281,5.17,108.1,21.4,73.3,606.2,4.76,84.5,Forest,Clay,886.0,Average,4.45,0,4.01,7.54,1
3282,2.77,150.1,27.0,76.6,113.4,4.0,611.6,Wetland,Loamy,524.0,Average,0.3,2,9.42,4.38,0
3283,3.98,104.3,31.2,83.3,391.9,5.43,127.7,Barren,Sandy,1903.0,Average,10.0,2,5.97,4.74,0
3284,6.2,134.9,25.7,76.1,979.8,3.63,54.1,Urban,Clay,1153.0,Average,5.33,2,6.49,3.03,1
3285,1.66,129.2,28.5,69.2,1044.8,7.51,105.1,Forest,Loamy,724.0,Poor,5.65,1,6.28,7.31,1
3286,5.1,183.9,24.4,63.6,62.9,4.65,11.0,Agricultural,Loamy,355.0,Good,2.57,0,4.2,5.97,0
3287,6.2,212.6,26.7,68.4,193.8,1.9,57.6,Agricultural,Sandy,164.0,Average,5.05,1,6.52,5.14,0
3288,1.78,197.3,27.3,66.0,200.4,6.98,2.7,Agricultural,Loamy,2067.0,Average,6.95,1,2.41,5.01,0
3289,8.05,161.0,21.4,83.4,381.0,7.02,71.9,Forest,Silty,457.0,Good,9.46,2,1.12,5.16,0
3290,5.72,79.4,26.1,68.4,688.1,3.94,24.2,Barren,Clay,1199.0,Poor,4.61,1,3.35,2.66,1
3291,3.94,186.2,28.5,58.1,855.4,2.62,254.8,Forest,Loamy,782.0,Average,3.97,0,3.92,3.82,0
3292,6.06,251.8,25.9,,352.3,4.65,249.4,Forest,Loamy,52.0,Average,,1,1.79,8.84,0
3293,1.56,254.5,29.7,39.2,376.7,5.81,141.5,Forest,Sandy,1687.0,Average,4.22,1,5.12,5.31,0
3294,1.71,114.8,30.4,,613.6,4.54,178.4,Forest,Sandy,3389.0,Poor,3.95,2,2.88,6.26,0
3295,3.22,210.5,27.0,79.5,426.9,3.1,140.8,Agricultural,Silty,115.0,Poor,7.8,1,5.01,5.54,0
3296,3.3,147.8,24.7,79.0,362.3,3.91,208.6,Wetland,Loamy,699.0,Good,7.19,0,0.0,0.99,0
3297,3.68,74.4,31.1,57.9,1384.0,1.54,111.8,Agricultural,Clay,900.0,Average,4.91,2,3.01,6.47,1
3298,5.48,93.4,27.4,81.0,473.3,7.95,221.0,Urban,Clay,662.0,Average,4.34,0,6.68,4.01,1
3299,0.0,90.7,28.6,65.5,1275.3,7.83,114.2,Forest,Sandy,3724.0,Average,1.76,1,6.15,5.8,1
3300,2.96,,28.4,89.4,581.6,4.28,68.5,Barren,Sandy,637.0,Good,6.07,0,5.68,4.86,0
3301,3.01,132.8,29.0,72.9,479.0,3.36,145.4,Agricultural,Loamy,526.0,Average,3.02,0,6.02,5.89,0
3302,4.32,73.5,21.6,55.0,470.7,4.19,223.6,Urban,Sandy,249.0,Average,6.66,0,1.3,4.75,0
3303,2.15,304.6,27.0,77.2,257.9,1.77,792.5,Urban,Loamy,398.0,Poor,3.87,1,4.05,9.03,0
3304,5.98,178.2,23.0,81.1,161.1,4.22,58.4,Urban,Loamy,212.0,Good,2.35,1,10.0,7.29,1
3305,5.03,76.0,34.6,73.9,894.9,5.93,268.4,Forest,Silty,299.0,Poor,6.17,2,3.54,6.44,1
3306,6.57,62.9,20.6,74.6,473.1,4.45,88.9,Urban,Clay,806.0,Good,10.0,1,0.0,8.95,0
3307,4.65,34.6,30.1,94.3,319.5,3.99,194.4,Urban,Loamy,1093.0,Good,6.32,0,5.03,5.72,0
3308,2.31,114.3,27.3,71.7,242.6,4.16,82.2,Urban,Loamy,1362.0,Good,5.52,0,4.5,3.63,0
3309,3.14,185.6,25.3,95.7,212.9,4.13,149.6,Wetland,Clay,199.0,Average,3.21,5,1.87,5.39,0
3310,5.65,119.3,31.3,78.8,171.7,4.37,142.0,Urban,Loamy,209.0,Average,2.35,1,5.49,6.91,1
3311,1.93,22.3,25.7,83.5,464.2,8.39,6.7,Wetland,Sandy,1594.0,Poor,5.8,1,6.95,4.11,1
3312,1.19,222.6,28.4,62.4,237.0,4.53,222.4,Urban,Clay,460.0,Average,4.82,3,5.69,1.95,0
3313,4.58,71.5,27.1,78.0,676.1,1.47,137.4,Forest,Clay,731.0,Average,4.25,1,3.15,3.88,0
3314,5.4,287.4,28.3,62.0,620.3,5.87,234.8,Agricultural,Silty,613.0,Average,5.7,0,6.52,7.17,1
3315,5.47,115.0,27.0,79.2,700.1,3.91,177.2,Forest,Silty,917.0,,4.56,1,7.56,2.62,0
3316,5.73,79.1,24.6,70.1,128.9,8.45,5.4,Urban,Clay,973.0,Average,3.94,0,10.0,3.69,1
3317,5.51,90.5,33.7,61.0,727.3,5.15,38.5,Agricultural,Clay,358.0,Average,2.28,2,7.19,3.91,1
3318,7.4,254.1,29.8,80.2,407.8,5.25,277.8,Agricultural,Loamy,1204.0,Good,5.08,1,4.55,6.33,0
3319,3.56,265.6,26.8,65.9,436.9,4.62,568.8,Forest,Silty,477.0,Average,4.66,2,5.88,3.79,0
3320,3.73,73.7,27.3,65.9,525.2,5.66,252.3,Wetland,Clay,423.0,Poor,7.2,0,3.48,4.23,0
3321,6.52,99.0,21.7,59.5,440.3,3.37,693.8,Wetland,Sandy,434.0,Poor,5.76,3,4.63,4.76,0
3322,0.0,162.6,27.1,92.0,335.3,7.9,41.5,Agricultural,Silty,2301.0,Good,10.0,2,3.86,6.51,0
3323,7.51,74.8,26.6,56.9,224.2,3.58,182.4,Forest,Loamy,615.0,Poor,7.63,2,5.17,5.45,0
3324,5.41,316.1,22.7,79.2,739.9,4.2,348.6,Urban,Clay,1813.0,Average,6.15,1,2.92,5.82,0
3325,4.73,76.3,26.6,76.5,199.5,5.66,73.3,Barren,Silty,472.0,Average,5.82,1,2.68,3.06,0
3326,4.51,83.8,32.3,84.7,322.9,7.41,8.9,Forest,Loamy,356.0,Poor,5.32,0,2.65,4.79,0
3327,6.11,165.9,29.3,80.1,187.3,2.03,97.5,Agricultural,Loamy,618.0,Poor,5.54,0,4.25,5.05,0
3328,1.29,237.0,23.0,51.2,309.9,3.66,171.8,Agricultural,Clay,244.0,Average,4.71,3,7.88,6.13,0
3329,2.97,59.7,21.9,70.8,428.7,4.17,22.7,Forest,Loamy,657.0,Average,4.83,1,5.94,8.34,0
3330,7.29,64.7,22.6,76.7,428.2,3.57,361.8,Forest,Sandy,756.0,Good,3.12,1,2.71,3.7,0
3331,6.39,145.5,26.6,72.5,660.5,4.97,44.7,Forest,Sandy,904.0,Good,9.05,2,2.02,2.58,0
3332,5.35,156.4,25.6,53.7,227.6,3.49,153.5,Forest,Sandy,2103.0,Average,6.58,0,6.34,3.11,0
3333,2.52,282.9,23.9,75.6,448.7,5.29,49.3,Agricultural,Clay,273.0,Average,0.0,1,2.07,1.8,0
3334,3.7,76.1,26.0,71.9,81.2,3.35,273.2,Forest,Loamy,410.0,Average,6.18,1,3.57,5.02,0
3335,7.6,108.7,32.0,73.1,384.3,5.53,11.9,Urban,Silty,270.0,Average,8.56,1,2.12,6.33,1
3336,5.68,111.2,26.3,84.1,204.5,8.29,142.0,Urban,Silty,302.0,Poor,8.41,0,7.83,5.87,1
3337,5.96,72.7,29.8,56.2,464.4,6.07,25.7,Forest,Loamy,668.0,Average,3.62,0,3.71,6.2,0
3338,2.4,205.8,32.5,65.8,378.8,5.44,310.5,Urban,Loamy,558.0,Poor,6.12,1,6.71,5.87,0
3339,6.85,110.7,29.0,79.0,590.8,,199.8,Agricultural,Loamy,566.0,Good,5.57,2,1.14,4.47,0
3340,2.32,155.0,26.1,53.4,444.5,5.65,71.8,Agricultural,Silty,2102.0,Poor,5.58,1,6.04,2.13,1
3341,4.5,113.5,21.7,67.4,105.0,5.69,95.7,Urban,Loamy,1505.0,Good,4.93,0,6.47,3.1,0
3342,5.15,160.1,29.0,56.9,340.5,5.25,125.8,Barren,Clay,457.0,Average,5.62,0,6.47,7.53,0
3343,1.32,99.2,25.2,79.4,1117.0,4.19,0.1,Forest,Silty,123.0,Poor,7.14,0,7.22,4.16,0
3344,3.31,,30.1,52.8,369.2,3.16,77.5,Agricultural,Sandy,179.0,Average,7.76,2,4.74,2.99,0
3345,4.78,173.7,28.6,70.8,289.7,3.83,427.0,Forest,Silty,731.0,Poor,5.16,3,0.0,5.78,0
3346,5.18,75.3,28.4,81.4,628.9,3.54,72.5,Forest,Silty,2016.0,Average,8.1,0,8.17,5.13,0
3347,4.05,137.4,25.8,60.7,266.7,5.19,529.1,Forest,Sandy,364.0,Average,3.68,2,1.6,3.1,0
3348,4.75,113.8,16.0,58.1,275.2,4.58,1.7,Wetland,Loamy,1109.0,Average,3.77,0,2.23,4.15,1
3349,7.95,72.0,27.2,53.8,1062.1,1.88,46.0,Wetland,Loamy,524.0,Poor,1.96,3,7.32,1.32,1
3350,0.0,305.4,22.7,78.1,1037.0,3.16,69.4,Agricultural,Clay,285.0,Poor,5.55,1,4.14,5.99,1
3351,6.22,148.3,30.0,51.8,330.4,7.1,892.7,Wetland,Clay,2885.0,Poor,5.2,1,3.76,7.78,0
3352,2.38,211.8,28.6,80.6,356.4,3.48,66.1,Urban,Clay,643.0,Average,1.2,0,5.96,4.23,0
3353,1.42,226.8,18.9,73.5,531.5,0.72,84.5,Agricultural,Sandy,438.0,Good,8.97,0,3.75,4.18,0
3354,5.35,33.3,27.3,76.4,516.0,3.08,22.3,Agricultural,Sandy,432.0,Poor,5.61,0,6.45,3.7,0
3355,4.13,108.9,21.9,67.7,97.6,5.01,84.8,Wetland,Clay,956.0,Average,8.63,3,10.0,3.43,0
3356,6.97,159.9,26.4,59.5,279.2,,183.5,Agricultural,Loamy,700.0,Average,5.32,2,8.45,3.56,0
3357,5.93,188.9,24.8,62.2,290.9,4.73,176.5,Urban,Clay,805.0,Average,2.84,2,7.04,5.36,1
3358,3.19,210.4,31.2,67.9,562.0,7.55,32.2,Agricultural,Loamy,205.0,Average,6.58,1,2.35,7.18,0
3359,1.81,,30.3,73.4,323.8,2.7,100.8,Agricultural,Sandy,508.0,Average,5.24,1,6.56,1.68,0
3360,3.75,235.7,30.2,49.4,221.0,5.32,58.0,Agricultural,Sandy,1230.0,Poor,1.43,0,4.82,7.44,1
3361,5.44,133.7,27.1,74.6,229.7,5.25,119.3,Agricultural,Silty,882.0,Poor,2.67,1,0.0,5.3,0
3362,5.22,151.2,28.2,86.2,438.7,7.1,146.7,Urban,Loamy,2673.0,Average,7.14,3,2.98,5.2,1
3363,3.84,17.6,34.7,71.0,242.5,7.23,5.6,Barren,Sandy,324.0,Poor,0.94,0,0.0,5.21,1
3364,1.13,,21.7,74.0,327.6,5.06,209.6,Wetland,Loamy,393.0,Good,6.08,1,6.98,6.37,0
3365,8.68,93.5,27.5,71.8,393.3,2.83,215.1,Urban,Sandy,277.0,Average,0.8,0,3.86,2.54,0
3366,0.0,60.8,27.6,73.2,574.3,4.51,50.3,Urban,Loamy,1734.0,Good,6.86,0,2.3,3.75,0
3367,6.47,229.5,30.0,64.5,144.7,6.37,256.8,Forest,Clay,655.0,Poor,8.77,0,5.7,3.88,0
3368,7.42,115.8,24.3,75.5,587.0,0.0,40.8,Urban,Loamy,992.0,Average,0.0,1,8.06,4.9,1
3369,5.08,144.9,30.3,73.0,108.2,3.24,136.8,Wetland,Sandy,223.0,Average,6.98,1,8.19,8.32,0
3370,2.05,271.1,30.0,92.7,380.9,5.37,49.6,Agricultural,Sandy,2981.0,Average,3.47,1,5.63,4.68,0
3371,3.17,116.1,26.5,69.2,583.5,0.56,229.7,Agricultural,Sandy,865.0,Good,5.7,2,10.0,5.1,0
3372,8.36,122.8,26.5,82.5,226.9,5.01,354.6,Agricultural,Loamy,1298.0,Average,7.17,0,5.38,6.95,0
3373,3.05,224.1,25.4,40.8,482.9,4.82,121.9,Forest,Sandy,220.0,Good,10.0,0,7.01,6.0,0
3374,5.91,142.1,27.2,84.9,964.4,7.45,207.2,Forest,Clay,802.0,Average,4.12,2,9.73,7.61,1
3375,3.64,137.2,21.4,79.1,698.5,5.85,27.6,Agricultural,Clay,1580.0,Average,7.67,1,4.19,1.85,0
3376,3.32,141.5,25.7,81.4,1056.8,1.04,44.8,Agricultural,Silty,329.0,Poor,7.53,0,3.98,5.84,1
3377,2.78,126.1,25.8,58.5,832.4,4.65,292.9,Urban,Loamy,423.0,Average,9.92,5,4.01,3.77,0
3378,7.27,173.9,26.9,56.0,1337.4,5.71,166.7,Barren,Sandy,201.0,Good,6.69,0,0.54,8.7,0
3379,6.67,154.8,23.5,53.6,209.8,4.64,339.7,Forest,Silty,218.0,Average,2.89,4,5.85,3.85,0
3380,5.21,379.7,35.4,77.6,478.1,6.29,34.3,Forest,Loamy,1052.0,Good,5.79,0,4.95,7.58,0
3381,4.28,80.2,32.3,72.3,1321.6,5.27,292.3,Agricultural,Clay,1305.0,,2.88,1,5.86,5.42,1
3382,4.67,91.1,29.4,100.0,611.8,0.38,202.1,Barren,Sandy,1675.0,Poor,3.97,2,6.46,3.66,0
3383,1.64,173.7,35.5,65.2,1122.7,5.35,82.3,Barren,Loamy,1792.0,Good,3.44,2,6.66,6.15,1
3384,7.89,134.6,27.0,64.1,270.5,4.26,401.7,Agricultural,Silty,1357.0,Average,1.32,1,5.09,1.0,0
3385,8.27,454.8,26.1,79.4,740.9,4.32,46.1,Agricultural,Silty,789.0,Average,5.53,1,5.87,2.56,1
3386,5.84,119.4,30.6,75.3,625.7,3.12,255.1,Agricultural,Sandy,26.0,Average,8.83,0,5.56,7.22,0
3387,1.84,231.0,26.1,80.0,245.2,4.38,40.9,Wetland,Loamy,1027.0,Good,7.5,0,0.42,4.86,0
3388,0.16,125.7,25.4,50.6,138.8,4.27,5.5,Agricultural,Clay,707.0,Average,4.42,2,2.48,5.48,0
3389,2.07,161.1,25.2,55.7,270.8,2.97,168.4,Urban,Clay,793.0,Average,4.4,1,8.54,3.97,0
3390,3.26,85.3,21.2,82.0,862.5,2.86,10.1,Forest,Loamy,257.0,Poor,3.18,2,8.02,8.62,1
3391,1.58,219.1,24.1,68.1,572.6,7.43,239.3,Agricultural,Silty,164.0,Average,2.27,0,5.74,4.0,0
3392,2.97,129.7,22.2,72.5,344.7,0.49,322.9,Wetland,Sandy,493.0,Poor,4.71,2,6.86,2.08,0
3393,4.53,149.3,30.7,52.1,612.3,8.35,71.5,Agricultural,Clay,1101.0,Average,4.84,1,6.88,5.05,1
3394,8.59,90.8,25.4,52.5,261.7,4.51,271.5,Forest,Silty,380.0,Average,3.34,2,3.24,5.88,0
3395,2.79,162.1,28.6,75.1,212.3,5.92,127.1,Urban,Clay,469.0,Good,5.58,0,7.94,6.51,0
3396,3.25,316.3,30.1,59.8,487.0,4.81,4.5,Agricultural,Clay,1605.0,Average,2.37,0,1.9,6.74,1
3397,7.87,58.9,24.7,85.0,266.0,7.01,158.1,Agricultural,Clay,228.0,Poor,6.03,2,4.12,0.54,0
3398,6.42,125.2,29.0,58.5,266.4,4.24,62.3,Urban,Silty,1009.0,Average,5.08,0,5.11,8.02,1
3399,7.32,124.8,33.5,70.1,261.8,7.48,44.9,Urban,Loamy,917.0,Average,3.54,0,7.5,4.51,1
3400,6.15,155.8,37.8,57.8,40.3,7.24,253.3,Forest,Silty,243.0,Poor,5.52,1,7.87,4.88,0
3401,5.81,75.4,25.8,68.2,281.1,3.51,449.8,Forest,Sandy,304.0,Good,8.69,3,4.85,4.35,0
3402,4.92,168.3,19.7,76.8,629.7,0.0,40.1,Agricultural,Sandy,660.0,Poor,1.4,0,2.15,4.93,0
3403,7.72,202.7,30.0,,979.6,,4.6,Forest,Sandy,901.0,Average,8.23,3,4.4,3.59,1
3404,6.7,261.8,20.7,72.4,391.3,5.84,121.4,Barren,Silty,404.0,Average,3.26,0,4.85,4.32,1
3405,3.89,307.5,30.7,68.7,409.8,3.15,494.2,Urban,Sandy,455.0,Average,4.55,2,5.11,5.03,0
3406,5.41,266.6,24.0,71.8,263.4,0.31,20.7,Agricultural,Loamy,189.0,Average,1.16,1,6.21,5.48,1
3407,6.8,129.3,25.4,72.3,391.6,3.62,37.2,Agricultural,Clay,830.0,Average,4.8,0,3.55,2.92,0
3408,8.02,80.8,37.2,56.6,503.3,3.88,58.7,Urban,Sandy,474.0,Average,7.44,0,3.69,6.96,0
3409,4.84,217.4,26.4,76.5,239.6,6.38,514.4,Forest,Loamy,1049.0,Average,3.3,2,3.36,6.55,0
3410,1.51,204.5,29.8,75.1,212.6,1.79,32.1,Urban,Silty,3636.0,Good,7.82,1,4.91,5.23,0
3411,7.68,230.4,25.0,75.6,162.7,2.76,66.0,Forest,Silty,1055.0,Good,3.72,2,10.0,6.41,0
3412,5.49,112.8,27.1,91.8,130.5,4.37,71.4,Agricultural,Loamy,628.0,Average,9.19,1,6.5,4.73,0
3413,8.17,206.4,28.8,58.8,561.7,2.91,194.3,Urban,Clay,266.0,Average,0.23,0,9.0,2.01,1
3414,3.04,121.7,27.7,84.1,392.1,,20.3,Barren,Loamy,1513.0,Poor,4.51,1,2.66,4.37,1
3415,4.1,93.7,34.8,57.0,442.6,2.69,40.5,Agricultural,Clay,517.0,Average,5.65,2,4.43,2.83,0
3416,3.96,213.7,28.7,79.0,737.4,3.7,86.2,Forest,Sandy,1067.0,Good,6.93,0,5.83,4.56,0
3417,10.0,228.4,19.8,49.5,232.7,6.05,874.3,Barren,Sandy,376.0,Average,1.37,0,0.98,4.3,0
3418,3.04,207.3,26.3,55.0,574.2,1.46,199.4,Forest,Clay,611.0,Good,3.57,1,8.54,6.35,0
3419,0.81,267.5,24.7,72.0,758.4,5.26,109.1,Forest,Sandy,1422.0,Average,6.35,2,4.09,4.68,0
3420,4.71,100.6,28.0,64.3,51.4,0.92,24.4,Forest,Sandy,136.0,Good,7.95,3,3.66,9.21,0
3421,0.38,162.0,29.7,77.7,225.3,5.24,187.2,Urban,Sandy,92.0,Poor,7.01,0,2.33,6.84,0
3422,3.65,336.6,23.8,66.7,535.1,3.29,250.1,Forest,Clay,238.0,Average,7.02,0,0.0,2.37,0
3423,2.67,166.5,27.1,51.4,286.1,6.9,45.9,Wetland,Loamy,405.0,Good,5.04,0,6.29,4.64,1
3424,5.68,85.8,21.1,,146.0,3.24,1.6,Barren,Loamy,3735.0,Average,6.95,1,3.17,2.4,0
3425,6.55,163.4,32.4,85.6,259.1,3.67,37.3,Wetland,Loamy,822.0,Good,4.78,0,5.38,5.09,0
3426,6.69,131.7,32.5,57.3,318.5,5.56,168.4,Forest,Loamy,1220.0,Good,1.04,1,3.84,4.66,0
3427,9.54,74.2,19.9,67.2,296.1,5.47,254.6,Wetland,Loamy,642.0,Poor,6.7,0,0.0,1.7,0
3428,4.87,174.3,27.6,67.6,908.0,1.74,246.8,Agricultural,Loamy,901.0,Average,0.26,0,7.43,1.72,0
3429,5.31,87.8,30.2,67.8,158.7,5.2,106.2,Urban,Sandy,1464.0,Good,4.78,0,9.13,9.3,0
3430,6.04,217.8,32.0,69.6,131.3,3.33,67.9,Agricultural,Sandy,751.0,Average,6.21,1,3.61,6.85,0
3431,4.32,256.6,22.2,63.4,211.6,3.98,63.5,Urban,Clay,1141.0,Average,5.52,3,1.81,2.45,0
3432,5.68,82.5,31.0,63.5,225.0,3.49,8.1,Urban,Silty,365.0,Poor,3.49,1,3.65,7.74,1
3433,4.08,42.1,26.6,78.4,383.7,2.37,60.9,Agricultural,Clay,934.0,Average,4.66,3,3.4,4.46,0
3434,1.41,84.0,25.9,65.4,387.2,5.78,48.4,Wetland,Clay,841.0,Average,5.97,2,4.56,3.41,1
3435,5.39,408.9,33.5,73.4,395.3,3.67,112.3,Agricultural,Clay,924.0,Average,4.12,0,3.93,5.73,0
3436,6.2,193.8,33.6,61.9,236.5,2.2,50.4,Agricultural,Sandy,502.0,Average,5.55,0,10.0,1.11,0
3437,8.85,76.5,32.8,77.2,439.6,5.76,220.0,Agricultural,Sandy,560.0,Average,7.68,0,5.12,6.51,0
3438,5.07,189.0,24.1,64.1,369.3,4.69,153.7,Forest,Clay,106.0,Poor,5.97,1,3.76,3.13,1
3439,7.17,203.0,24.0,81.7,909.1,7.03,5.8,Wetland,Clay,555.0,Poor,8.99,0,6.06,4.81,0
3440,3.83,181.0,24.3,78.3,782.6,3.55,666.3,Agricultural,Sandy,367.0,Poor,1.5,2,1.44,6.52,0
3441,2.8,250.1,27.6,62.9,316.6,7.65,244.1,Agricultural,Sandy,894.0,Good,0.07,1,4.88,4.07,0
3442,9.74,98.8,23.8,85.5,531.1,4.65,331.7,Urban,Loamy,493.0,Poor,4.66,0,7.21,6.77,0
3443,4.47,286.9,30.6,67.9,239.5,3.4,249.7,Wetland,Loamy,824.0,Poor,4.81,3,6.35,3.18,1
3444,3.06,240.1,23.8,76.9,1016.5,5.46,280.9,Barren,Clay,1971.0,Poor,5.67,1,4.45,4.64,1
3445,3.19,116.1,20.0,69.7,177.7,6.48,242.9,Urban,Sandy,179.0,Average,10.0,1,6.36,6.62,0
3446,6.09,72.8,16.4,63.9,306.8,4.84,491.0,Forest,Loamy,523.0,Average,6.75,0,6.72,3.75,0
3447,3.48,217.6,33.7,85.2,782.3,2.85,6.5,Forest,Sandy,634.0,Good,6.57,0,10.0,2.35,0
3448,4.9,183.4,27.3,53.3,391.7,3.11,261.6,Agricultural,Sandy,410.0,Average,2.83,2,1.74,2.0,0
3449,6.35,153.5,26.1,79.1,415.8,6.65,265.2,Urban,Silty,600.0,Good,2.42,3,8.82,5.89,1
3450,3.53,429.9,22.7,76.6,469.9,1.98,0.7,Urban,Loamy,120.0,Poor,6.58,2,5.8,3.31,1
3451,6.08,154.9,26.4,45.0,55.6,,81.9,Urban,Sandy,736.0,Good,8.49,2,4.73,7.3,0
3452,2.85,124.4,32.1,78.5,312.9,5.81,374.4,Urban,Loamy,405.0,Average,1.96,2,7.66,2.81,0
3453,3.77,107.9,17.3,66.3,331.2,1.9,279.7,Wetland,Sandy,474.0,Good,2.74,4,5.26,6.8,0
3454,4.46,110.0,30.5,65.4,488.5,3.32,68.0,Agricultural,Clay,585.0,Poor,3.54,0,7.07,5.38,0
3455,4.57,186.1,20.1,74.2,374.4,7.25,493.9,Forest,Clay,629.0,Average,7.81,0,4.64,6.54,0
3456,2.74,173.3,25.4,73.1,278.9,10.76,186.1,Barren,Loamy,992.0,Average,2.14,1,6.31,5.76,0
3457,5.0,161.3,24.7,76.2,423.0,6.02,95.6,Forest,Silty,2040.0,Average,3.68,0,3.87,5.48,0
3458,3.77,218.9,30.6,86.5,475.8,2.53,301.9,Forest,Clay,786.0,Good,4.65,0,6.22,8.31,0
3459,4.12,86.0,29.6,90.0,407.0,5.73,57.0,Wetland,Silty,459.0,Good,6.27,0,0.0,8.61,0
3460,4.92,283.0,30.2,62.5,71.9,4.16,13.4,Forest,Silty,801.0,Average,8.14,1,4.26,5.17,0
3461,4.25,142.0,32.3,68.3,532.3,5.05,84.0,Wetland,Sandy,344.0,Average,2.15,0,5.15,2.23,0
3462,6.97,75.6,27.5,50.3,775.3,6.41,19.7,Urban,Loamy,485.0,Poor,5.62,1,5.88,3.82,1
3463,4.09,107.1,27.1,68.6,544.5,2.59,421.9,Urban,Clay,226.0,Average,6.47,0,3.92,4.94,0
3464,4.6,124.5,22.1,68.0,228.7,3.81,27.7,Forest,Clay,1644.0,Poor,3.72,1,5.69,4.87,0
3465,3.13,238.1,28.4,49.3,378.0,1.95,248.5,Forest,Sandy,2688.0,Poor,5.38,0,6.27,3.8,0
3466,4.24,153.3,26.9,78.3,416.6,4.27,211.3,Urban,Clay,1295.0,Good,9.43,2,4.51,3.5,0
3467,8.71,216.2,27.7,76.8,546.9,3.84,58.5,Forest,Loamy,329.0,Good,4.13,0,6.52,4.48,1
3468,4.2,133.1,29.6,70.1,522.7,5.89,54.4,Forest,Clay,2150.0,Good,6.2,0,4.42,6.18,0
3469,3.26,247.9,19.8,61.1,250.6,4.7,10.3,Agricultural,Loamy,838.0,Average,6.26,1,4.59,1.21,0
3470,5.69,137.5,25.9,81.4,193.7,2.94,49.0,Urban,Sandy,569.0,Poor,7.65,2,3.65,5.74,0
3471,2.06,148.1,24.4,77.7,625.3,2.75,379.3,Forest,Sandy,294.0,Average,4.09,1,1.83,5.2,0
3472,3.38,375.0,22.7,85.7,766.8,,20.4,Agricultural,Clay,954.0,Poor,5.14,1,3.58,4.38,0
3473,1.13,73.6,25.0,81.2,363.6,3.06,291.5,Agricultural,Silty,618.0,Poor,4.62,1,4.53,3.87,0
3474,3.36,199.9,26.9,84.0,1084.8,4.52,193.8,Wetland,Loamy,305.0,Poor,3.58,3,6.81,3.51,1
3475,3.19,,28.7,69.6,559.6,4.17,237.8,Agricultural,Loamy,1292.0,Average,3.23,1,5.22,6.81,0
3476,9.74,223.3,26.0,68.8,335.3,0.86,171.1,Urban,Silty,903.0,Average,4.14,1,4.79,2.99,0
3477,6.97,388.9,24.5,55.9,1043.1,4.19,114.5,Agricultural,Loamy,242.0,Average,6.86,0,5.32,5.49,0
3478,0.0,172.7,28.6,63.1,462.6,5.05,107.4,Forest,Clay,599.0,Poor,0.33,1,5.91,5.83,1
3479,1.04,77.5,21.1,60.6,382.2,5.02,19.4,Urban,Sandy,742.0,Poor,4.15,2,2.83,3.18,1
3480,3.92,158.0,33.7,65.1,729.9,7.35,511.9,Agricultural,Silty,850.0,Average,7.43,3,9.03,5.99,0
3481,5.32,175.0,30.1,,881.4,8.11,101.5,Agricultural,Clay,273.0,Good,2.78,0,4.45,4.6,1
3482,3.73,157.9,29.1,59.4,267.8,3.34,94.9,Agricultural,Loamy,1104.0,Average,7.23,1,3.17,6.78,0
3483,7.7,278.1,24.8,56.3,329.0,4.96,220.5,Urban,Silty,640.0,Poor,3.81,2,4.71,6.57,1
3484,5.4,167.6,23.9,79.2,944.1,3.88,35.5,Urban,Clay,1481.0,Average,6.25,0,5.04,5.64,1
3485,4.61,76.5,27.8,53.5,586.3,0.76,226.4,Urban,Silty,568.0,Poor,2.97,3,6.22,3.34,1
3486,2.57,146.5,33.4,68.1,250.4,4.15,104.2,Urban,Sandy,495.0,Poor,5.06,3,1.64,5.32,0
3487,6.19,66.6,27.3,62.3,753.4,5.24,93.4,Urban,Loamy,562.0,Good,7.64,0,3.12,4.35,0
3488,3.56,190.9,16.9,67.6,427.5,4.0,139.0,Agricultural,Sandy,1245.0,Average,0.73,6,6.83,5.11,1
3489,5.45,174.4,29.0,38.4,247.4,8.1,144.6,Forest,Clay,576.0,Average,6.72,0,4.55,4.57,0
3490,0.54,240.3,26.4,78.2,792.7,1.78,178.4,Forest,Clay,524.0,Average,7.36,1,6.5,5.7,0
3491,8.48,50.5,25.7,78.7,269.9,,88.0,Agricultural,Silty,1624.0,Poor,5.98,2,5.58,6.48,1
3492,6.14,163.9,29.2,67.2,140.0,4.85,17.4,Wetland,Loamy,417.0,Poor,10.0,4,4.96,2.42,1
3493,7.02,108.0,37.4,76.6,426.4,1.36,60.8,Wetland,Loamy,302.0,Good,1.84,0,6.6,1.58,0
3494,5.43,123.3,25.5,53.4,739.8,3.01,304.5,Wetland,Clay,709.0,Average,1.81,0,7.76,3.32,0
3495,1.67,256.4,32.5,81.9,524.0,5.21,643.5,Agricultural,Loamy,838.0,Poor,,0,1.33,6.57,0
3496,2.41,52.7,23.6,67.8,654.9,5.84,82.2,Barren,Sandy,711.0,Poor,8.08,0,10.0,4.58,1
3497,6.57,111.7,29.6,60.7,688.6,9.58,152.1,Forest,Sandy,1378.0,Average,3.03,1,2.94,5.7,1
3498,5.47,226.1,28.7,79.7,602.6,1.95,8.4,Agricultural,Clay,523.0,Poor,8.87,1,3.26,9.53,1
3499,10.0,128.9,24.6,86.5,442.3,4.5,253.0,Forest,Sandy,1223.0,Poor,5.01,2,2.97,4.3,1
3500,4.81,155.1,31.0,67.4,405.0,0.0,320.5,Urban,Loamy,288.0,Average,3.22,3,0.0,4.55,0
3501,2.82,97.3,30.9,73.3,814.1,4.1,22.6,Agricultural,Sandy,850.0,Average,1.54,1,5.94,5.12,1
3502,6.4,,29.0,89.9,449.5,2.41,65.9,Agricultural,Loamy,1358.0,Average,3.57,2,4.34,5.68,1
3503,6.22,177.0,13.7,63.9,864.3,2.74,130.6,Forest,Sandy,274.0,Good,7.86,1,6.06,7.34,0
3504,6.23,83.8,28.2,63.0,160.5,3.33,233.4,Urban,Loamy,690.0,Average,8.18,0,3.63,3.39,0
3505,2.79,163.9,29.0,88.2,558.5,8.46,287.0,Forest,Sandy,505.0,Average,7.87,1,2.16,8.49,0
3506,3.68,130.7,26.8,75.7,173.1,4.02,21.5,Urban,Clay,1061.0,Average,2.51,3,1.01,3.71,1
3507,1.67,95.4,24.3,72.9,250.6,6.73,10.2,Urban,Silty,705.0,Poor,1.26,4,5.63,8.26,1
3508,4.21,174.0,28.8,61.2,710.5,4.7,125.5,Agricultural,Loamy,203.0,Average,3.07,2,5.91,2.97,1
3509,2.2,92.1,21.3,80.4,612.5,2.56,90.4,Forest,Silty,934.0,Poor,5.22,2,1.82,2.81,0
3510,4.49,112.9,31.9,68.4,442.5,6.52,107.5,Forest,Sandy,803.0,Average,5.83,1,7.56,6.38,0
3511,3.98,162.1,25.9,80.8,771.0,0.0,26.0,Urban,Clay,243.0,Poor,6.78,1,8.14,6.48,0
3512,7.07,208.9,25.6,83.1,1242.1,3.19,15.7,Agricultural,Loamy,68.0,Good,4.61,0,5.46,2.47,0
3513,3.42,291.5,31.9,59.6,867.2,5.84,54.8,Urban,Sandy,3436.0,Good,8.19,1,7.79,4.54,1
3514,3.82,113.1,24.3,57.0,395.4,5.42,181.6,Agricultural,Silty,963.0,Average,2.22,1,1.45,5.2,0
3515,6.82,196.3,26.3,70.3,638.3,3.69,36.5,Urban,Sandy,75.0,Average,0.14,0,0.36,3.93,1
3516,6.69,145.6,22.1,52.6,362.6,3.64,29.1,Wetland,Silty,1062.0,Average,0.78,0,3.85,5.25,0
3517,3.91,126.9,24.4,62.2,443.7,3.62,76.6,Urban,Sandy,589.0,Average,5.97,1,2.21,5.6,0
3518,0.0,99.6,21.7,81.1,408.3,6.01,155.8,Forest,Loamy,143.0,Good,1.81,0,5.48,3.81,0
3519,4.28,41.3,34.6,75.7,538.3,2.99,20.6,Forest,Loamy,677.0,Poor,5.14,2,4.07,4.03,0
3520,5.42,148.9,26.1,78.5,95.6,1.08,237.3,Urban,Sandy,1849.0,Poor,5.62,0,4.98,6.11,0
3521,5.32,258.0,25.6,59.4,327.7,4.98,39.3,Agricultural,Sandy,1018.0,Average,1.32,0,3.18,9.26,1
3522,1.47,111.5,30.6,81.1,440.5,6.17,26.4,Agricultural,Loamy,1213.0,Average,4.36,0,5.61,1.66,0
3523,4.64,114.2,23.1,86.6,687.8,,89.9,Forest,Loamy,750.0,Average,5.89,2,7.7,0.57,1
3524,8.99,150.1,30.8,91.6,322.9,6.69,479.3,Agricultural,Clay,1500.0,Good,9.3,0,8.46,5.68,0
3525,6.11,228.5,27.2,64.6,1689.2,4.72,4.8,Urban,Loamy,572.0,Poor,2.36,1,6.61,6.4,1
3526,5.79,230.7,23.6,76.5,456.7,1.49,105.6,Forest,Loamy,286.0,Average,6.53,0,2.95,7.16,0
3527,3.05,227.7,26.5,52.6,176.5,3.64,65.7,Forest,Clay,983.0,Poor,6.49,1,6.05,6.51,0
3528,6.9,131.3,19.6,85.9,780.7,4.16,70.9,Agricultural,Sandy,241.0,Average,8.88,0,1.31,8.25,0
3529,5.78,90.1,23.2,57.4,708.7,5.12,28.0,Agricultural,Loamy,54.0,Good,4.08,1,6.06,5.42,1
3530,3.6,150.2,29.1,,448.7,5.03,132.1,Barren,Silty,349.0,Good,4.72,0,9.92,3.07,1
3531,5.83,258.1,30.9,66.3,318.8,4.87,52.6,Forest,Loamy,1478.0,Poor,2.85,2,0.89,3.94,1
3532,5.74,103.5,32.5,75.2,263.6,2.85,75.1,Forest,Sandy,387.0,Average,7.86,1,5.23,4.54,0
3533,10.0,113.1,30.6,77.3,130.5,4.46,93.8,Agricultural,Loamy,273.0,,5.56,2,2.45,5.52,0
3534,2.85,203.6,27.0,60.2,722.8,4.66,69.3,Forest,Loamy,269.0,Good,5.15,1,4.48,6.9,0
3535,5.55,253.2,24.1,78.0,98.9,5.71,75.7,Forest,Silty,150.0,Average,7.53,3,3.36,5.6,1
3536,6.27,186.4,32.9,66.9,389.2,4.31,204.9,Wetland,Loamy,513.0,Average,5.76,1,5.79,4.09,0
3537,3.16,140.1,29.9,90.5,371.5,4.53,25.4,Urban,Clay,304.0,Average,4.38,2,6.2,1.96,1
3538,4.28,145.7,25.3,73.8,566.4,4.23,210.9,Barren,Loamy,1320.0,Average,5.94,1,5.53,6.85,0
3539,3.99,66.1,33.2,53.5,387.6,5.81,9.2,Urban,Clay,105.0,Average,4.26,2,3.1,8.96,1
3540,1.56,150.1,25.3,57.5,193.3,4.85,0.7,Agricultural,Sandy,122.0,Average,0.14,0,3.73,4.86,0
3541,4.87,305.2,27.2,55.6,508.0,3.59,212.0,Agricultural,Sandy,417.0,Average,6.21,0,3.85,0.24,0
3542,8.45,158.2,25.1,56.0,505.2,2.34,78.1,Wetland,Loamy,535.0,Good,4.27,1,7.79,4.89,0
3543,5.88,101.1,26.7,67.5,935.6,6.74,50.4,Barren,Clay,433.0,Good,9.95,0,4.54,6.79,1
3544,10.0,92.5,31.1,48.7,461.2,4.56,6.2,Urban,Loamy,292.0,Average,5.3,1,6.04,8.47,1
3545,5.56,140.7,27.3,74.3,252.9,5.16,97.4,Barren,Sandy,1390.0,Average,7.97,0,4.92,4.57,0
3546,7.12,152.8,24.7,67.7,312.6,4.41,4.9,Agricultural,Sandy,1795.0,Average,4.61,1,7.41,4.86,1
3547,8.67,76.6,28.8,57.8,401.8,5.39,113.2,Wetland,Sandy,1184.0,Poor,4.37,0,6.23,4.26,1
3548,3.51,100.8,32.5,100.0,349.0,4.24,90.4,Forest,Loamy,264.0,Good,7.07,2,2.05,3.48,0
3549,4.11,89.5,29.3,49.3,160.6,4.48,57.8,Barren,Clay,685.0,Average,5.25,0,1.59,3.06,0
3550,4.86,242.2,18.6,63.8,508.4,7.19,83.9,Agricultural,Silty,702.0,Poor,6.93,1,8.07,7.75,1
3551,4.05,59.8,27.3,70.5,166.0,2.88,100.6,Urban,Silty,216.0,Good,6.8,0,4.92,7.58,0
3552,5.19,63.3,22.9,88.1,296.9,1.22,63.7,Barren,Sandy,1005.0,Average,6.54,2,5.35,5.28,0
3553,4.19,157.4,27.7,75.9,205.4,4.31,8.7,Urban,Sandy,730.0,Poor,2.38,4,6.56,6.69,1
3554,1.07,123.0,28.4,92.3,115.2,4.96,124.7,Agricultural,Clay,564.0,Average,5.97,1,3.43,2.41,0
3555,5.44,128.9,27.4,77.1,404.9,3.05,2.9,Agricultural,Silty,1625.0,Poor,8.27,0,7.65,4.64,1
3556,7.02,284.0,23.0,64.6,290.4,1.81,40.6,Agricultural,Clay,1211.0,Average,8.4,0,10.0,4.57,0
3557,5.39,72.2,34.0,62.7,245.1,3.17,348.4,Barren,Clay,501.0,Average,10.0,1,1.84,2.29,0
3558,5.85,97.1,30.3,52.6,578.3,3.76,111.0,Forest,Clay,728.0,Average,7.32,0,4.08,4.36,1
3559,4.08,177.2,29.9,51.0,363.7,5.72,338.7,Forest,Loamy,664.0,Average,4.41,0,5.99,8.29,0
3560,5.37,201.9,20.7,59.4,185.1,3.51,80.7,Barren,Sandy,412.0,Poor,6.2,2,5.77,6.21,1
3561,2.88,187.7,26.7,82.9,407.2,3.35,15.5,Agricultural,Loamy,1345.0,Good,3.59,1,5.61,3.4,0
3562,3.72,96.9,29.9,83.1,354.5,5.17,564.8,Wetland,Silty,1626.0,Good,4.63,2,0.62,6.67,0
3563,5.85,106.4,33.8,77.9,369.7,2.4,183.9,Urban,Sandy,255.0,Average,7.21,1,1.41,6.96,0
3564,3.94,316.5,32.2,47.0,463.0,1.08,382.1,Wetland,Silty,949.0,Average,5.14,2,8.99,5.11,0
3565,2.53,266.0,31.2,56.4,629.1,4.33,58.6,Barren,Clay,125.0,Average,2.97,1,6.67,2.87,1
3566,6.79,85.5,32.1,69.4,430.5,3.85,19.5,Wetland,Sandy,892.0,Average,5.92,1,4.58,4.72,1
3567,8.13,137.8,29.4,77.5,137.4,7.14,112.6,Forest,Sandy,578.0,Average,7.57,0,0.65,6.4,0
3568,3.23,150.3,27.1,71.3,462.3,4.65,121.8,Forest,Clay,606.0,Average,10.0,2,3.82,4.79,0
3569,7.61,139.0,30.0,71.2,247.4,4.89,45.5,Urban,Clay,320.0,Good,10.0,1,5.85,2.47,0
3570,5.57,259.9,24.2,70.9,268.7,1.71,65.5,Urban,Loamy,1929.0,Good,7.43,0,5.7,2.2,0
3571,5.86,160.1,28.1,55.1,113.0,1.98,378.0,Urban,Loamy,1080.0,Good,7.21,0,4.78,4.85,0
3572,2.39,61.9,25.0,62.1,191.0,6.83,220.5,Forest,Loamy,1360.0,Poor,5.46,2,4.98,6.89,0
3573,6.76,53.6,25.4,68.4,871.0,2.58,170.2,Wetland,Loamy,233.0,Good,5.52,2,8.11,3.8,0
3574,8.95,50.4,29.7,73.4,170.2,5.43,73.0,Forest,Loamy,1575.0,Poor,3.52,0,1.34,6.73,1
3575,3.11,43.6,27.3,61.2,418.6,5.81,334.0,Wetland,Clay,675.0,Poor,3.91,0,8.69,4.0,0
3576,3.65,36.7,25.7,85.9,215.1,5.55,244.2,Wetland,Silty,2043.0,Good,8.27,0,3.03,6.97,0
3577,5.09,85.9,26.6,75.2,521.3,0.5,47.9,Urban,Clay,646.0,Good,7.21,0,6.33,4.96,0
3578,3.8,120.7,27.5,82.7,758.7,5.92,138.1,Urban,Sandy,1157.0,Average,1.0,1,8.12,2.24,1
3579,4.83,239.2,27.6,67.4,271.8,1.9,36.1,Urban,Loamy,1774.0,Average,9.43,1,4.18,4.85,0
3580,5.43,178.4,20.6,65.2,384.4,3.52,70.1,Forest,Loamy,1797.0,Average,9.02,1,3.8,3.88,0
3581,4.3,155.4,32.8,68.4,214.2,4.22,252.1,Wetland,Loamy,369.0,Poor,1.88,2,2.39,4.1,0
3582,6.25,156.9,32.4,75.4,291.8,2.67,253.6,Agricultural,Loamy,101.0,Poor,4.69,2,0.46,2.42,0
3583,7.19,,27.2,52.7,829.5,3.26,10.4,Barren,Clay,1057.0,Average,6.56,0,5.89,6.1,1
3584,9.91,211.0,32.0,57.2,172.2,5.55,135.7,Barren,Loamy,436.0,Poor,4.39,0,5.72,4.34,1
3585,3.27,126.4,27.6,60.0,199.0,4.65,55.7,Agricultural,Sandy,733.0,Good,7.78,2,6.01,7.46,0
3586,7.2,181.0,28.8,61.6,415.4,4.72,49.8,Urban,Loamy,864.0,Average,0.66,2,7.37,2.37,1
3587,7.04,136.6,29.8,68.6,97.1,4.08,155.9,Wetland,Loamy,247.0,Average,0.0,1,6.73,4.25,0
3588,2.18,62.8,27.1,75.9,201.9,6.57,174.4,Urban,Loamy,1304.0,Poor,7.23,2,4.03,5.13,1
3589,0.97,109.5,25.4,77.2,141.3,2.57,46.0,Forest,Sandy,1409.0,Good,0.0,2,7.14,7.16,0
3590,4.29,253.9,23.1,76.4,269.9,10.15,171.0,Agricultural,Clay,1021.0,Poor,1.36,1,3.13,5.24,1
3591,5.73,88.2,28.2,95.3,231.1,6.29,251.8,Agricultural,Sandy,522.0,Average,3.81,2,3.15,4.88,0
3592,2.93,143.6,25.8,68.4,299.2,5.1,35.3,Forest,Sandy,1214.0,Good,3.13,0,5.2,7.93,0
3593,1.05,130.7,23.0,67.2,359.4,3.22,366.6,Forest,Sandy,1249.0,Average,4.54,3,2.91,8.94,0
3594,3.17,296.5,22.2,89.6,135.8,8.07,35.3,Urban,Sandy,2317.0,Average,5.72,1,6.47,7.5,1
3595,7.35,194.4,37.1,88.1,222.2,2.87,52.7,Agricultural,Loamy,1264.0,Good,4.0,1,3.31,6.49,0
3596,6.42,12.0,41.4,69.2,253.7,6.23,296.2,Forest,Clay,181.0,Good,4.14,1,6.18,9.19,0
3597,6.25,274.9,29.7,69.1,386.8,3.54,167.2,Agricultural,Loamy,748.0,Good,4.54,1,3.78,4.89,0
3598,3.54,99.3,30.6,63.6,305.8,6.87,39.9,Agricultural,Loamy,899.0,Poor,5.71,1,5.25,5.71,1
3599,2.93,195.2,29.4,77.3,1225.1,3.92,341.9,Forest,Clay,1089.0,Good,,2,4.32,3.84,0
3600,5.46,157.7,23.5,58.4,234.5,5.44,110.9,Wetland,Clay,1279.0,Good,0.0,1,6.89,3.65,0
3601,5.11,213.7,28.8,71.1,32.9,4.02,76.8,Forest,Clay,1339.0,Average,3.6,2,0.0,3.91,0
3602,4.7,88.8,33.6,54.8,1159.6,5.49,25.3,Agricultural,Clay,1069.0,Good,4.46,1,8.09,5.18,1
3603,6.68,197.1,29.7,66.0,600.7,1.93,196.2,Forest,Sandy,636.0,Good,2.45,0,5.52,3.58,0
3604,8.29,147.9,29.1,84.7,2276.674397549657,4.19,170.1,Urban,Loamy,95.0,Good,4.61,1,0.21,2.32,1
3605,6.62,127.2,29.6,66.7,384.9,3.58,384.8,Urban,Clay,1022.0,Average,2.0,1,6.49,5.22,0
3606,2.51,172.7,26.9,77.1,264.1,7.15,121.4,Agricultural,Sandy,997.0,Average,6.75,1,4.6,7.12,0
3607,1.74,147.2,24.6,71.1,143.5,2.35,119.6,Agricultural,Sandy,203.0,Average,4.01,2,3.35,8.6,0
3608,5.92,154.7,29.4,57.4,407.5,5.13,153.4,Wetland,Sandy,567.0,Good,5.85,2,4.16,2.42,0
3609,0.89,59.9,25.7,65.6,220.9,3.42,419.1,Urban,Clay,1358.0,Good,3.56,0,0.3,2.18,0
3610,5.94,190.8,27.4,55.2,202.0,4.04,284.4,Urban,Loamy,158.0,Good,2.51,1,10.0,4.4,0
3611,7.38,437.8,30.6,62.7,141.8,3.5,100.0,Agricultural,Clay,765.0,Average,3.62,0,6.71,0.0,0
3612,8.31,92.1,25.0,67.4,632.6,3.12,173.7,Urban,Sandy,715.0,Good,10.0,1,4.6,5.08,0
3613,2.79,184.5,27.1,38.9,591.7,3.92,30.7,Urban,Sandy,166.0,Average,5.98,0,5.5,4.16,0
3614,5.5,155.9,32.2,70.1,284.2,1.61,57.6,Wetland,Silty,640.0,Poor,4.57,0,3.38,7.35,0
3615,3.26,31.5,25.7,86.1,340.9,6.92,277.5,Urban,Loamy,256.0,Poor,5.5,0,4.22,4.65,0
3616,3.97,169.9,34.9,63.4,445.0,2.7,113.0,Forest,Silty,1147.0,Good,5.07,2,10.0,3.82,0
3617,3.17,171.1,32.6,73.5,466.8,4.36,74.9,Forest,Loamy,891.0,Good,10.0,1,5.68,2.2,0
3618,3.54,48.9,26.6,65.8,482.0,1.28,9.4,Agricultural,Silty,898.0,Good,0.89,4,2.7,6.98,0
3619,4.83,254.5,31.0,55.9,445.0,4.95,18.7,Forest,Silty,273.0,Poor,6.19,1,6.46,1.29,0
3620,5.19,112.6,28.1,63.3,206.4,6.34,309.7,Wetland,Silty,575.0,Average,4.25,1,6.88,5.62,0
3621,6.1,76.0,30.1,83.8,105.5,0.0,278.7,Urban,Loamy,1277.0,Poor,4.92,2,6.6,6.05,0
3622,6.81,164.4,28.4,79.5,629.1,3.96,6.7,Agricultural,Clay,530.0,Average,10.0,0,10.0,4.62,1
3623,4.37,280.4,33.3,71.6,414.8,6.98,124.8,Urban,Sandy,423.0,Average,8.28,3,1.8,1.49,1
3624,5.05,113.2,27.9,55.3,113.1,4.0,66.6,Agricultural,Clay,623.0,Poor,10.0,0,5.75,1.41,0
3625,3.57,96.6,21.5,77.3,665.5,7.43,14.2,Wetland,Clay,1380.0,Average,4.29,2,2.16,4.65,1
3626,5.67,395.9,26.4,66.7,591.0,4.47,136.0,Barren,Clay,1987.0,Good,3.08,2,7.02,3.53,1
3627,2.06,125.5,19.6,84.0,817.0,4.59,18.2,Urban,Clay,406.0,Average,3.92,2,6.91,5.18,1
3628,6.26,247.8,25.7,54.4,392.9,3.51,142.9,Agricultural,Loamy,866.0,Good,7.39,0,5.48,8.73,0
3629,4.77,76.7,22.9,91.8,514.5,3.84,204.5,Wetland,Loamy,852.0,Poor,6.59,2,3.19,7.04,0
3630,5.22,36.1,25.4,60.8,374.3,6.99,89.6,Wetland,Clay,1685.0,Average,4.85,0,0.89,5.82,1
3631,6.12,257.4,20.2,74.0,1009.2,3.81,222.7,Barren,Loamy,177.0,Average,7.16,1,8.13,4.13,1
3632,5.07,83.1,29.2,76.9,129.4,6.0,311.6,Agricultural,Loamy,758.0,Average,7.79,4,7.33,5.06,0
3633,5.47,86.6,25.9,66.5,231.4,2.12,90.5,Urban,Loamy,359.0,Average,5.7,1,4.41,4.95,1
3634,5.53,288.8,30.9,66.7,487.1,4.6,588.8,Forest,Loamy,2434.0,Average,5.29,2,5.33,5.46,0
3635,5.39,134.7,27.6,62.7,575.2,5.78,43.9,Barren,Clay,1086.0,Poor,5.07,1,5.94,8.16,1
3636,5.49,82.0,27.2,70.2,436.6,5.44,49.2,Urban,Clay,1109.0,Good,6.56,0,6.76,4.79,0
3637,9.45,132.0,27.7,73.6,1139.3,5.75,43.1,Forest,Loamy,494.0,Poor,1.3,1,4.26,3.53,1
3638,5.49,215.2,31.4,81.4,56.8,3.43,188.2,Urban,Sandy,945.0,Good,8.24,2,10.0,4.22,0
3639,5.17,124.7,19.4,88.0,353.7,6.88,50.3,Forest,Clay,954.0,Good,10.0,0,1.67,6.01,0
3640,1.66,99.7,23.2,70.0,983.5,5.63,30.6,Agricultural,Sandy,1956.0,Poor,4.69,6,5.84,2.54,1
3641,6.66,40.3,21.2,73.7,510.0,6.31,103.0,Barren,Clay,526.0,Average,0.93,2,6.8,7.66,1
3642,4.34,109.5,29.4,72.2,154.5,7.35,85.6,Agricultural,Sandy,1269.0,Average,5.47,1,4.64,6.66,0
3643,0.18,155.5,29.8,75.2,229.9,5.06,140.2,Urban,Sandy,1060.0,Poor,6.92,0,4.15,1.88,0
3644,3.18,,18.7,,681.9,4.06,72.1,Urban,Silty,458.0,Good,5.43,2,5.79,5.17,0
3645,3.34,194.7,29.1,86.5,628.0,5.41,245.5,Agricultural,Loamy,1161.0,Poor,6.61,1,7.58,3.86,0
3646,2.82,143.3,30.0,63.7,588.4,1.66,340.4,Agricultural,Silty,289.0,Good,0.83,2,6.02,5.61,0
3647,4.86,181.1,35.5,61.8,267.4,6.51,173.8,Wetland,Sandy,1457.0,Poor,6.32,0,2.2,5.71,0
3648,7.05,237.7,32.9,45.9,294.3,7.14,11.6,Urban,Sandy,352.0,Average,3.82,2,1.96,2.8,1
3649,5.76,260.2,25.3,68.7,373.0,5.67,186.8,Forest,Loamy,348.0,Average,7.53,5,10.0,7.5,0
3650,4.16,109.7,22.8,61.4,60.2,3.34,46.8,Barren,Clay,48.0,Poor,7.99,2,0.0,3.83,0
3651,2.37,93.5,31.4,78.4,427.5,1.84,157.0,Agricultural,Clay,1224.0,Good,5.89,1,8.55,6.7,0
3652,9.59,184.4,27.4,,383.1,3.11,19.3,Wetland,Clay,1564.0,Good,7.47,0,4.5,3.99,0
3653,5.17,47.6,33.4,71.6,221.1,6.09,101.6,Agricultural,Silty,288.0,Average,3.46,2,5.05,6.89,1
3654,2.2,65.7,27.3,89.7,208.8,6.36,74.6,Wetland,Loamy,948.0,Poor,3.17,2,3.84,8.08,1
3655,3.7,148.1,30.2,70.4,930.1,4.58,95.9,Agricultural,Loamy,821.0,Average,3.59,0,3.11,5.99,0
3656,5.57,191.5,20.9,80.8,82.2,1.31,80.8,Agricultural,Loamy,1003.0,Average,5.2,3,1.37,5.51,0
3657,3.34,66.6,27.8,73.3,422.6,5.49,293.6,Urban,Sandy,373.0,Average,4.0,1,6.7,5.28,0
3658,8.81,119.3,25.8,57.4,727.5,2.77,12.0,Urban,Loamy,866.0,Good,5.85,2,7.03,8.56,1
3659,3.59,120.0,28.7,92.0,728.3,0.0,102.1,Forest,Clay,556.0,Poor,1.03,2,1.67,4.14,1
3660,1.68,74.2,23.0,67.9,78.5,2.97,457.2,Forest,Loamy,115.0,Average,4.71,0,5.29,4.55,0
3661,5.52,128.5,21.0,62.7,1439.5,6.2,339.4,Agricultural,Silty,373.0,Poor,1.64,2,4.23,2.29,1
3662,8.06,169.0,21.1,57.6,930.7,5.25,205.6,Agricultural,Sandy,1419.0,Average,4.37,1,5.85,6.32,1
3663,4.29,67.6,29.9,79.4,265.6,2.92,32.1,Agricultural,Clay,1517.0,Poor,0.06,1,5.99,5.5,1
3664,4.56,254.3,25.0,77.9,150.6,4.48,171.8,Wetland,Silty,1275.0,Average,5.13,2,7.86,4.97,0
3665,6.0,163.2,27.9,59.0,93.6,5.27,114.1,Urban,Clay,424.0,Average,4.85,0,8.83,3.31,0
3666,1.55,119.7,32.9,76.3,366.8,5.2,176.9,Wetland,Clay,301.0,Poor,6.71,0,6.51,8.01,0
3667,3.34,247.5,27.5,71.2,414.7,5.97,3.8,Barren,Loamy,220.0,,8.43,1,6.33,4.8,0
3668,3.65,224.9,26.7,71.9,637.6,4.66,6.2,Wetland,Sandy,756.0,Average,5.17,0,3.51,5.59,0
3669,5.03,121.8,31.8,63.0,455.3,5.21,70.1,Agricultural,Sandy,1500.0,Good,7.81,1,6.89,2.83,0
3670,5.04,108.0,19.4,65.8,521.7,2.75,133.8,Wetland,Loamy,902.0,Average,2.96,2,1.71,5.32,0
3671,0.0,172.0,24.4,64.1,876.9,6.11,64.6,Agricultural,Sandy,299.0,Average,6.7,1,5.69,3.26,0
3672,6.53,246.5,30.3,72.0,309.2,2.71,309.7,Agricultural,Loamy,996.0,Good,2.94,0,2.85,4.75,0
3673,8.24,184.4,22.8,80.2,404.4,1.43,48.2,Urban,Loamy,604.0,Poor,4.49,1,2.09,5.75,1
3674,6.05,51.7,25.7,74.2,707.9,2.96,69.7,Barren,Loamy,393.0,Average,4.16,1,3.51,1.72,0
3675,4.93,147.3,21.8,83.0,366.8,6.84,65.9,Urban,Loamy,233.0,Average,1.9,2,10.0,5.67,1
3676,6.99,137.1,29.0,55.1,394.7,1.75,26.3,Urban,Sandy,469.0,Good,0.35,2,5.73,5.37,0
3677,2.64,138.6,30.5,,288.4,6.53,37.2,Urban,Clay,568.0,Good,4.73,0,4.97,7.35,0
3678,4.63,187.7,32.0,57.1,386.1,6.6,168.0,Forest,Silty,457.0,Average,5.74,1,8.64,3.05,1
3679,6.05,250.4,30.4,62.3,635.3,2.63,50.7,Urban,Clay,1567.0,Good,7.98,0,5.4,4.76,0
3680,8.9,116.5,27.7,72.1,1001.1,2.35,175.7,Urban,Sandy,2472.0,Average,4.13,0,8.23,4.53,1
3681,7.19,256.8,24.1,61.8,268.2,5.15,164.3,Forest,Sandy,551.0,Average,3.3,1,6.74,2.74,0
3682,8.25,39.0,27.1,58.9,382.6,4.02,117.5,Agricultural,Sandy,884.0,Average,9.81,0,3.13,2.35,0
3683,0.18,172.6,30.9,73.0,550.8,6.04,92.2,Forest,Clay,818.0,Average,5.57,0,2.45,7.75,0
3684,1.71,130.3,23.4,79.2,444.7,2.61,2.3,Agricultural,Loamy,191.0,Poor,6.93,1,2.18,5.14,0
3685,5.77,139.0,26.4,64.3,152.1,3.17,106.4,Urban,Clay,373.0,Poor,5.44,0,6.68,2.15,0
3686,6.34,,28.4,74.3,536.9,6.69,103.7,Forest,Loamy,1478.0,Good,0.0,1,5.06,2.64,1
3687,7.72,98.1,28.8,67.1,275.7,2.39,56.3,Forest,Clay,606.0,Average,3.2,2,3.7,1.18,0
3688,6.11,449.1,22.7,63.2,516.0,3.44,203.1,Forest,Clay,175.0,Average,7.4,2,1.24,6.81,0
3689,4.56,151.5,26.0,54.9,299.4,4.33,54.7,Urban,Sandy,670.0,Average,0.75,0,2.93,2.34,1
3690,2.86,200.0,21.2,81.2,503.1,3.49,64.0,Barren,Loamy,203.0,Good,7.73,2,2.3,3.49,0
3691,2.65,128.5,25.6,59.5,346.5,7.16,3.0,Urban,Silty,1116.0,Poor,4.69,0,10.0,5.21,1
3692,4.43,149.6,31.1,73.7,932.5,6.27,1.2,Urban,Sandy,78.0,Poor,8.1,3,1.82,2.67,1
3693,5.04,,26.6,61.6,152.4,7.51,241.2,Agricultural,Clay,568.0,Poor,5.1,1,7.83,0.57,0
3694,4.92,341.4,31.5,55.9,221.6,4.04,431.9,Wetland,Loamy,245.0,,1.95,0,4.78,3.89,0
3695,0.4,197.2,21.8,56.7,105.8,6.86,330.3,Urban,Silty,1278.0,Average,6.04,1,7.73,0.0,0
3696,10.0,298.2,32.7,61.1,631.5,4.06,50.4,Agricultural,Loamy,76.0,Good,5.08,2,2.79,6.96,1
3697,2.53,,29.4,82.2,561.6,,116.0,Urban,Loamy,1402.0,Average,3.67,0,4.74,6.19,0
3698,2.8,133.4,24.7,87.1,974.6,4.81,17.6,Urban,Clay,916.0,Average,1.88,0,7.57,7.73,1
3699,10.0,179.2,22.8,64.2,377.2,,74.6,Agricultural,Sandy,102.0,Average,5.28,0,3.12,7.1,0
3700,8.41,71.3,21.3,84.1,339.5,5.08,73.9,Forest,Sandy,838.0,Average,5.28,1,2.33,5.14,0
3701,4.34,74.3,33.0,100.0,385.4,7.06,310.2,Wetland,Clay,904.0,Poor,5.69,2,3.57,4.58,1
3702,5.75,251.1,27.2,44.2,701.7,5.85,333.0,Forest,Loamy,170.0,Average,6.4,0,2.81,5.99,0
3703,3.72,180.0,22.6,73.0,509.8,4.29,40.5,Urban,Clay,943.0,Poor,6.3,0,3.51,4.74,1
3704,3.42,160.8,27.5,53.7,336.4,5.2,48.9,Agricultural,Silty,173.0,Poor,2.94,0,8.48,2.87,0
3705,6.76,166.6,24.5,93.1,308.8,4.82,34.6,Urban,Loamy,1481.0,Poor,3.64,3,4.06,2.18,1
3706,3.36,179.4,25.1,66.2,320.6,5.34,313.1,Agricultural,Loamy,695.0,Average,4.93,3,7.92,3.64,0
3707,4.67,95.1,27.9,61.2,666.5,6.57,321.6,Agricultural,Clay,1186.0,Average,3.21,1,8.41,6.49,1
3708,2.57,123.2,27.1,75.2,702.5,4.24,370.6,Forest,Clay,629.0,Average,7.92,1,9.76,1.35,0
3709,6.2,127.2,27.0,47.6,1096.3,2.72,249.8,Agricultural,Clay,1654.0,,5.78,0,3.2,2.75,0
3710,7.5,66.1,28.1,79.5,895.0,4.71,56.8,Agricultural,Clay,260.0,Average,1.21,1,6.87,5.29,1
3711,6.97,62.1,26.4,100.0,327.0,5.13,185.0,Forest,Silty,337.0,Good,7.0,2,4.38,6.6,0
3712,3.34,86.5,25.7,67.2,441.7,1.37,231.6,Barren,Clay,280.0,Good,6.24,3,8.84,8.85,0
3713,7.12,58.9,27.9,87.8,237.1,8.76,52.5,Agricultural,Sandy,261.0,Good,5.48,0,5.15,2.85,0
3714,6.36,188.9,29.9,67.4,508.2,7.27,29.4,Wetland,Silty,501.0,Poor,5.89,2,5.66,0.0,1
3715,2.1,191.4,28.6,74.6,623.9,5.46,78.8,Agricultural,Sandy,385.0,Good,4.21,1,5.27,4.72,0
3716,3.97,97.3,29.3,61.9,708.4,6.67,239.5,Urban,Sandy,893.0,Average,7.81,3,3.48,0.66,0
3717,7.17,141.1,24.7,90.0,267.9,2.86,55.9,Agricultural,Sandy,1043.0,Average,0.67,2,4.83,7.21,1
3718,5.8,384.6,24.7,54.3,714.5,4.86,57.7,Agricultural,Silty,1075.0,Poor,6.34,0,8.51,5.64,1
3719,8.08,73.9,30.6,76.0,851.2,5.6,58.9,Wetland,Sandy,691.0,Good,,2,2.21,5.17,1
3720,0.99,236.7,31.3,79.4,340.9,5.21,37.7,Agricultural,Sandy,294.0,Poor,2.59,0,6.82,7.62,1
3721,3.65,120.9,32.0,59.9,475.4,3.85,0.3,Urban,Silty,220.0,Poor,5.17,0,5.22,8.33,1
3722,7.63,121.0,23.0,69.0,532.7,5.18,157.0,Agricultural,Loamy,221.0,Good,3.09,1,5.37,9.17,0
3723,4.92,118.1,25.5,70.2,685.3,8.35,298.5,Forest,Clay,366.0,Poor,8.0,0,7.74,8.14,0
3724,8.8,352.1,23.0,62.4,418.0,5.5,75.9,Forest,Clay,458.0,Poor,0.26,1,6.2,9.41,1
3725,5.16,114.4,33.2,71.7,493.8,5.12,424.2,Agricultural,Clay,288.0,Average,4.84,1,2.6,4.2,0
3726,5.81,,26.5,59.2,586.8,8.33,76.5,Wetland,Loamy,862.0,Average,9.0,0,7.92,6.91,1
3727,6.79,195.6,29.9,70.7,422.8,1.78,77.2,Barren,Clay,941.0,Poor,3.24,1,5.1,3.1,0
3728,6.1,298.6,22.5,51.3,217.4,4.68,43.8,Wetland,Clay,363.0,Average,5.17,1,3.49,3.9,0
3729,4.35,104.6,28.7,58.1,275.3,1.52,69.9,Agricultural,Sandy,370.0,Poor,7.61,0,8.04,4.41,0
3730,6.84,119.7,24.9,79.3,333.6,5.28,325.6,Urban,Sandy,1485.0,Average,4.02,1,2.01,4.17,0
3731,8.59,46.4,27.3,70.6,315.2,0.61,232.7,Wetland,Loamy,146.0,Poor,6.79,2,5.34,7.08,0
3732,2.86,72.2,24.4,74.8,178.5,3.01,149.4,Urban,Silty,550.0,Good,10.0,1,3.06,3.49,0
3733,5.18,142.7,27.4,83.9,1024.1,0.46,58.9,Urban,Sandy,342.0,Average,3.92,1,6.96,3.36,0
3734,2.03,59.6,28.4,88.5,412.1,0.0,7.5,Forest,Silty,238.0,Good,4.89,1,5.22,7.81,0
3735,6.44,124.3,26.2,74.2,173.1,1.57,94.7,Agricultural,Silty,256.0,Average,7.65,3,4.85,3.63,0
3736,2.75,106.4,28.8,69.4,1001.0,8.82,88.8,Agricultural,Clay,611.0,Average,4.45,1,4.71,3.48,1
3737,6.65,224.8,30.2,61.0,547.1,6.52,147.0,Agricultural,Loamy,164.0,Poor,8.72,0,5.93,8.21,1
3738,2.3,78.5,28.7,77.0,139.2,,32.2,Forest,Loamy,304.0,Average,7.1,2,7.24,2.52,0
3739,5.65,140.1,24.0,67.6,397.4,3.76,184.0,Agricultural,Clay,971.0,Poor,5.52,2,5.13,4.53,1
3740,5.86,295.3,15.5,57.2,362.9,3.89,117.4,Wetland,Loamy,445.0,Poor,8.17,1,3.08,4.5,0
3741,3.02,250.1,25.9,66.3,325.9,3.59,84.4,Forest,Loamy,598.0,Good,6.4,1,5.31,5.71,0
3742,1.04,215.0,22.3,70.9,148.0,5.52,161.4,Urban,Clay,834.0,Poor,0.1,1,4.47,3.67,1
3743,2.82,121.6,25.6,56.6,416.2,4.47,161.4,Forest,Clay,407.0,Good,6.98,2,3.2,2.98,0
3744,4.05,99.8,25.7,77.4,332.5,5.6,92.5,Urban,Sandy,595.0,Poor,5.05,2,5.9,8.73,0
3745,6.08,197.6,30.2,80.7,204.2,6.2,114.9,Forest,Silty,556.0,Good,5.21,0,9.56,4.38,0
3746,4.44,111.1,24.2,65.7,357.8,4.7,356.7,Urban,Sandy,299.0,Average,,1,3.59,2.15,0
3747,4.15,177.1,24.1,54.1,209.3,9.43,416.6,Forest,Sandy,237.0,Average,8.16,0,4.92,4.63,0
3748,4.86,336.8,24.7,72.7,567.1,,18.3,Urban,Silty,907.0,Good,5.93,0,9.33,2.68,0
3749,2.84,163.1,21.6,64.1,582.7,,353.8,Agricultural,Sandy,1254.0,Good,5.9,1,5.28,3.72,0
3750,3.97,185.4,33.4,74.0,73.9,3.82,29.1,Urban,Clay,1098.0,Good,0.66,2,4.89,5.1,0
3751,4.14,134.6,23.9,84.2,160.5,,61.2,Agricultural,Sandy,1103.0,Poor,2.01,0,4.57,8.21,0
3752,6.73,113.6,23.8,55.8,378.7,2.36,76.7,Urban,Clay,995.0,Poor,3.69,1,1.16,1.8,0
3753,8.56,121.8,32.5,58.4,869.6,5.05,62.8,Wetland,Sandy,1417.0,Average,3.07,0,5.1,7.35,1
3754,1.79,202.6,26.2,73.0,250.4,5.09,273.0,Agricultural,Sandy,375.0,Poor,1.0,3,2.9,3.15,0
3755,6.9,168.3,23.8,68.3,218.2,,507.8,Urban,Silty,1769.0,Poor,3.93,0,8.37,6.06,0
3756,5.56,209.7,25.9,71.6,28.3,4.84,150.5,Agricultural,Sandy,771.0,Poor,3.77,2,2.55,4.8,1
3757,3.44,215.9,26.2,69.2,737.0,3.32,34.3,Urban,Loamy,136.0,Average,7.65,1,7.49,5.87,0
3758,4.13,77.6,28.9,83.1,79.0,0.84,211.5,Agricultural,Loamy,184.0,Poor,7.84,2,3.62,7.32,0
3759,4.79,58.5,25.2,78.9,538.4,2.93,87.6,Urban,Loamy,672.0,Good,7.77,1,4.54,5.52,0
3760,5.53,409.4,31.0,72.7,410.3,4.39,150.2,Forest,Loamy,459.0,Poor,,0,5.35,0.0,0
3761,2.6,175.3,26.0,79.5,406.7,6.35,137.9,Agricultural,Sandy,679.0,Average,6.43,0,2.38,4.98,0
3762,5.34,366.6,29.4,56.7,503.3,8.28,304.0,Forest,Sandy,543.0,Poor,6.66,0,0.99,1.76,0
3763,5.29,117.6,31.2,80.0,204.8,4.59,353.7,Urban,Loamy,394.0,Poor,2.62,4,3.94,4.77,0
3764,5.66,108.2,29.7,73.0,1338.6,,56.7,Forest,Loamy,258.0,Poor,5.69,2,0.12,4.15,1
3765,1.67,153.7,24.5,68.1,564.8,2.37,175.5,Forest,Silty,831.0,Poor,2.6,0,5.35,3.23,0
3766,5.91,157.5,31.9,68.7,409.3,2.0,15.1,Agricultural,Sandy,234.0,Average,3.84,1,3.01,2.49,0
3767,6.7,127.1,25.5,66.2,205.5,5.8,43.1,Agricultural,Loamy,591.0,Good,1.92,0,3.22,1.92,1
3768,3.83,79.9,26.4,71.9,492.9,7.38,17.9,Wetland,Sandy,271.0,Average,3.39,0,5.22,7.18,1
3769,3.25,54.7,33.2,100.0,29.3,2.02,17.2,Forest,Clay,430.0,Average,5.28,1,7.59,4.9,0
3770,4.79,73.7,28.9,72.0,562.9,3.72,58.9,Agricultural,Clay,81.0,Average,6.62,2,7.23,4.95,1
3771,6.79,242.5,28.4,62.9,548.8,3.02,54.6,Agricultural,Loamy,607.0,Poor,5.64,0,4.91,5.69,1
3772,3.23,251.2,29.3,68.7,419.4,4.72,26.2,Agricultural,Sandy,298.0,Average,5.5,2,7.64,5.38,0
3773,5.9,222.7,27.7,59.3,392.8,3.12,243.9,Agricultural,Sandy,1613.0,Average,5.85,2,10.0,7.8,0
3774,7.33,132.7,35.0,69.0,153.5,4.81,89.4,Urban,Clay,384.0,Average,6.17,1,5.36,3.49,0
3775,0.0,152.0,26.8,51.2,243.7,1.49,199.5,Wetland,Loamy,1373.0,Poor,0.61,0,0.7,6.72,0
3776,4.35,160.0,31.1,61.6,270.4,2.2,49.1,Barren,Sandy,687.0,Average,4.58,2,5.3,1.72,0
3777,5.13,108.3,20.6,78.6,287.3,4.44,23.3,Urban,Sandy,252.0,Good,4.59,1,5.56,1.75,0
3778,8.37,133.7,28.7,52.6,300.7,5.81,128.9,Forest,Clay,2224.0,Good,5.1,0,7.55,4.01,1
3779,6.17,165.3,22.6,63.4,445.3,8.2,233.2,Urban,Clay,1981.0,Good,4.93,0,5.78,6.65,1
3780,4.11,471.9,27.3,77.9,618.4,7.59,128.4,Urban,Sandy,204.0,Poor,6.96,3,6.3,3.37,1
3781,8.22,151.8,28.3,49.5,414.6,6.17,354.2,Forest,Clay,1343.0,Good,3.71,2,5.56,6.05,0
3782,3.48,98.5,19.6,75.3,208.3,4.03,207.0,Forest,Loamy,779.0,Good,4.83,1,1.35,6.51,0
3783,1.52,126.3,25.0,74.9,106.8,5.62,209.4,Agricultural,Loamy,260.0,Good,9.23,2,5.74,2.31,0
3784,4.19,71.5,23.7,78.4,303.5,6.47,321.6,Agricultural,Sandy,914.0,Poor,4.27,0,4.32,5.16,0
3785,7.57,327.2,34.7,59.4,405.0,3.46,467.3,Agricultural,Clay,982.0,Poor,4.96,1,7.54,8.33,1
3786,4.78,126.7,28.1,90.4,238.6,3.72,152.0,Agricultural,Loamy,694.0,Average,7.04,0,6.81,8.03,0
3787,4.52,140.6,27.0,86.0,518.3,4.46,65.0,Urban,Sandy,565.0,Average,1.82,0,5.73,3.74,0
3788,8.19,,27.5,72.1,84.0,5.75,285.9,Urban,Sandy,609.0,Average,4.95,3,4.15,4.05,0
3789,4.91,190.3,34.9,81.1,706.0,8.39,7.4,Agricultural,Loamy,834.0,Poor,3.94,1,9.68,9.43,1
3790,4.79,176.5,29.0,69.7,609.0,2.6,197.9,Agricultural,Silty,1474.0,Poor,2.69,3,2.16,2.41,1
3791,1.28,133.0,28.6,63.9,985.6,6.87,110.8,Agricultural,Clay,1877.0,Poor,3.2,0,4.63,4.73,1
3792,6.86,198.5,27.3,63.0,589.7,3.78,68.6,Forest,Loamy,635.0,Average,4.58,0,1.95,7.53,0
3793,6.58,101.2,25.7,72.6,761.0,,136.6,Agricultural,Sandy,592.0,Average,5.91,2,4.59,7.36,1
3794,4.48,99.9,32.0,60.5,103.4,6.09,144.1,Forest,Sandy,558.0,Good,7.06,1,2.07,5.65,0
3795,6.63,229.3,35.0,65.7,172.4,3.69,207.7,Forest,Clay,508.0,Good,3.67,2,5.21,5.01,1
3796,3.51,104.0,25.7,71.5,623.1,4.85,3.5,Agricultural,Clay,734.0,Average,8.58,2,4.88,4.92,1
3797,6.15,120.1,23.9,83.0,337.5,6.55,494.7,Barren,Silty,931.0,Good,5.0,0,5.58,6.23,0
3798,6.33,74.7,23.0,71.3,375.9,3.24,549.5,Urban,Clay,208.0,Good,5.69,0,3.06,6.09,0
3799,0.37,103.1,29.2,69.4,397.2,8.72,14.5,Agricultural,Clay,1452.0,Average,3.12,3,8.22,4.01,1
3800,6.61,122.9,20.3,83.2,288.2,6.5,211.3,Agricultural,Sandy,1709.0,Poor,6.65,2,6.43,5.81,0
3801,9.76,160.1,24.7,71.2,163.6,1.33,28.4,Forest,Sandy,194.0,Poor,4.01,1,2.42,5.51,0
3802,4.6,65.6,24.9,72.4,209.6,4.11,48.4,Forest,Sandy,26.0,Good,6.32,1,5.6,2.43,0
3803,0.14,148.3,21.9,93.0,611.0,6.72,271.2,Urban,Loamy,1783.0,Average,4.39,1,7.26,6.55,0
3804,7.39,116.7,34.2,68.9,137.6,3.71,20.2,Agricultural,Clay,1085.0,Average,5.9,0,4.89,7.78,0
3805,2.8,163.0,28.8,61.8,451.2,6.66,199.7,Forest,Loamy,1380.0,Average,3.75,2,2.02,3.9,0
3806,4.17,244.0,34.7,75.9,1218.8,6.15,56.0,Wetland,Loamy,66.0,Poor,8.21,2,4.09,4.71,1
3807,8.6,100.3,21.8,75.4,237.1,3.48,103.1,Urban,Clay,535.0,Average,7.53,1,2.28,4.12,1
3808,4.85,131.7,27.6,94.6,500.8,1.17,96.1,Forest,Clay,1110.0,Poor,3.75,0,7.73,4.67,0
3809,5.15,281.9,35.8,68.0,161.8,6.89,253.6,Forest,Clay,206.0,Poor,2.9,1,3.79,6.83,0
3810,7.97,80.9,26.3,45.4,468.8,5.39,212.6,Agricultural,Silty,1124.0,Poor,3.65,3,2.57,4.9,1
3811,2.99,133.5,32.0,75.7,883.6,5.24,49.3,Forest,Loamy,536.0,Poor,3.71,3,4.83,4.23,1
3812,2.46,316.2,18.7,62.3,605.6,2.84,74.6,Forest,Silty,232.0,Average,4.85,2,4.31,3.29,0
3813,4.54,295.9,32.2,68.2,221.0,4.05,233.8,Wetland,Clay,249.0,Poor,4.55,1,6.49,3.56,0
3814,3.33,102.1,22.5,61.3,457.2,4.11,26.4,Agricultural,Sandy,758.0,Poor,,2,4.48,5.32,0
3815,8.2,105.3,30.4,65.4,331.4,6.46,397.0,Agricultural,Clay,337.0,Average,7.42,1,6.5,4.07,0
3816,4.24,84.8,25.1,79.2,833.5,9.42,72.3,Wetland,Clay,536.0,Poor,,0,4.5,6.51,1
3817,6.1,81.1,21.0,63.2,935.7,4.72,132.2,Forest,Loamy,1873.0,Good,0.0,0,3.35,2.02,1
3818,3.15,171.0,28.3,80.5,112.7,3.19,44.1,Urban,Sandy,782.0,Average,6.22,1,8.33,6.57,0
3819,5.53,45.4,27.0,70.6,447.2,6.92,55.7,Wetland,Sandy,519.0,Poor,4.31,2,4.39,5.98,1
3820,6.6,14.4,31.7,96.6,622.0,4.91,203.2,Wetland,Loamy,1054.0,Poor,1.62,2,3.11,6.96,1
3821,1.66,71.5,27.8,69.8,179.8,5.97,77.6,Agricultural,Clay,420.0,Average,7.08,0,6.09,7.97,0
3822,6.29,285.1,28.4,70.8,436.3,5.54,475.7,Forest,Sandy,819.0,Average,5.27,1,6.45,8.34,0
3823,6.94,219.2,27.6,73.6,287.8,2.69,40.9,Wetland,Clay,747.0,Average,6.82,3,3.81,4.99,1
3824,6.22,139.3,26.1,79.1,527.9,4.92,109.6,Urban,Clay,109.0,Good,4.92,2,5.58,7.24,1
3825,3.76,134.2,22.4,73.1,573.2,6.1,9.6,Wetland,Silty,282.0,Average,4.3,1,5.36,3.12,1
3826,3.07,980.0806799195196,29.7,52.2,1907.839169962493,7.81,190.1,Agricultural,Clay,199.0,,5.23,1,2.35,6.68,1
3827,7.72,83.8,17.8,50.9,394.2,6.24,151.0,Forest,Loamy,343.0,Poor,6.38,0,10.0,8.15,1
3828,2.17,306.8,22.4,83.5,614.2,,111.8,Urban,Silty,1523.0,Poor,6.59,3,3.37,4.86,1
3829,5.83,239.5,25.9,84.9,500.7,6.95,146.2,Agricultural,Loamy,415.0,Good,4.18,3,3.68,5.44,1
3830,4.18,96.4,25.4,66.4,661.7,2.77,163.3,Agricultural,Loamy,270.0,Average,4.06,1,3.48,6.87,0
3831,9.21,124.0,18.7,56.0,768.0,6.57,56.1,Urban,Clay,500.0,Good,7.37,1,3.34,5.95,1
3832,4.16,141.8,25.9,55.2,663.7,4.53,108.8,Wetland,Sandy,798.0,Average,3.62,1,2.69,3.93,1
3833,6.13,152.0,23.4,86.6,984.4,5.96,38.5,Agricultural,Clay,529.0,Good,1.39,2,5.72,4.75,1
3834,5.49,47.7,29.1,71.6,562.4,4.7,192.6,Urban,Loamy,1293.0,Good,3.18,0,2.99,3.67,0
3835,7.92,67.9,19.0,59.4,496.3,10.89,91.7,Agricultural,Loamy,1385.0,Average,4.1,0,3.96,5.79,1
3836,4.59,66.4,28.5,51.9,1104.7,6.06,111.7,Agricultural,Sandy,364.0,Average,3.88,2,3.9,6.2,1
3837,5.06,272.9,27.2,59.7,396.9,4.02,146.8,Agricultural,Sandy,137.0,Poor,1.78,3,3.82,6.16,0
3838,6.52,131.1,21.1,89.2,509.7,6.31,4.4,Barren,Clay,668.0,Poor,5.88,2,10.0,3.15,1
3839,4.28,74.2,23.2,68.9,615.8,1.07,191.3,Urban,Loamy,595.0,Poor,5.15,2,6.75,5.95,1
3840,4.93,116.6,29.1,83.6,808.5,3.35,45.9,Barren,Silty,1115.0,Good,9.11,0,9.9,5.08,1
3841,7.36,123.8,28.2,79.3,320.1,4.23,308.6,Forest,Clay,749.0,Good,10.0,1,4.83,3.0,0
3842,1.46,132.4,23.6,68.4,889.2,2.57,58.9,Urban,Clay,778.0,Poor,6.76,2,2.98,5.39,1
3843,1.03,46.1,30.4,65.3,440.0,8.7,6.9,Forest,Silty,852.0,Good,7.38,1,4.45,3.97,0
3844,2.61,229.3,30.9,53.0,142.4,4.48,80.3,Agricultural,Loamy,380.0,Average,4.15,4,5.05,6.6,1
3845,3.97,205.8,23.5,69.5,856.2,6.18,340.0,Wetland,Silty,408.0,Average,6.11,1,2.56,8.21,0
3846,4.94,85.8,26.3,54.1,487.9,4.87,86.8,Agricultural,Sandy,2029.0,Good,4.93,2,7.97,2.87,1
3847,3.7,88.5,34.5,88.8,405.1,4.52,88.5,Agricultural,Clay,1087.0,Good,2.82,1,6.44,6.36,0
3848,4.49,170.0,35.0,72.8,592.5,8.33,50.9,Urban,Clay,1332.0,Good,3.29,2,4.6,5.31,1
3849,7.74,211.7,26.8,68.5,176.3,3.73,728.8,Urban,Silty,850.0,Poor,6.11,2,3.22,6.99,0
3850,5.86,181.1,30.5,79.5,127.6,3.26,110.6,Urban,Sandy,388.0,Good,6.09,1,3.9,5.17,0
3851,5.91,130.4,25.5,89.2,743.5,1.28,80.8,Forest,Loamy,267.0,Good,6.49,0,8.37,3.05,0
3852,3.89,,26.6,59.6,449.1,5.49,221.1,Forest,Loamy,401.0,Average,8.78,0,5.48,4.46,0
3853,6.1,229.5,29.6,84.5,777.5,5.01,174.2,Urban,Loamy,455.0,Average,3.7,1,5.49,7.21,0
3854,0.74,231.5,28.0,83.1,372.1,4.99,249.5,Urban,Silty,611.0,Poor,4.35,0,4.02,6.65,0
3855,9.59,61.2,28.4,57.0,132.6,4.88,16.8,Forest,Loamy,279.0,Average,8.26,3,3.15,7.02,0
3856,0.84,59.9,27.4,57.5,392.2,10.95,435.8,Agricultural,Clay,1050.0,Poor,9.45,1,6.13,1.46,0
3857,9.27,110.3,21.1,72.0,268.4,4.02,56.4,Agricultural,Loamy,2094.0,Average,10.0,1,5.08,5.17,0
3858,5.05,100.2,29.5,66.6,517.8,7.28,238.6,Forest,Loamy,565.0,Poor,0.77,4,4.74,6.88,1
3859,6.17,62.7,28.9,68.3,309.9,5.65,269.9,Wetland,Clay,759.0,Average,5.38,0,7.44,2.51,1
3860,5.04,189.2,26.9,80.2,555.7,6.89,41.3,Wetland,Silty,543.0,Average,1.37,3,7.4,4.54,1
3861,4.02,131.9,30.2,53.5,670.4,8.39,259.6,Forest,Sandy,489.0,Good,9.46,0,5.76,6.07,0
3862,5.37,389.5,28.4,72.5,1080.6,7.35,171.1,Wetland,Silty,483.0,Poor,3.26,4,5.9,6.4,1
3863,5.91,,21.8,70.1,270.1,6.06,130.0,Agricultural,Sandy,651.0,Good,6.04,2,4.81,6.72,0
3864,5.99,136.7,24.4,70.0,728.7,5.41,377.0,Urban,Sandy,664.0,Average,5.97,1,9.68,4.72,1
3865,5.49,160.1,33.8,74.2,458.4,3.65,178.9,Forest,Clay,1514.0,Good,3.06,1,5.11,6.5,0
3866,5.63,127.9,23.2,70.5,230.0,5.49,352.7,Agricultural,Sandy,541.0,Average,6.3,0,5.88,2.04,0
3867,5.31,171.8,28.4,59.8,817.3,4.86,44.9,Agricultural,Silty,708.0,Good,4.09,1,1.64,3.08,0
3868,4.57,143.9,31.1,75.3,371.3,6.32,38.0,Agricultural,Loamy,930.0,Good,10.0,0,7.48,6.71,0
3869,7.54,94.7,27.0,61.2,256.9,1.36,268.0,Wetland,Clay,583.0,Average,1.09,0,5.14,2.3,0
3870,0.79,155.8,30.6,,285.1,7.08,11.9,Agricultural,Clay,474.0,Good,6.35,0,7.6,3.16,1
3871,2.9,226.8,34.5,83.3,85.8,2.96,258.2,Urban,Clay,408.0,Poor,1.93,1,1.6,7.21,0
3872,6.42,304.5,25.2,79.0,236.8,3.92,175.5,Urban,Sandy,896.0,Average,3.96,0,7.11,6.18,0
3873,9.49,162.2,36.4,75.5,439.7,8.58,73.5,Urban,Silty,960.0,Good,2.4,0,0.26,3.75,1
3874,3.56,209.4,31.6,87.8,491.4,3.74,11.1,Urban,Sandy,2352.0,Poor,3.27,1,0.0,4.83,1
3875,3.85,54.9,20.0,71.1,340.5,1.42,93.7,Forest,Loamy,1289.0,Average,4.99,1,6.28,5.35,0
3876,3.94,118.2,32.5,54.0,327.3,5.62,43.9,Agricultural,Sandy,1424.0,Good,4.23,0,7.3,8.47,0
3877,1.63,141.9,30.5,91.0,164.8,5.63,146.5,Forest,Loamy,660.0,Average,6.18,1,2.45,7.42,0
3878,9.12,270.5,29.9,82.5,228.8,4.25,8.5,Agricultural,Loamy,112.0,Average,2.36,2,7.4,4.44,1
3879,6.12,240.7,21.2,72.2,380.0,7.89,104.4,Forest,Sandy,333.0,Average,7.9,3,4.65,6.99,1
3880,3.57,190.0,33.7,52.3,173.4,8.23,15.7,Agricultural,Loamy,904.0,Good,5.05,3,2.1,4.64,1
3881,6.04,167.9,29.9,61.6,348.0,6.55,342.8,Urban,Silty,259.0,Poor,6.31,1,1.98,5.26,0
3882,0.86,125.9,26.7,60.4,348.7,5.99,226.5,Urban,Clay,629.0,Good,,1,6.27,3.98,0
3883,4.09,139.3,22.9,49.8,266.3,3.38,809.7,Agricultural,Silty,630.0,Poor,4.03,0,3.4,1.21,0
3884,3.99,139.5,31.8,60.7,502.1,4.24,135.9,Urban,Silty,429.0,Average,3.21,0,2.21,8.16,0
3885,5.22,102.6,29.8,67.2,514.9,9.79,74.9,Forest,Clay,689.0,Good,5.82,3,8.76,4.06,1
3886,8.98,,33.5,69.3,529.2,4.03,90.8,Wetland,Loamy,773.0,Poor,2.44,2,7.98,5.55,1
3887,6.47,163.7,28.1,85.9,458.3,6.91,153.5,Wetland,Sandy,151.0,Good,3.61,1,7.89,6.52,0
3888,5.66,53.9,27.3,51.5,381.8,5.65,177.9,Agricultural,Sandy,473.0,Average,7.49,2,3.45,7.93,0
3889,3.33,244.3,31.1,73.4,224.2,3.69,44.3,Agricultural,Loamy,773.0,Average,3.25,1,9.39,5.39,0
3890,3.2,233.7,16.0,87.8,386.5,2.5,97.7,Forest,Loamy,1472.0,Average,3.07,1,4.58,0.62,0
3891,4.95,102.7,24.3,77.9,324.9,3.01,43.9,Wetland,Clay,916.0,Poor,4.33,2,1.4,7.06,1
3892,5.1,176.4,31.4,76.9,253.1,7.81,26.0,Urban,Loamy,1266.0,Poor,7.5,1,4.0,4.78,1
3893,6.92,97.7,20.3,71.1,434.7,,15.0,Agricultural,Sandy,1413.0,Poor,3.5,1,7.07,3.02,0
3894,8.01,242.1,24.0,85.9,389.8,0.0,169.1,Wetland,Loamy,449.0,Average,7.71,1,7.52,7.2,0
3895,3.93,166.4,25.4,69.9,284.6,2.09,9.0,Barren,Loamy,484.0,Good,3.21,0,4.91,0.0,0
3896,6.81,315.7,22.1,61.7,631.3,3.52,289.5,Urban,Loamy,258.0,Average,5.97,1,3.1,4.6,0
3897,7.76,103.6,24.4,,178.1,3.5,33.3,Forest,Silty,314.0,Average,7.37,2,7.94,3.42,0
3898,2.24,184.1,24.6,76.9,360.6,4.07,103.1,Urban,Sandy,1341.0,Good,7.75,0,2.8,7.1,0
3899,5.01,130.6,25.2,75.3,462.7,5.7,6.2,Wetland,Silty,184.0,Poor,1.22,1,0.94,4.7,1
3900,2.28,340.5,27.6,72.7,270.2,2.04,235.8,Forest,Sandy,811.0,,6.78,4,5.25,5.49,0
3901,6.74,295.2,33.5,73.8,343.1,4.35,69.9,Forest,Sandy,748.0,Good,5.42,6,7.4,4.09,1
3902,5.01,131.7,33.0,90.6,907.1,4.56,254.4,Urban,Silty,1350.0,Poor,9.32,0,6.59,3.56,1
3903,6.97,240.9,29.0,78.2,234.8,2.92,8.8,Wetland,Clay,643.0,Average,2.9,1,4.62,4.11,1
3904,5.61,90.2,22.7,74.6,704.8,7.6,476.6,Forest,Sandy,1561.0,,5.74,1,5.34,2.69,0
3905,3.58,140.4,30.8,89.4,507.6,5.57,110.9,Agricultural,Sandy,646.0,Poor,1.58,0,6.14,3.66,1
3906,10.0,143.8,24.9,59.7,474.6,3.96,33.6,Forest,Clay,535.0,Average,5.37,0,6.74,5.13,0
3907,1.97,110.8,36.7,76.6,740.7,6.3,120.3,Urban,Clay,675.0,Average,6.22,2,7.61,2.69,1
3908,1.48,58.5,25.5,69.1,571.4,1.08,11.5,Urban,Sandy,353.0,Average,4.86,0,5.05,3.84,0
3909,2.01,108.3,23.4,58.5,284.5,5.05,66.2,Urban,Clay,295.0,Poor,6.22,2,3.69,5.08,1
3910,4.67,138.2,24.7,71.5,298.2,0.7,319.1,Wetland,Loamy,4003.0,Poor,2.79,1,5.8,7.97,0
3911,2.83,67.5,22.3,72.6,251.2,7.17,172.8,Agricultural,Clay,685.0,Good,,1,2.81,8.21,1
3912,4.51,108.7,31.0,65.6,502.9,3.51,53.0,Urban,Loamy,440.0,Good,8.79,1,2.04,2.86,0
3913,3.83,194.5,35.6,75.3,733.9,5.03,237.5,Forest,Sandy,1395.0,Good,7.25,1,4.88,5.67,0
3914,1.94,100.6,30.6,67.1,219.4,4.39,18.0,Urban,Clay,744.0,Average,5.8,1,2.99,3.62,0
3915,3.39,103.7,31.0,53.7,132.8,6.36,16.6,Forest,Loamy,337.0,Average,7.63,1,8.74,0.0,0
3916,3.93,121.7,29.8,92.9,207.3,4.46,162.0,Urban,Sandy,1650.0,Poor,4.85,0,6.35,7.53,0
3917,4.6,83.9,30.2,84.0,495.4,6.78,108.1,Forest,Loamy,495.0,Average,0.77,3,8.88,3.34,0
3918,5.38,101.5,23.1,69.3,305.1,4.35,352.7,Barren,Loamy,375.0,Poor,4.12,0,5.61,4.15,0
3919,7.01,209.5,25.3,55.9,297.0,5.33,6.2,Forest,Clay,1937.0,Good,6.03,0,4.21,6.02,0
3920,4.1,261.6,22.2,47.8,208.9,3.25,31.2,Agricultural,Clay,1232.0,Average,9.03,2,5.57,4.43,0
3921,2.68,120.4,25.4,74.2,1752.2404371745283,4.55,34.0,Wetland,Sandy,1172.0,Good,10.0,0,5.86,4.71,0
3922,5.78,155.3,35.2,66.2,144.4,,359.2,Urban,Clay,1090.0,Average,6.73,1,4.96,1.15,0
3923,7.55,124.2,31.7,,812.8,3.63,29.5,Agricultural,Sandy,423.0,Poor,5.87,1,2.0,4.39,0
3924,1.14,79.0,29.3,64.1,421.1,6.74,201.6,Urban,Loamy,258.0,Average,7.01,0,5.77,6.22,0
3925,6.42,103.7,27.8,70.9,386.4,5.33,90.0,Urban,Silty,551.0,Good,5.18,2,6.04,5.71,0
3926,6.04,326.1,30.5,76.6,383.3,3.45,5.6,Forest,Loamy,516.0,Good,6.49,1,5.26,5.55,0
3927,6.87,165.0,35.0,52.4,376.4,3.84,212.3,Agricultural,Loamy,526.0,Average,6.59,0,4.03,2.21,0
3928,6.3,140.4,32.7,94.5,185.0,1.52,425.3,Wetland,Sandy,951.0,Good,4.41,0,6.77,7.87,0
3929,3.13,138.2,27.6,44.7,263.1,5.25,7.3,Forest,Loamy,579.0,Average,6.77,2,2.12,8.8,0
3930,6.52,193.2,31.2,93.7,492.4,5.03,129.4,Forest,Loamy,403.0,Good,3.09,2,4.06,4.82,0
3931,5.49,234.9,29.5,64.3,407.1,1.6,55.0,Agricultural,Clay,472.0,Average,5.88,0,9.97,6.66,0
3932,0.49,313.1,36.4,51.0,331.2,4.34,208.2,Barren,Clay,1447.0,Poor,4.46,1,0.97,3.2,0
3933,4.99,66.6,32.6,69.6,642.9,5.8,175.8,Agricultural,Sandy,298.0,Average,3.29,0,4.57,0.0,0
3934,2.72,,23.3,68.6,574.8,1.88,301.6,Urban,Silty,113.0,Poor,5.07,1,10.0,4.35,0
3935,3.5,146.7,28.2,55.3,417.6,4.34,306.5,Agricultural,Clay,1509.0,Good,2.41,0,3.7,4.1,0
3936,5.32,91.2,25.9,64.8,272.7,8.65,47.6,Wetland,Loamy,601.0,Poor,2.58,0,4.69,4.09,1
3937,5.56,227.0,21.8,59.1,691.1,6.24,354.7,Urban,Loamy,653.0,Good,6.56,0,5.82,6.85,0
3938,3.66,164.6,27.9,,1063.2,2.06,143.2,Agricultural,Sandy,1243.0,Average,6.7,1,3.68,6.2,0
3939,6.26,112.0,24.0,60.1,78.0,2.54,22.7,Agricultural,Sandy,976.0,Good,,1,9.17,3.28,0
3940,2.1,198.4,35.9,78.4,193.3,5.54,19.9,Forest,Sandy,645.0,Good,8.28,0,4.41,8.08,0
3941,2.3,127.1,28.4,,311.7,2.87,20.5,Urban,Sandy,567.0,Poor,5.36,0,5.04,7.22,0
3942,2.59,182.4,19.5,66.1,276.0,6.21,311.2,Agricultural,Sandy,707.0,Good,4.81,1,5.04,5.93,0
3943,4.22,154.6,23.3,72.0,410.2,4.44,122.4,Urban,Sandy,906.0,Average,1.95,1,10.0,2.25,0
3944,5.53,83.9,29.3,71.1,731.4,1.81,172.8,Agricultural,Sandy,625.0,Good,6.93,1,5.12,5.82,0
3945,5.04,339.6,21.6,79.2,540.4,7.93,4.3,Agricultural,Sandy,788.0,Good,2.65,2,3.36,6.9,1
3946,5.58,210.3,27.3,85.0,149.6,6.75,323.2,Agricultural,Clay,413.0,Good,3.07,2,6.75,3.56,0
3947,5.73,112.8,30.4,67.2,893.2,5.43,68.3,Wetland,Clay,1497.0,Average,6.3,1,4.57,5.19,1
3948,3.65,144.2,25.9,73.4,595.0,5.74,147.0,Wetland,Loamy,623.0,Good,4.27,3,3.63,4.59,1
3949,5.4,176.2,21.6,,616.7,4.86,422.1,Forest,Clay,434.0,Good,7.03,1,5.19,7.58,0
3950,10.0,55.5,23.7,69.4,325.3,5.41,1200.0,Forest,Loamy,696.0,Good,4.76,0,6.52,4.27,0
3951,5.39,445.2,35.5,69.3,961.7,4.17,354.1,Urban,Loamy,293.0,Poor,2.77,1,6.59,4.65,1
3952,0.0,734.7825633998187,23.2,61.3,291.2,2.48,47.0,Agricultural,Clay,2019.0,Average,4.52,3,5.3,3.56,0
3953,4.94,255.9,28.7,85.6,142.8,2.5,107.5,Forest,Silty,175.0,Average,5.8,1,7.1,5.06,0
3954,5.68,125.3,27.0,68.4,297.6,4.89,89.6,Agricultural,Loamy,368.0,Average,1.12,2,4.5,4.2,1
3955,5.59,175.4,22.2,99.8,524.5,7.4,116.9,Forest,Silty,401.0,Poor,5.54,2,4.33,3.64,1
3956,5.89,227.1,28.0,67.2,527.9,2.5,39.9,Urban,Sandy,380.0,Average,5.77,1,3.52,5.83,1
3957,3.2,90.0,35.2,69.2,398.6,5.71,45.6,Urban,Clay,1058.0,Average,5.52,1,4.19,4.18,1
3958,2.77,242.4,22.5,57.1,105.1,4.98,307.0,Forest,Sandy,1558.0,Good,5.25,1,5.91,4.35,0
3959,5.43,58.8,26.9,60.7,506.9,6.77,10.7,Wetland,Sandy,330.0,Average,5.07,0,1.04,3.05,0
3960,3.68,80.8,29.9,81.0,375.2,5.2,87.4,Agricultural,Clay,227.0,Good,2.92,0,10.0,6.57,0
3961,9.23,,26.9,94.1,212.6,6.46,398.8,Agricultural,Loamy,425.0,Poor,5.68,2,8.38,2.02,0
3962,6.2,113.5,27.7,60.2,61.0,3.31,156.6,Agricultural,Clay,779.0,Average,3.8,1,8.32,8.04,0
3963,4.28,276.7,22.1,63.6,516.4,6.43,394.7,Urban,Loamy,683.0,Average,4.92,0,6.96,7.48,0
3964,2.39,,27.2,54.7,543.3,3.15,98.1,Agricultural,Loamy,1343.0,Average,4.91,1,6.04,6.17,0
3965,4.09,130.8,29.4,90.0,928.7,4.59,191.1,Forest,Loamy,266.0,Average,5.33,1,5.04,2.66,0
3966,2.26,257.9,29.6,75.8,375.6,3.9,311.5,Agricultural,Loamy,151.0,Good,2.78,1,4.69,6.7,0
3967,7.31,235.9,29.6,60.1,86.9,5.03,19.3,Urban,Sandy,1210.0,Good,4.64,1,6.49,5.15,0
3968,4.78,206.0,22.9,42.9,458.2,4.33,174.8,Agricultural,Clay,945.0,Average,5.49,0,4.74,6.55,0
3969,6.55,166.4,28.2,69.5,209.2,5.18,9.3,Forest,Clay,660.0,Average,2.18,1,6.72,8.2,1
3970,6.11,124.1,23.8,73.2,917.1,5.7,68.4,Urban,Loamy,435.0,Poor,7.36,1,5.46,2.74,1
3971,2.65,177.7,32.1,81.9,344.2,5.11,419.0,Agricultural,Loamy,638.0,Average,6.03,0,5.85,4.22,0
3972,3.54,67.9,25.3,86.0,343.4,0.0,28.2,Agricultural,Loamy,1199.0,Average,2.52,1,5.92,6.26,0
3973,3.95,205.8,21.3,55.9,260.1,5.66,60.5,Agricultural,Sandy,335.0,Good,8.8,2,5.59,5.14,0
3974,4.94,294.0,23.4,63.2,129.0,5.63,121.3,Urban,Silty,361.0,Average,4.98,1,5.22,8.39,0
3975,4.48,270.3,28.6,88.6,633.2,2.21,3.5,Agricultural,Clay,401.0,Average,1.26,2,6.82,6.99,1
3976,6.58,258.5,23.6,73.6,638.1,5.92,253.5,Urban,Loamy,1050.0,Average,1.73,1,5.21,3.36,1
3977,7.91,124.0,25.3,67.2,440.3,4.22,77.0,Forest,Loamy,1310.0,Average,2.69,2,7.01,3.23,1
3978,5.44,106.4,29.8,55.7,371.4,1.45,204.2,Forest,Sandy,834.0,Average,4.01,2,6.35,4.47,0
3979,1.7,82.8,25.3,72.1,844.3,0.08,196.5,Wetland,Loamy,778.0,Good,2.7,1,6.78,2.86,0
3980,5.22,222.2,25.5,71.5,243.7,4.3,4.5,Agricultural,Sandy,579.0,Average,7.69,0,2.65,4.79,0
3981,1.1,877.2096766921867,22.2,70.4,232.8,6.96,143.6,Agricultural,Clay,153.0,Poor,0.0,1,5.72,5.39,1
3982,5.64,166.4,29.0,52.1,296.2,3.82,164.9,Urban,Loamy,1963.0,Good,8.25,0,4.03,2.65,0
3983,4.38,89.5,24.4,74.0,167.7,4.35,121.2,Forest,Loamy,284.0,Average,5.79,1,2.66,2.84,0
3984,6.96,319.9,25.3,50.6,129.7,3.68,0.4,Urban,Silty,844.0,Poor,4.27,1,2.4,4.46,1
3985,3.88,131.5,19.2,69.5,1245.9,6.59,8.1,Wetland,Loamy,450.0,Average,4.39,0,6.63,3.54,1
3986,3.21,152.9,21.6,56.7,232.3,4.54,104.7,Urban,Sandy,277.0,Average,2.32,1,4.03,1.42,0
3987,6.95,211.0,28.0,83.1,917.4,5.08,3.3,Agricultural,Loamy,1127.0,Average,4.37,1,5.97,3.09,1
3988,5.92,112.4,33.7,69.1,492.8,4.61,155.4,Forest,Clay,762.0,Good,0.0,1,4.15,6.17,0
3989,3.22,72.7,22.8,79.4,276.5,4.21,616.9,Urban,Clay,696.0,Average,5.5,0,6.78,4.7,0
3990,0.49,63.7,24.1,71.7,263.9,4.1,12.2,Urban,Sandy,99.0,,5.63,2,10.0,3.69,0
3991,5.52,307.2,30.1,73.9,804.6,4.97,317.9,Wetland,Loamy,476.0,Good,6.49,1,7.8,2.66,0
3992,6.28,135.1,31.6,57.3,346.1,6.34,533.4,Wetland,Loamy,1556.0,Average,2.82,1,3.99,2.25,0
3993,9.91,91.4,28.8,89.4,480.8,2.21,14.5,Agricultural,Loamy,1232.0,Poor,5.22,1,4.44,1.13,1
3994,2.45,204.1,23.0,45.1,289.1,5.2,33.9,Forest,Loamy,1344.0,Poor,4.38,0,6.42,3.53,1
3995,4.88,107.3,27.8,85.7,140.6,3.7,4.8,Barren,Sandy,1411.0,Poor,3.98,1,5.23,5.39,1
3996,6.67,267.7,34.2,48.0,1226.4,3.11,75.7,Forest,Sandy,1477.0,Poor,7.17,0,4.02,6.14,0
3997,4.66,372.2,28.9,54.4,261.7,3.61,73.7,Forest,Clay,754.0,Poor,6.97,1,2.99,7.58,0
3998,4.11,129.9,32.4,65.1,713.5,3.29,161.7,Forest,Sandy,243.0,Good,6.86,1,9.28,5.92,0
3999,6.05,216.4,34.6,69.6,371.0,5.92,128.5,Agricultural,Sandy,1093.0,Average,4.63,0,3.47,4.68,1
4000,7.67,347.2,23.6,59.2,496.2,,189.7,Wetland,Loamy,1908.0,Average,4.6,0,10.0,5.91,1
4001,0.27,182.0,22.3,,389.8,4.76,340.9,Wetland,Clay,1561.0,Average,3.98,1,3.89,4.11,0
4002,10.0,68.6,26.8,72.5,266.8,1.92,55.2,Agricultural,Sandy,206.0,Poor,5.01,1,4.06,6.47,1
4003,5.77,102.0,29.6,44.1,478.6,0.64,185.6,Agricultural,Clay,1957.0,Average,6.07,1,9.53,5.2,0
4004,8.74,56.2,17.1,66.3,639.3,2.41,48.3,Forest,Sandy,157.0,Poor,4.24,0,3.08,7.42,0
4005,4.68,79.6,25.5,71.9,491.3,6.5,93.4,Agricultural,Clay,1686.0,Good,5.22,0,7.76,4.14,0
4006,2.15,278.2,30.8,76.2,167.8,4.33,866.7,Barren,Silty,281.0,Average,8.13,1,5.02,6.16,0
4007,6.52,208.7,30.4,66.4,471.0,3.8,162.8,Forest,Clay,1419.0,Good,6.84,0,4.36,1.88,0
4008,4.34,274.7,29.4,99.3,243.0,3.25,354.9,Urban,Sandy,716.0,Poor,8.17,2,4.98,6.76,0
4009,6.69,247.5,29.7,46.4,565.1,2.4,440.3,Urban,Loamy,78.0,,1.64,1,2.63,3.78,0
4010,4.72,104.2,37.7,93.6,213.1,7.02,175.7,Wetland,Clay,1009.0,Average,6.93,1,4.88,4.71,0
4011,7.61,69.4,26.9,71.1,365.0,2.25,345.4,Barren,Loamy,295.0,Average,4.47,1,2.19,1.86,0
4012,3.39,273.4,25.5,47.7,540.9,6.4,27.6,Agricultural,Silty,271.0,Poor,5.88,1,5.98,2.04,1
4013,4.76,296.0,24.3,70.0,433.5,5.64,121.6,Agricultural,Clay,208.0,Poor,4.53,2,7.24,4.55,1
4014,0.0,127.8,19.0,53.4,314.7,5.8,66.0,Urban,Clay,397.0,Average,4.84,0,3.42,4.2,0
4015,8.86,86.8,27.9,79.4,107.1,6.35,5.3,Agricultural,Sandy,1448.0,Average,1.06,1,6.77,6.05,1
4016,8.2,148.9,28.2,54.1,811.3,5.91,243.6,Urban,Sandy,1074.0,Good,5.71,0,4.43,7.81,0
4017,9.81,106.3,22.0,53.5,704.3,3.61,132.1,Wetland,Clay,1588.0,Average,5.99,1,2.37,1.91,1
4018,2.9,61.7,31.4,74.5,818.6,2.02,63.1,Forest,Loamy,294.0,Good,6.36,1,3.92,8.88,0
4019,4.33,129.5,29.0,60.8,189.3,1.02,3.7,Urban,Loamy,774.0,Average,5.84,0,7.25,9.95,0
4020,5.06,40.1,32.4,51.8,319.1,0.75,205.6,Agricultural,Loamy,1136.0,Good,5.74,3,7.25,8.32,0
4021,8.23,223.3,31.8,76.7,242.1,4.55,28.0,Agricultural,Loamy,607.0,Poor,4.94,0,4.54,2.26,0
4022,4.83,176.6,25.9,74.0,387.8,6.72,14.9,Agricultural,Sandy,462.0,Good,6.55,1,10.0,9.17,1
4023,10.0,84.5,33.2,68.3,733.5,3.35,462.8,Forest,Clay,402.0,Good,6.83,1,2.85,7.03,0
4024,8.35,110.6,29.8,79.1,782.7,0.63,117.0,Wetland,Clay,1490.0,Average,5.41,1,8.38,4.18,0
4025,3.51,75.4,28.5,74.6,286.4,6.57,134.2,Agricultural,Clay,679.0,Average,7.5,0,8.08,4.69,0
4026,6.98,186.6,27.9,58.6,255.3,7.12,399.8,Urban,Clay,1567.0,Poor,,0,4.62,6.06,0
4027,5.69,92.6,31.8,48.0,329.3,5.19,186.7,Agricultural,Sandy,358.0,Good,5.06,1,8.13,6.47,0
4028,2.43,173.1,27.5,84.7,905.1,1.91,44.9,Agricultural,Loamy,768.0,Good,6.14,0,8.34,5.48,0
4029,4.75,59.4,29.9,58.9,439.9,4.73,129.9,Wetland,Sandy,383.0,Average,6.79,3,2.93,7.74,1
4030,8.67,108.5,31.2,86.8,494.4,6.31,184.7,Agricultural,Clay,505.0,Good,7.01,1,6.76,4.6,0
4031,2.56,89.1,22.0,71.4,839.1,1.68,74.5,Forest,Sandy,621.0,Average,5.99,3,3.15,5.24,0
4032,5.3,149.8,13.8,79.1,896.4,7.84,150.7,Barren,Loamy,1324.0,Average,3.4,1,0.0,7.98,1
4033,6.23,59.8,24.1,54.5,305.8,6.73,315.2,Wetland,Clay,389.0,Poor,5.15,3,1.87,0.91,0
4034,3.96,120.3,20.6,50.7,502.2,,436.2,Barren,Sandy,492.0,Average,4.56,0,6.72,6.16,0
4035,6.42,157.8,27.3,92.9,121.1,6.19,143.2,Urban,Clay,289.0,Poor,8.0,1,9.73,2.17,0
4036,2.25,147.6,22.2,62.5,541.0,1.06,70.6,Agricultural,Sandy,414.0,Average,4.57,0,3.8,4.55,0
4037,3.49,184.0,25.3,82.3,421.7,3.8,137.8,Forest,Clay,545.0,Poor,4.09,1,4.94,2.93,0
4038,4.4,63.5,24.8,83.3,87.2,3.19,282.3,Wetland,Loamy,1130.0,Average,7.7,1,2.89,7.7,0
4039,7.7,155.2,33.2,72.8,648.2,6.93,32.1,Forest,Clay,488.0,Poor,9.93,2,1.29,7.78,1
4040,8.15,166.0,28.6,,91.8,1.68,2.9,Urban,Clay,1800.0,Average,7.67,0,6.83,3.83,0
4041,7.98,,26.1,40.9,558.5,7.96,72.8,Wetland,Sandy,3215.0,Average,4.64,1,0.34,6.71,1
4042,1.99,173.6,30.4,71.8,247.1,2.79,51.4,Barren,Silty,978.0,Poor,6.05,0,10.0,1.24,0
4043,5.6,232.1,24.6,45.8,738.8,4.49,330.7,Wetland,Sandy,549.0,Average,0.0,1,4.14,4.37,0
4044,3.67,264.4,31.5,48.7,150.2,7.89,153.0,Agricultural,Silty,333.0,Average,6.0,2,10.0,3.95,1
4045,6.89,119.2,17.7,69.4,328.3,2.1,34.6,Wetland,Loamy,664.0,Average,2.66,2,5.02,3.52,0
4046,1.38,94.8,27.1,81.6,631.6,4.65,12.5,Barren,Sandy,181.0,Good,6.67,0,2.46,7.74,0
4047,3.42,178.8,20.0,60.7,134.9,3.86,22.7,Agricultural,Loamy,2911.0,Average,8.09,0,4.44,4.75,0
4048,4.77,135.5,28.1,55.0,460.7,1.44,171.0,Agricultural,Sandy,436.0,Average,4.7,0,2.85,4.45,0
4049,6.37,160.9,28.0,83.4,124.8,1.96,345.7,Urban,Clay,895.0,Good,7.62,0,4.36,4.56,0
4050,5.44,131.1,24.8,57.5,537.3,0.98,269.5,Barren,Sandy,583.0,Poor,7.14,1,3.91,1.08,0
4051,3.75,154.3,30.6,89.3,330.1,5.01,337.4,Urban,Clay,1567.0,Average,5.65,2,8.13,5.24,0
4052,4.38,155.9,32.4,46.7,856.4,4.83,637.2,Urban,Clay,1485.0,Poor,6.74,1,4.06,8.22,0
4053,3.79,84.5,29.9,66.0,704.0,4.55,495.1,Forest,Clay,180.0,Poor,2.55,1,8.48,3.61,0
4054,3.9,163.2,28.2,72.4,150.1,6.21,253.2,Urban,Sandy,690.0,Average,0.0,0,2.52,4.7,0
4055,5.1,125.1,31.7,61.9,202.8,3.49,339.0,Urban,Sandy,1133.0,Poor,5.12,0,8.91,4.0,0
4056,4.1,195.5,32.0,63.1,463.8,5.66,437.8,Urban,Silty,693.0,Average,8.69,2,10.0,5.65,0
4057,5.02,185.0,26.7,74.3,618.2,5.1,44.2,Barren,Clay,232.0,Poor,5.49,2,5.16,3.2,1
4058,2.51,46.5,25.3,97.4,659.2,5.12,176.6,Wetland,Loamy,68.0,Average,2.94,0,6.7,0.79,0
4059,1.91,231.0,24.1,77.4,199.4,3.1,147.6,Agricultural,Silty,873.0,Poor,4.53,3,9.44,4.68,0
4060,1.4,49.0,30.5,76.2,593.8,3.0,520.6,Urban,Clay,653.0,Average,5.88,1,8.26,2.04,0
4061,5.64,188.0,29.2,70.8,723.9,4.76,160.4,Wetland,Loamy,1496.0,Poor,3.61,1,3.84,5.69,1
4062,6.33,179.0,25.3,54.4,143.0,2.06,59.0,Agricultural,Silty,122.0,Average,6.44,0,6.54,2.89,0
4063,1.93,218.3,28.2,71.3,271.6,3.86,16.0,Barren,Loamy,250.0,Average,6.4,0,3.02,2.58,0
4064,4.5,172.0,21.9,89.5,272.7,2.16,17.7,Agricultural,Clay,483.0,Good,4.8,0,0.0,3.31,0
4065,4.98,,26.1,75.8,724.2,6.92,210.1,Wetland,Silty,608.0,Poor,4.08,0,5.71,5.37,1
4066,7.85,190.6,32.1,82.5,503.6,4.26,176.6,Agricultural,Sandy,1580.0,Poor,4.86,0,2.15,6.01,1
4067,3.69,106.6,25.8,85.7,225.8,6.47,32.6,Forest,Clay,446.0,Good,5.59,0,5.99,5.61,0
4068,3.89,103.4,26.7,68.4,288.5,4.27,33.4,Wetland,Loamy,928.0,Average,5.56,1,5.07,5.56,1
4069,8.38,195.3,24.9,90.4,343.4,2.79,175.9,Forest,Silty,812.0,Poor,8.04,2,1.44,7.84,0
4070,6.62,320.2,25.7,56.2,209.7,3.59,389.4,Agricultural,Clay,922.0,Good,3.76,1,8.24,5.24,0
4071,3.83,143.6,26.6,81.7,613.0,5.06,419.1,Agricultural,Loamy,500.0,Poor,2.63,3,5.95,7.94,0
4072,5.1,109.3,24.9,56.7,506.3,4.95,329.7,Wetland,Clay,1966.0,Poor,5.24,1,8.52,5.39,0
4073,4.57,184.4,25.4,44.6,284.5,7.72,182.9,Forest,Silty,1454.0,Average,3.21,2,5.47,6.72,0
4074,5.8,95.3,26.7,57.9,168.2,6.83,113.4,Forest,Clay,1204.0,Poor,3.55,2,5.02,5.71,1
4075,5.25,173.6,31.5,93.3,244.3,8.89,184.6,Barren,Clay,335.0,Poor,1.89,2,5.16,4.59,1
4076,5.84,316.4,23.1,75.6,592.7,6.14,53.6,Forest,Clay,1561.0,Good,4.92,0,6.16,3.82,1
4077,4.6,84.7,29.8,65.5,381.5,5.72,202.0,Urban,Clay,494.0,Average,10.0,1,2.92,3.67,0
4078,7.89,46.6,31.8,45.8,494.7,6.51,162.0,Agricultural,Sandy,476.0,Good,5.46,0,7.48,4.34,0
4079,6.91,182.6,33.9,92.7,473.3,0.0,234.0,Agricultural,Loamy,929.0,Poor,5.25,2,8.8,5.86,0
4080,5.03,250.1,28.5,84.9,284.7,4.28,17.1,Forest,Clay,400.0,Poor,5.12,2,7.77,4.12,1
4081,6.02,118.6,19.3,60.7,417.7,3.69,216.7,Wetland,Loamy,711.0,Poor,0.0,2,5.05,5.35,1
4082,6.48,101.4,20.9,56.1,319.1,6.1,123.8,Forest,Clay,1918.0,Poor,1.16,2,5.15,5.15,1
4083,4.86,262.7,26.4,,184.0,5.9,47.5,Urban,Loamy,247.0,Average,6.04,3,8.46,1.78,1
4084,9.59,183.7,26.0,77.6,147.4,2.23,43.1,Agricultural,Loamy,293.0,Average,5.35,0,6.79,6.39,1
4085,4.34,143.2,26.4,59.6,349.3,3.46,267.8,Urban,Clay,1064.0,Average,2.84,2,3.28,3.76,0
4086,5.04,133.2,26.5,75.5,348.5,1.96,61.9,Urban,Silty,1155.0,Poor,10.0,1,6.32,6.91,0
4087,2.64,139.6,27.2,84.2,473.2,1.34,46.2,Forest,Clay,664.0,Average,5.52,1,9.05,6.54,0
4088,0.44,117.7,27.7,90.4,176.5,,90.0,Forest,Sandy,806.0,Average,4.93,1,5.07,3.86,0
4089,2.87,218.9,28.1,70.5,465.9,4.29,69.6,Agricultural,Loamy,786.0,Average,1.0,0,3.65,2.17,0
4090,7.61,157.7,26.2,80.7,468.8,4.14,126.5,Barren,Loamy,704.0,Average,5.63,2,2.46,0.79,0
4091,5.08,286.2,28.6,85.2,44.2,8.65,87.8,Wetland,Clay,216.0,Average,2.66,2,2.47,5.16,1
4092,3.64,176.5,24.7,58.0,627.4,5.2,89.5,Urban,Silty,640.0,Poor,3.68,2,2.9,2.62,1
4093,5.19,184.2,25.6,82.1,243.6,4.49,74.5,Barren,Silty,1801.0,Average,5.33,1,2.25,3.83,1
4094,3.16,246.7,27.0,81.8,546.7,3.67,67.8,Forest,Clay,1015.0,Good,5.53,2,5.7,5.65,0
4095,3.09,38.3,24.8,63.1,234.1,4.76,10.6,Forest,Silty,730.0,Average,1.2,1,6.79,7.48,1
4096,7.46,183.4,32.1,81.3,601.0,2.48,102.9,Urban,Loamy,2801.0,Average,3.0,2,8.05,7.29,1
4097,7.25,105.9,26.5,74.0,382.1,3.49,373.8,Forest,Clay,1470.0,Average,9.93,2,4.48,3.97,0
4098,3.75,364.4,29.8,65.1,449.4,3.01,145.4,Forest,Clay,306.0,Poor,2.27,0,5.02,0.99,0
4099,4.15,121.3,27.6,80.4,439.8,2.9,177.5,Urban,Clay,672.0,Average,4.24,1,7.71,3.7,1
4100,4.18,158.2,28.0,68.6,299.1,3.66,222.7,Forest,Sandy,1218.0,Poor,7.94,0,7.63,5.91,0
4101,0.33,230.7,31.1,,155.4,3.65,240.7,Agricultural,Loamy,147.0,Average,6.87,2,8.52,5.55,0
4102,3.76,58.4,34.0,65.0,256.3,8.0,31.1,Agricultural,Loamy,380.0,Average,4.64,1,8.0,3.79,0
4103,4.36,294.2,23.5,63.0,488.8,5.59,150.3,Forest,Sandy,516.0,Poor,4.26,0,2.84,7.14,0
4104,5.92,236.7,35.5,60.9,199.7,2.09,177.8,Agricultural,Sandy,194.0,Average,7.25,1,8.26,2.33,0
4105,6.05,204.0,29.0,62.5,870.1,6.69,24.5,Urban,Silty,218.0,Good,4.11,0,5.21,5.72,1
4106,6.31,113.5,28.2,71.4,155.1,6.47,112.4,Agricultural,Sandy,2170.0,Average,7.1,0,9.1,9.2,1
4107,4.85,204.6,23.2,81.6,331.9,8.34,4.9,Urban,Loamy,956.0,Average,7.12,4,5.09,3.08,1
4108,5.73,88.3,28.1,51.1,346.4,3.95,280.4,Agricultural,Loamy,1200.0,Poor,6.84,0,1.74,1.83,0
4109,7.83,278.2,26.7,63.2,401.4,5.34,57.8,Urban,Silty,449.0,Good,,3,5.74,7.1,1
4110,6.33,142.5,21.9,70.8,210.8,6.2,393.5,Agricultural,Sandy,1282.0,Poor,7.81,2,1.01,6.26,0
4111,2.88,114.0,26.0,67.1,691.7,2.5,1.8,Wetland,Silty,710.0,Average,5.85,0,4.28,4.47,0
4112,3.61,155.3,29.9,78.9,313.8,5.33,268.2,Urban,Clay,89.0,Poor,5.11,0,4.11,7.05,0
4113,4.82,,22.0,77.4,967.7,4.86,183.3,Wetland,Loamy,1436.0,Average,5.14,2,8.31,5.62,1
4114,4.09,87.6,29.6,93.8,339.2,4.2,431.5,Agricultural,Loamy,816.0,Average,5.41,2,4.82,5.41,0
4115,1.82,216.5,31.1,65.7,324.9,0.0,136.9,Forest,Loamy,1362.0,,4.17,2,6.89,5.41,0
4116,5.51,283.6,28.3,75.9,193.2,5.75,5.5,Urban,Clay,2512.0,Average,4.31,2,3.11,4.49,1
4117,3.1,215.9,32.7,41.5,200.9,5.43,50.0,Agricultural,Clay,360.0,Average,6.51,0,2.92,3.78,0
4118,0.0,174.5,30.0,74.9,132.2,4.21,70.6,Forest,Clay,280.0,Poor,2.09,1,2.86,4.81,0
4119,7.93,195.6,28.9,71.5,216.8,2.16,91.7,Agricultural,Sandy,667.0,Average,5.31,1,2.44,1.58,0
4120,5.35,71.4,26.7,77.6,238.1,6.03,286.2,Wetland,Silty,308.0,Average,4.97,2,2.26,2.64,0
4121,5.57,67.0,28.3,84.3,343.3,3.74,123.3,Forest,Clay,640.0,Average,4.41,0,8.5,1.81,0
4122,2.4,240.4,25.7,78.7,151.5,6.07,137.8,Urban,Loamy,864.0,Average,4.21,4,5.45,5.62,0
4123,4.27,162.0,23.5,83.3,496.9,6.73,25.7,Wetland,Sandy,805.0,Poor,6.9,3,6.98,4.85,1
4124,5.23,184.7,17.6,70.7,529.2,5.37,52.1,Agricultural,Clay,1014.0,Poor,3.65,0,4.48,6.08,1
4125,6.35,162.4,27.2,69.2,538.5,5.82,99.4,Forest,Sandy,1603.0,Average,2.38,0,4.4,4.37,0
4126,2.93,104.9,30.0,52.4,422.8,4.77,51.3,Agricultural,Loamy,497.0,Poor,1.85,0,6.86,6.42,1
4127,1.21,41.8,27.5,83.6,439.8,2.66,244.5,Forest,Clay,1272.0,Poor,9.2,1,7.13,2.69,0
4128,5.96,,25.5,74.3,201.0,6.03,83.3,Forest,Silty,962.0,Good,5.36,2,9.22,9.1,1
4129,7.75,109.0,30.4,84.2,631.1,5.15,825.4,Forest,Loamy,1043.0,Good,6.52,0,3.71,7.59,0
4130,5.02,132.6,26.7,95.5,487.1,4.82,27.0,Forest,Silty,209.0,Average,4.94,2,5.55,3.14,1
4131,6.16,320.5,28.5,71.7,232.4,4.87,226.0,Urban,Loamy,775.0,Poor,4.08,3,3.38,4.16,0
4132,6.08,205.7,30.1,57.2,485.8,3.55,72.0,Wetland,Loamy,349.0,Average,9.22,0,5.58,4.55,0
4133,4.67,71.5,27.1,67.2,268.3,7.37,146.7,Urban,Sandy,1053.0,Poor,3.57,0,3.8,4.62,1
4134,1.98,306.4,25.9,55.2,552.5,7.25,55.2,Agricultural,Sandy,1299.0,Average,4.07,0,3.33,5.11,1
4135,5.51,240.6,23.7,39.1,262.2,4.4,17.2,Agricultural,Clay,77.0,Average,0.48,2,8.05,4.42,1
4136,5.43,237.7,31.0,92.5,728.4,1.02,74.7,Agricultural,Silty,713.0,Poor,4.55,0,8.01,7.96,0
4137,6.37,130.0,38.6,72.3,712.0,5.11,67.9,Urban,Sandy,487.0,Average,4.7,0,0.0,6.24,0
4138,4.63,20.1,35.1,68.2,434.7,1.87,15.9,Wetland,Clay,790.0,Good,6.17,1,3.25,5.81,0
4139,4.81,179.4,30.6,71.0,343.1,0.68,94.9,Agricultural,Loamy,1626.0,Poor,1.19,0,5.71,6.42,0
4140,3.55,197.1,25.9,76.4,1083.1,4.91,231.4,Agricultural,Sandy,1251.0,Average,,1,7.65,6.99,1
4141,5.18,154.3,30.6,100.0,266.0,5.21,25.3,Wetland,Loamy,748.0,Average,3.58,0,2.38,5.34,1
4142,3.81,155.8,26.8,70.7,249.4,6.0,173.6,Wetland,Clay,1081.0,Poor,0.7,0,4.98,5.02,1
4143,5.91,207.0,25.6,89.9,905.6,6.34,17.2,Barren,Loamy,107.0,Poor,5.26,3,10.0,0.0,1
4144,3.74,140.5,28.1,66.8,284.6,3.87,277.7,Urban,Loamy,630.0,Good,6.23,2,3.8,7.6,0
4145,5.99,293.4,22.5,91.9,684.8,3.61,373.0,Urban,Silty,670.0,Average,5.69,0,3.03,4.69,0
4146,5.37,103.1,28.1,71.4,148.0,4.03,157.9,Urban,Silty,1227.0,Average,4.78,0,2.02,4.99,0
4147,6.31,83.1,31.4,77.1,386.0,5.78,54.7,Urban,Loamy,2031.0,Good,6.42,1,3.3,3.05,1
4148,6.01,316.4,30.7,73.1,717.0,3.11,49.3,Urban,Loamy,298.0,Average,0.02,2,5.56,6.68,1
4149,4.04,277.6,31.2,57.7,394.2,4.24,91.9,Wetland,Sandy,472.0,Good,,0,2.12,7.52,0
4150,4.06,151.6,31.2,49.4,459.6,4.77,95.2,Agricultural,Clay,428.0,Average,2.37,1,2.76,4.89,1
4151,7.28,89.9,25.0,69.7,728.6,3.84,77.3,Forest,Loamy,964.0,Poor,8.39,3,6.43,5.52,1
4152,4.91,338.6,25.0,60.5,453.6,2.69,162.0,Barren,Loamy,838.0,Poor,4.95,0,4.07,5.19,0
4153,6.39,184.8,25.0,82.4,436.3,0.31,59.0,Urban,Silty,2612.0,Average,4.13,0,2.05,5.61,1
4154,10.0,124.9,26.1,72.0,556.6,2.91,11.4,Agricultural,Loamy,62.0,Average,3.28,0,4.74,3.61,1
4155,1.71,115.5,28.7,81.9,502.2,3.37,37.8,Barren,Silty,271.0,Good,5.96,1,4.41,7.02,0
4156,6.0,116.5,32.2,62.3,397.1,2.63,261.3,Forest,Loamy,246.0,Good,4.25,0,5.76,4.05,0
4157,5.31,184.9,32.4,70.2,768.6,3.66,469.7,Agricultural,Loamy,430.0,Poor,6.89,0,5.24,1.28,0
4158,4.78,327.3,31.9,63.2,119.6,8.5,561.7,Agricultural,Clay,1162.0,Poor,10.0,0,8.74,4.34,0
4159,6.03,127.1,32.6,70.7,204.2,2.8,16.6,Wetland,Clay,2101.0,Average,3.38,0,0.0,6.87,1
4160,8.25,194.3,30.2,71.1,497.1,3.3,210.5,Urban,Clay,2078.0,Poor,4.9,4,4.5,1.46,1
4161,8.0,155.3,24.4,64.1,944.9,7.18,356.4,Wetland,Silty,485.0,Average,2.67,0,4.84,3.18,0
4162,5.65,,25.5,79.4,236.2,5.85,56.3,Agricultural,Sandy,796.0,Average,3.17,1,5.82,3.52,0
4163,5.64,97.2,29.8,83.7,551.4,5.45,22.7,Agricultural,Clay,799.0,Poor,0.3,1,10.0,3.24,1
4164,7.02,114.1,27.1,64.3,472.4,4.13,115.4,Urban,Clay,923.0,Average,5.7,2,8.19,2.83,1
4165,5.13,164.7,32.4,71.1,345.8,,6.1,Agricultural,Silty,279.0,Average,4.76,1,6.0,6.65,1
4166,5.26,486.8,23.7,94.2,1278.6,0.82,291.1,Urban,Clay,640.0,Average,4.62,0,7.65,2.93,0
4167,5.49,75.0,33.1,70.3,466.4,5.6,222.0,Forest,Sandy,567.0,Poor,6.44,0,2.79,4.76,0
4168,3.07,158.0,20.9,59.8,330.6,5.35,151.8,Agricultural,Clay,702.0,Poor,2.82,0,3.83,1.35,0
4169,9.08,197.4,27.8,63.5,788.4,7.22,350.7,Agricultural,Clay,679.0,Good,2.43,0,4.65,3.6,0
4170,7.43,102.8,36.7,65.2,622.9,2.72,37.5,Forest,Clay,363.0,Average,6.86,1,7.85,9.06,0
4171,5.07,189.9,23.8,61.2,269.0,2.25,0.8,Forest,Clay,262.0,Average,4.12,1,2.3,6.2,0
4172,3.71,276.2,23.5,86.4,326.0,3.0,136.2,Forest,Loamy,1631.0,Poor,6.02,3,7.59,5.05,0
4173,3.62,296.5,25.1,85.2,302.9,5.56,68.6,Agricultural,Loamy,692.0,Average,9.04,0,5.05,3.46,0
4174,7.71,96.1,22.0,86.4,648.9,6.05,15.7,Urban,Sandy,251.0,Good,4.55,2,0.81,4.16,0
4175,5.88,77.4,27.0,69.3,328.2,5.46,70.2,Urban,Sandy,881.0,Average,1.36,2,7.71,1.1,1
4176,2.42,108.3,18.9,81.1,313.7,4.48,56.0,Wetland,Loamy,400.0,Poor,6.15,0,6.99,7.08,0
4177,5.28,96.8,23.2,73.7,99.5,2.7,13.7,Agricultural,Loamy,729.0,Poor,5.21,1,5.35,0.0,0
4178,4.62,73.9,26.1,82.0,378.4,4.43,66.3,Urban,Sandy,1250.0,Average,3.17,0,8.33,7.17,1
4179,4.51,136.2,28.6,67.7,207.7,7.39,497.8,Agricultural,Clay,2220.0,Average,3.2,3,7.91,2.95,0
4180,0.78,233.8,30.8,75.6,1429.8,1.04,178.5,Urban,Loamy,66.0,Good,5.87,1,9.83,5.76,0
4181,4.62,153.1,21.7,75.0,235.8,0.04,336.6,Forest,Clay,504.0,Poor,7.4,1,3.98,4.98,0
4182,6.57,75.7,20.9,,253.0,2.63,7.5,Agricultural,Sandy,1139.0,Poor,3.99,1,2.98,4.06,1
4183,8.26,142.7,31.0,48.1,222.2,1.25,167.8,Barren,Clay,1085.0,Poor,3.6,1,7.88,6.33,1
4184,4.25,100.4,24.7,64.6,184.6,4.66,142.7,Urban,Clay,715.0,Good,6.96,0,3.36,4.63,0
4185,3.79,67.4,26.7,53.1,219.0,5.53,282.2,Urban,Loamy,113.0,Poor,2.93,2,0.0,3.14,0
4186,4.97,89.1,31.8,66.7,502.9,4.53,63.0,Forest,Sandy,676.0,Poor,1.14,3,6.72,3.07,1
4187,0.05,230.8,28.0,74.4,488.7,3.3,65.5,Wetland,Clay,1030.0,Poor,2.59,1,4.71,5.4,1
4188,7.69,108.1,29.8,60.2,619.7,5.44,7.5,Urban,Silty,3216.0,Poor,3.84,0,1.66,3.45,1
4189,1.67,76.1,29.4,72.8,734.8,2.29,163.9,Urban,Loamy,764.0,Poor,2.62,1,2.81,5.55,0
4190,5.49,138.1,24.2,46.8,666.6,7.68,119.6,Barren,Clay,1247.0,Poor,8.35,0,9.0,2.62,1
4191,3.16,92.6,23.4,72.5,341.8,7.04,367.4,Forest,Sandy,644.0,Average,5.86,0,4.17,9.26,0
4192,4.43,172.6,33.0,53.0,310.0,5.11,4.6,Forest,Clay,127.0,Poor,6.03,0,9.82,6.94,0
4193,5.72,61.7,23.0,67.7,669.3,7.0,177.5,Urban,Sandy,403.0,Average,4.49,2,2.28,6.33,1
4194,8.35,220.6,27.9,82.6,409.1,3.81,83.2,Agricultural,Sandy,642.0,Average,6.68,0,3.47,3.56,0
4195,9.49,103.3,25.9,63.5,527.2,7.35,62.9,Forest,Loamy,757.0,Average,5.03,2,8.56,5.79,1
4196,3.63,117.8,18.1,81.8,381.1,3.51,8.5,Agricultural,Loamy,226.0,Good,1.17,4,4.06,6.33,1
4197,4.76,73.8,24.5,85.2,819.8,7.12,28.1,Wetland,Clay,640.0,Average,3.41,0,6.97,4.07,1
4198,5.45,151.0,28.6,82.5,284.4,5.68,33.8,Barren,Sandy,658.0,Average,10.0,0,5.06,4.48,0
4199,6.04,98.8,31.2,64.2,523.9,4.38,280.2,Urban,Silty,295.0,Average,8.77,3,5.09,0.22,0
4200,3.67,101.0,24.1,75.8,889.0,6.54,36.2,Urban,Clay,1095.0,Average,6.96,1,4.72,2.12,1
4201,6.16,106.1,24.9,100.0,431.2,5.14,58.0,Agricultural,Loamy,140.0,Average,7.95,1,7.8,5.5,0
4202,1.85,103.5,25.0,57.8,384.4,7.58,133.1,Agricultural,Loamy,1315.0,Good,5.83,0,4.23,2.4,0
4203,4.87,60.0,23.0,82.9,652.4,4.04,20.5,Wetland,Silty,186.0,Average,4.95,1,6.81,7.42,0
4204,3.66,216.7,22.3,81.4,388.8,2.32,129.0,Forest,Clay,463.0,Average,0.61,1,4.41,8.74,0
4205,3.23,83.3,25.2,44.1,962.9,8.89,329.4,Forest,Loamy,515.0,Poor,3.52,0,3.38,1.32,0
4206,8.61,110.3,29.8,87.1,94.2,3.69,65.0,Agricultural,Sandy,1156.0,Poor,2.94,1,2.39,2.48,1
4207,6.18,,25.0,65.3,629.2,3.23,28.0,Agricultural,Sandy,832.0,Poor,4.31,4,6.75,2.66,1
4208,4.02,143.5,28.5,64.7,302.9,4.31,147.4,Wetland,Sandy,802.0,Poor,5.73,0,1.42,6.83,0
4209,6.53,116.4,30.6,65.2,237.7,2.89,114.9,Agricultural,Loamy,243.0,Poor,3.86,0,3.02,2.77,0
4210,3.7,132.6,30.3,67.0,647.7,4.63,108.0,Urban,Sandy,1099.0,Poor,5.07,4,2.72,3.68,0
4211,4.21,144.5,25.7,68.3,344.9,2.28,552.4,Wetland,Sandy,123.0,Average,6.39,0,4.98,9.89,0
4212,3.93,183.1,27.0,74.8,633.6,7.14,471.3,Barren,Sandy,2149.0,Average,1.08,2,5.95,6.28,1
4213,6.36,58.4,26.4,72.0,390.2,5.74,55.3,Agricultural,Clay,401.0,Good,3.57,0,7.72,5.46,1
4214,1.16,163.9,29.4,50.4,537.1,5.25,86.3,Agricultural,Clay,397.0,Average,10.0,3,5.49,3.34,0
4215,5.17,82.9,24.8,57.9,695.4,2.66,68.5,Agricultural,Clay,886.0,Good,5.6,0,5.51,4.78,0
4216,6.67,96.4,28.2,52.4,310.7,3.7,255.9,Agricultural,Loamy,812.0,Average,5.63,2,6.09,8.82,0
4217,3.76,324.9,27.4,64.0,284.4,4.85,22.1,Barren,Clay,340.0,Poor,2.61,1,5.45,9.42,1
4218,7.12,124.8,26.4,73.8,619.7,5.29,70.6,Wetland,Sandy,426.0,Good,,1,6.16,2.85,1
4219,1.61,99.1,33.7,65.7,447.9,3.66,112.6,Forest,Clay,237.0,Average,3.01,2,8.41,3.07,0
4220,5.3,143.1,29.8,81.2,549.0,5.46,137.5,Urban,Loamy,225.0,Average,5.51,3,3.74,5.02,0
4221,3.82,133.6,26.3,59.0,521.2,6.62,452.8,Agricultural,Sandy,572.0,Poor,4.21,1,2.78,2.48,0
4222,3.48,317.0,29.0,58.1,425.7,5.06,734.0,Forest,Loamy,1689.0,Average,1.09,0,5.58,1.62,0
4223,3.96,144.0,28.4,56.0,446.9,3.47,172.9,Wetland,Clay,745.0,Poor,7.17,4,4.69,6.13,0
4224,3.25,196.0,28.3,90.5,651.5,4.32,2.6,Agricultural,Clay,176.0,Average,9.94,2,4.54,2.67,0
4225,5.16,96.2,24.0,83.6,246.9,8.33,25.3,Urban,Loamy,1052.0,Poor,8.0,1,3.77,2.34,0
4226,4.9,146.7,23.0,72.8,186.0,6.65,157.2,Agricultural,Sandy,779.0,Average,3.6,1,5.97,7.75,1
4227,5.55,236.3,26.3,,403.2,3.99,125.5,Barren,Silty,272.0,Average,3.7,0,4.18,7.02,0
4228,4.5,218.6,24.8,69.3,148.5,7.01,760.9,Urban,Clay,968.0,Good,3.72,0,5.35,5.65,0
4229,0.0,113.0,21.4,55.4,1039.5,4.82,280.9,Forest,Clay,3355.0,Poor,7.4,2,3.83,5.71,1
4230,5.09,108.5,24.6,55.4,822.8,3.4,106.9,Forest,Sandy,535.0,Average,8.19,0,10.0,4.28,0
4231,2.3,173.9,29.8,65.2,1630.9,4.42,83.8,Agricultural,Clay,278.0,Average,2.8,0,5.01,8.62,1
4232,5.25,152.0,24.3,71.0,459.2,4.92,0.6,Forest,Silty,755.0,Good,3.7,0,4.58,5.01,0
4233,7.98,,30.1,88.8,398.6,5.2,162.2,Agricultural,Silty,1241.0,Poor,6.59,2,6.32,0.65,0
4234,4.4,156.3,22.1,73.6,283.8,4.07,64.0,Agricultural,Silty,863.0,Average,4.84,3,5.97,2.46,1
4235,10.0,95.9,26.4,68.0,82.8,7.03,22.8,Agricultural,Loamy,1137.0,Average,7.33,0,2.17,7.9,1
4236,5.02,176.9,19.3,75.7,623.7,7.54,475.5,Wetland,Loamy,910.0,Poor,5.44,2,8.37,5.13,1
4237,6.66,306.8,26.3,58.3,322.7,6.86,78.4,Urban,Silty,641.0,Average,4.07,2,5.15,5.7,1
4238,1.53,173.9,26.9,68.2,203.3,3.17,55.4,Urban,Loamy,335.0,Average,7.43,0,9.66,6.36,0
4239,3.39,152.9,31.2,83.4,393.9,4.33,63.9,Forest,Loamy,1231.0,Good,3.33,2,7.01,0.42,0
4240,3.94,261.2,25.2,96.2,187.2,6.72,46.5,Urban,Sandy,403.0,Average,8.59,2,7.03,7.05,0
4241,5.42,130.1,27.9,100.0,792.7,2.56,112.2,Urban,Clay,104.0,Good,6.65,0,8.83,7.83,1
4242,4.59,124.5,24.7,79.2,1192.4,3.74,45.0,Agricultural,Clay,1036.0,Average,6.9,4,6.62,7.18,1
4243,6.15,161.7,29.0,72.7,672.6,7.97,122.6,Urban,Clay,1508.0,Average,2.62,2,7.87,2.29,1
4244,6.52,127.6,24.4,88.0,1132.7,3.72,298.2,Agricultural,Sandy,262.0,Good,3.57,0,6.45,3.53,0
4245,2.87,71.6,24.5,40.6,394.5,1.71,23.6,Wetland,Loamy,797.0,Average,7.78,1,8.72,4.65,0
4246,5.97,118.8,16.3,77.3,374.2,1.58,52.8,Agricultural,Clay,794.0,Poor,3.89,1,1.66,4.86,1
4247,4.02,212.6,22.9,77.2,591.6,3.36,93.9,Agricultural,Clay,599.0,Average,9.83,0,5.27,4.08,0
4248,6.22,108.5,29.2,81.6,229.9,2.29,164.6,Wetland,Sandy,476.0,Poor,5.43,1,6.6,7.89,0
4249,7.69,,24.9,49.9,97.8,4.34,213.9,Forest,Clay,162.0,Good,3.33,1,3.28,2.59,0
4250,1.88,227.8,29.6,74.5,665.0,2.91,262.2,Agricultural,Clay,1077.0,Good,4.52,1,4.74,4.34,0
4251,7.28,100.1,32.8,64.5,271.3,5.26,86.4,Forest,Sandy,593.0,Good,6.01,3,6.74,6.66,0
4252,5.09,146.5,28.7,76.1,211.8,1.64,158.6,Urban,Loamy,1039.0,Good,10.0,2,8.27,6.19,0
4253,1.66,317.4,25.7,71.3,505.4,4.52,49.3,Wetland,Clay,715.0,Average,5.28,2,7.62,4.37,1
4254,6.45,55.6,28.6,79.7,706.5,5.71,38.3,Urban,Loamy,607.0,Average,5.56,1,3.75,5.17,1
4255,1.85,165.1,32.1,91.1,679.3,7.1,50.6,Agricultural,Loamy,151.0,Poor,4.77,0,3.25,0.89,1
4256,9.11,287.5,33.3,69.5,461.8,3.1,322.0,Urban,Sandy,675.0,Good,5.12,1,3.97,6.31,0
4257,7.46,146.8,27.8,67.0,149.4,5.91,248.6,Forest,Silty,828.0,Average,2.79,2,3.7,4.89,0
4258,6.39,130.9,22.1,63.7,732.5,4.6,64.6,Wetland,Sandy,476.0,Poor,3.9,0,5.68,5.06,1
4259,6.11,823.0670574568322,22.7,99.3,682.9,7.6,46.8,Forest,Loamy,13.0,Average,1.23,0,6.99,5.93,1
4260,2.11,179.1,18.3,81.7,793.6,2.55,66.7,Agricultural,Loamy,982.0,Poor,7.71,2,4.51,5.77,1
4261,5.15,58.1,29.8,75.1,654.9,3.06,86.8,Agricultural,Loamy,50.0,Poor,7.4,0,3.9,6.78,0
4262,4.03,122.9,34.5,80.0,196.4,7.19,38.3,Barren,Clay,1232.0,Poor,1.31,3,0.65,5.72,1
4263,8.55,184.8,24.2,81.2,88.5,4.59,57.1,Wetland,Silty,803.0,Good,7.19,0,4.25,6.47,0
4264,3.31,233.8,28.2,52.7,475.3,6.98,88.4,Urban,Loamy,1238.0,Average,3.66,2,5.55,9.29,1
4265,4.94,144.2,13.7,69.0,673.5,7.03,119.5,Agricultural,Clay,1365.0,Average,2.04,1,4.53,4.67,1
4266,5.49,243.9,18.2,87.2,390.6,4.28,50.5,Agricultural,Loamy,382.0,Average,0.0,0,3.84,3.64,1
4267,4.42,462.5,33.4,65.5,639.4,3.18,24.0,Agricultural,Clay,148.0,Good,2.69,1,8.13,7.5,1
4268,5.55,110.3,29.3,46.2,416.6,3.42,103.9,Wetland,Loamy,112.0,Poor,4.35,1,0.0,5.67,0
4269,10.0,118.9,30.3,69.0,886.9,7.04,1200.0,Urban,Loamy,224.0,Poor,5.0,1,1.09,1.49,0
4270,3.46,211.9,25.2,66.6,596.0,4.14,169.1,Agricultural,Silty,1244.0,Poor,6.97,2,2.92,6.49,0
4271,2.02,204.1,26.4,76.1,642.9,2.71,384.6,Urban,Loamy,130.0,Average,4.44,0,5.16,6.9,0
4272,6.2,145.4,25.4,75.3,430.7,3.61,18.2,Barren,Silty,745.0,Poor,6.01,2,5.35,3.42,1
4273,6.73,70.2,23.8,78.4,248.0,3.09,18.2,Urban,Clay,314.0,Good,6.49,0,8.86,0.01,0
4274,7.52,86.2,33.0,71.0,515.9,0.47,243.3,Urban,Loamy,838.0,Poor,5.16,0,8.57,6.78,0
4275,2.6,157.3,22.4,59.6,1008.0,4.52,24.8,Agricultural,Clay,685.0,Good,1.78,1,3.37,6.48,1
4276,4.47,121.6,29.9,69.4,358.9,4.28,176.5,Barren,Loamy,1181.0,Average,3.91,1,0.0,4.82,0
4277,5.7,94.5,33.4,75.8,129.5,,32.9,Urban,Silty,1397.0,Average,5.08,0,10.0,4.69,0
4278,5.37,208.6,31.6,78.7,212.4,4.88,66.3,Forest,Sandy,332.0,Good,4.22,1,3.58,5.27,0
4279,2.91,102.8,30.8,89.9,571.8,4.09,148.6,Agricultural,Sandy,188.0,Poor,5.57,0,3.83,4.72,0
4280,3.88,58.2,22.5,69.7,488.8,4.51,60.1,Wetland,Loamy,1192.0,Average,4.92,3,5.43,7.01,1
4281,7.11,124.8,36.6,80.4,486.1,7.15,21.8,Agricultural,Loamy,692.0,Average,5.35,3,6.97,4.09,1
4282,6.15,90.5,29.7,66.2,474.8,0.95,64.2,Agricultural,Silty,1787.0,Good,6.04,0,8.83,7.28,0
4283,4.83,177.3,23.5,75.2,238.5,2.67,104.2,Forest,Clay,235.0,Average,7.97,2,7.54,10.0,0
4284,4.61,107.7,26.7,75.8,272.9,4.96,84.2,Wetland,Sandy,860.0,Good,3.07,1,6.64,2.76,1
4285,3.26,256.1,27.4,72.3,294.0,6.65,84.4,Forest,Loamy,619.0,Average,1.63,1,6.06,6.78,0
4286,1.95,91.7,26.4,65.8,479.2,4.22,69.1,Urban,Clay,920.0,Poor,3.84,1,5.48,2.99,1
4287,7.63,17.6,26.5,71.6,447.6,4.44,19.9,Agricultural,Silty,144.0,Average,2.1,2,3.05,6.14,1
4288,3.8,215.5,28.8,53.8,368.7,1.97,352.0,Urban,Loamy,358.0,Average,4.03,1,8.81,5.48,0
4289,2.6,146.3,22.4,72.3,1401.6,4.61,16.1,Agricultural,Loamy,932.0,Average,5.06,0,7.91,3.45,1
4290,2.93,213.3,20.2,44.9,618.4,5.83,178.4,Forest,Loamy,402.0,Poor,7.71,0,8.32,6.77,0
4291,5.1,97.7,23.9,78.8,479.2,0.85,5.9,Agricultural,Clay,796.0,Good,6.73,1,2.87,3.64,0
4292,4.0,81.7,31.4,80.2,589.2,5.39,100.3,Urban,Sandy,208.0,Good,7.36,2,7.84,1.02,0
4293,5.94,174.9,25.5,87.9,245.2,2.03,113.1,Wetland,Silty,689.0,Good,5.89,0,4.02,7.08,0
4294,6.0,208.0,22.9,71.0,521.2,4.97,422.5,Urban,Clay,741.0,Average,5.16,1,1.71,3.58,0
4295,4.51,27.4,27.2,94.2,262.1,4.77,26.9,Urban,Clay,2405.0,Average,8.24,0,3.75,1.46,0
4296,5.35,211.1,25.0,67.2,834.6,4.14,132.2,Urban,Loamy,514.0,Good,6.99,2,2.4,5.58,1
4297,4.51,95.8,29.9,60.2,416.5,4.89,10.8,Agricultural,Loamy,759.0,Poor,4.71,1,4.51,4.66,0
4298,6.87,77.3,31.8,55.5,717.7,6.99,563.2,Agricultural,Clay,268.0,Poor,5.23,2,4.27,5.55,0
4299,9.31,59.5,30.9,75.8,261.1,4.25,99.2,Urban,Sandy,1037.0,Poor,7.71,1,1.2,6.54,0
4300,5.66,189.3,35.2,66.2,439.3,2.58,2.3,Forest,Loamy,561.0,Average,4.72,1,3.92,7.64,0
4301,5.72,252.8,22.8,61.1,316.8,5.13,153.9,Agricultural,Clay,301.0,Average,2.5,0,5.03,5.2,0
4302,4.65,288.8,27.0,68.5,365.4,1.29,205.1,Urban,Loamy,97.0,Average,8.49,2,3.54,4.78,0
4303,3.57,206.4,28.1,61.8,324.8,8.89,40.9,Agricultural,Sandy,479.0,Good,1.55,1,4.62,5.13,1
4304,7.23,26.6,23.9,67.2,144.8,7.48,586.4,Forest,Loamy,987.0,Poor,5.78,2,8.29,1.44,0
4305,5.03,112.6,29.6,69.1,205.5,4.47,477.3,Wetland,Clay,268.0,Good,5.41,0,6.14,3.9,0
4306,3.16,216.8,34.7,76.7,224.3,2.98,58.3,Forest,Clay,754.0,Average,6.67,1,7.75,3.69,0
4307,5.41,110.8,30.3,84.7,913.6,5.47,224.9,Agricultural,Sandy,972.0,Poor,0.06,0,4.68,3.98,1
4308,4.93,277.4,30.1,61.3,176.1,3.1,388.2,Urban,Clay,827.0,,4.01,1,1.84,5.71,0
4309,7.14,54.6,30.7,43.9,501.9,4.34,444.4,Agricultural,Loamy,1097.0,Good,7.18,1,2.52,4.63,0
4310,5.66,86.5,31.3,63.2,475.7,7.05,141.4,Agricultural,Loamy,809.0,Poor,9.01,1,3.75,4.98,0
4311,4.53,118.6,31.4,71.4,414.5,2.51,62.1,Urban,Silty,143.0,Good,4.07,2,7.79,2.86,0
4312,8.75,124.5,24.9,58.9,245.7,2.68,22.0,Agricultural,Loamy,1062.0,Average,5.69,0,1.54,4.38,0
4313,9.2,231.8,26.7,67.5,108.3,2.54,195.0,Wetland,Sandy,870.0,Average,6.58,2,7.47,6.6,0
4314,3.72,,33.3,81.6,229.4,3.91,253.8,Forest,Sandy,813.0,Good,5.61,0,7.74,6.13,0
4315,4.26,261.0,33.0,60.0,504.3,5.91,32.8,Urban,Sandy,1044.0,Good,5.33,1,8.7,5.11,0
4316,6.08,149.5,22.7,58.2,473.7,8.01,88.9,Barren,Clay,2053.0,Good,6.79,2,6.97,3.08,1
4317,2.38,178.2,24.3,,545.9,3.91,4.6,Agricultural,Clay,311.0,Poor,4.26,1,4.43,4.06,1
4318,6.96,201.1,25.1,75.8,476.1,5.43,77.0,Forest,Sandy,824.0,Poor,6.94,1,1.61,5.06,1
4319,8.39,204.9,26.7,76.2,218.2,6.04,209.9,Agricultural,Silty,443.0,Good,4.13,1,8.04,5.01,0
4320,6.4,207.4,34.2,91.1,482.5,5.35,67.1,Wetland,Loamy,119.0,Good,4.47,1,2.41,2.99,0
4321,1.17,93.3,29.3,54.7,765.6,1.83,13.6,Forest,Silty,1042.0,Good,9.55,2,3.68,4.72,0
4322,6.22,41.3,25.8,66.7,399.2,6.98,199.3,Forest,Loamy,855.0,Average,7.16,0,6.55,5.86,0
4323,4.83,98.0,31.6,53.6,756.5,5.36,24.0,Agricultural,Clay,588.0,Average,5.35,0,4.98,6.74,0
4324,1.36,182.4,20.1,46.7,800.0,2.94,131.0,Forest,Sandy,762.0,Poor,5.4,3,0.28,3.31,0
4325,7.1,315.8,24.1,81.4,409.5,5.45,336.6,Wetland,Clay,2968.0,Average,1.88,1,4.99,1.97,0
4326,1.35,155.5,31.8,,136.3,4.07,166.0,Forest,Loamy,463.0,Average,3.19,0,9.0,4.56,0
4327,3.66,226.5,24.5,67.0,245.1,3.38,235.0,Urban,Loamy,433.0,Poor,0.83,0,3.52,5.19,0
4328,10.0,137.6,29.6,56.6,881.5,3.77,58.5,Agricultural,Clay,1673.0,Good,7.12,2,6.15,4.73,1
4329,6.43,183.5,22.8,56.6,279.7,3.84,544.4,Wetland,Sandy,575.0,Poor,5.75,2,5.35,2.59,0
4330,7.8,203.5,31.0,56.9,358.3,0.0,56.5,Forest,Silty,795.0,Average,5.81,0,8.63,4.02,0
4331,3.66,173.1,20.6,87.1,340.4,2.25,97.6,Agricultural,Clay,796.0,Good,3.88,0,1.43,1.36,0
4332,7.11,52.9,21.3,70.8,742.8,3.55,988.8,Urban,Sandy,1441.0,Good,6.25,3,8.53,5.62,0
4333,3.15,176.8,26.3,57.4,400.4,4.96,163.8,Agricultural,Loamy,2748.0,Good,3.7,2,6.19,0.0,0
4334,8.38,143.5,31.0,54.8,408.6,5.71,453.0,Agricultural,Clay,1898.0,Poor,3.67,1,6.36,2.66,1
4335,0.96,78.3,26.3,64.1,228.2,2.62,393.3,Urban,Sandy,499.0,Average,2.14,2,3.6,4.07,0
4336,2.28,208.6,31.9,62.6,207.6,7.91,215.6,Forest,Clay,1464.0,Average,4.37,1,2.36,6.75,0
4337,5.68,96.1,26.7,,341.0,0.76,11.6,Urban,Clay,664.0,Poor,5.32,0,0.76,7.1,0
4338,3.75,354.0,24.2,66.3,497.9,3.4,72.1,Agricultural,Clay,1244.0,Average,3.02,1,7.62,5.22,0
4339,5.76,161.1,21.0,83.6,178.3,7.71,33.4,Agricultural,Sandy,2275.0,Average,,1,0.99,6.12,1
4340,5.99,201.5,32.4,63.6,1677.8,7.43,30.2,Wetland,Loamy,881.0,Good,2.2,2,6.83,6.09,1
4341,5.9,165.3,25.5,60.3,1057.9,7.76,84.0,Agricultural,Clay,735.0,Good,6.38,3,6.73,6.2,1
4342,8.01,95.5,29.3,54.8,672.9,4.36,22.7,Urban,Clay,109.0,Average,10.0,0,6.42,1.76,0
4343,7.88,258.7,26.3,100.0,1861.6,5.46,290.7,Urban,Sandy,416.0,Average,7.55,1,3.97,8.11,1
4344,5.8,83.6,31.4,82.8,391.0,3.9,11.4,Forest,Loamy,828.0,Poor,6.04,2,6.42,5.2,0
4345,8.28,169.8,32.0,82.6,658.3,6.81,77.5,Agricultural,Loamy,935.0,Average,7.06,1,7.39,6.37,1
4346,2.49,80.7,24.6,57.0,253.1,4.89,12.1,Wetland,Loamy,574.0,Average,3.91,2,5.2,5.67,0
4347,6.3,143.1,25.3,70.2,841.3,4.72,16.1,Urban,Sandy,591.0,Good,2.7,0,4.28,4.39,1
4348,7.39,273.1,29.0,56.8,850.7,8.47,150.2,Agricultural,Loamy,1181.0,Poor,3.37,2,2.07,5.75,1
4349,5.41,171.0,32.1,81.3,643.3,4.78,199.1,Forest,Clay,832.0,Poor,4.08,0,4.03,4.5,0
4350,4.12,126.3,21.5,71.2,218.3,0.13,128.5,Agricultural,Loamy,1379.0,Poor,7.87,0,2.01,7.33,0
4351,5.06,128.9,31.7,52.7,337.8,2.97,208.3,Wetland,Loamy,391.0,Average,5.75,2,0.12,4.94,0
4352,3.41,298.3,20.8,62.8,380.6,3.72,177.3,Agricultural,Silty,552.0,,5.26,2,9.98,6.71,1
4353,4.95,49.3,21.5,,784.8,2.08,161.3,Forest,Sandy,471.0,Poor,6.17,5,5.81,5.97,0
4354,6.24,189.2,21.7,76.2,613.3,10.52,181.6,Urban,Loamy,1795.0,Average,3.71,0,4.31,4.36,1
4355,5.48,296.6,26.8,66.1,746.3,3.26,141.6,Forest,Clay,577.0,Poor,0.83,1,4.32,6.99,1
4356,3.43,71.6,34.8,76.0,630.6,5.08,224.5,Urban,Clay,608.0,Average,2.99,0,1.5,5.78,1
4357,3.67,149.2,25.1,76.0,470.8,,0.7,Wetland,Sandy,375.0,Good,3.49,0,1.23,4.48,0
4358,6.95,122.5,24.9,63.3,273.0,5.35,1.6,Forest,Loamy,1305.0,Average,6.27,0,8.18,6.62,1
4359,5.09,51.6,26.3,69.4,730.7,6.21,20.0,Wetland,Sandy,1143.0,Average,4.15,0,2.83,4.49,1
4360,2.8,92.6,28.5,71.2,260.4,0.81,119.0,Agricultural,Silty,442.0,Good,7.38,2,2.44,3.08,0
4361,5.73,155.8,22.2,66.0,540.2,5.02,33.0,Agricultural,Clay,186.0,Average,4.1,0,8.8,6.94,1
4362,4.35,84.4,21.0,77.9,713.6,7.6,398.9,Agricultural,Clay,1413.0,Poor,7.32,2,4.1,6.24,1
4363,2.27,134.4,18.7,56.9,258.9,4.07,127.7,Agricultural,Loamy,1596.0,Average,6.75,2,2.86,5.0,0
4364,2.57,178.5,24.2,77.1,762.4,7.6,129.5,Forest,Sandy,296.0,Poor,3.66,0,7.61,6.64,1
4365,4.35,305.1,34.4,60.9,487.2,7.78,379.2,Agricultural,Sandy,190.0,Poor,6.29,3,2.6,1.33,0
4366,1.94,116.3,27.7,87.2,239.8,1.65,18.2,Barren,Loamy,233.0,,9.5,0,0.86,6.73,0
4367,5.04,367.0,30.3,78.0,136.4,2.23,33.4,Agricultural,Sandy,293.0,Average,1.13,1,3.95,4.04,1
4368,3.45,123.8,35.1,61.1,160.5,5.36,148.5,Urban,Clay,656.0,Average,3.89,1,6.9,6.15,0
4369,8.17,157.4,21.7,63.8,514.3,5.17,450.9,Wetland,Loamy,1367.0,Poor,5.74,1,2.86,3.5,0
4370,4.96,231.0,29.6,65.1,389.9,2.13,247.8,Agricultural,Loamy,393.0,Average,4.92,3,3.86,4.17,0
4371,2.28,82.5,24.6,89.0,399.3,4.08,164.1,Agricultural,Clay,303.0,Poor,7.52,0,5.21,10.0,0
4372,7.59,129.2,25.5,61.5,524.8,8.24,128.1,Forest,Silty,891.0,Average,5.09,3,7.59,0.51,1
4373,3.38,152.9,26.2,66.0,66.2,3.57,210.0,Agricultural,Loamy,1564.0,Average,7.33,1,2.89,6.02,0
4374,6.44,235.5,25.7,83.1,867.9,4.67,59.0,Urban,Sandy,902.0,Poor,6.33,2,10.0,4.76,1
4375,3.42,172.6,23.3,65.8,429.2,5.99,8.3,Agricultural,Loamy,1362.0,Poor,3.67,1,7.1,3.24,1
4376,6.13,120.4,30.7,73.1,180.1,6.4,99.1,Barren,Loamy,630.0,Average,7.11,2,2.4,3.44,0
4377,5.35,198.7,22.3,48.7,725.3,6.98,62.9,Urban,Loamy,218.0,Average,7.43,2,5.22,5.29,1
4378,2.0,98.5,27.6,72.3,272.1,1.92,27.7,Urban,Silty,1861.0,Poor,8.76,0,8.31,3.82,0
4379,6.23,216.5,32.3,60.0,139.7,6.96,189.7,Wetland,Loamy,1303.0,Good,10.0,1,8.69,0.0,0
4380,10.0,68.4,21.9,53.8,446.4,4.59,215.9,Barren,Loamy,889.0,Poor,4.8,2,5.8,5.87,1
4381,0.13,79.0,24.4,78.6,188.4,2.79,67.5,Wetland,Silty,761.0,Average,7.6,2,1.08,6.1,0
4382,5.93,183.2,23.0,73.8,552.8,2.82,335.8,Wetland,Silty,737.0,Poor,4.99,3,5.46,7.29,0
4383,4.21,85.8,23.2,90.8,337.6,5.44,166.5,Forest,Loamy,305.0,Average,3.0,2,0.15,8.17,0
4384,10.0,72.5,28.1,68.0,243.0,6.53,165.4,Urban,Silty,647.0,Poor,3.2,1,3.43,7.7,1
4385,4.89,204.3,28.4,62.3,120.2,2.21,112.8,Agricultural,Clay,1045.0,Average,2.76,3,7.55,5.24,1
4386,7.72,157.9,23.1,71.8,194.6,9.34,25.2,Wetland,Loamy,578.0,Good,6.48,1,7.69,7.45,1
4387,2.95,357.1,32.1,66.1,719.3,3.21,186.1,Agricultural,Sandy,976.0,Average,2.97,2,5.8,3.42,0
4388,7.81,78.6,28.2,60.8,637.7,6.42,136.2,Wetland,Loamy,931.0,Average,4.58,2,7.55,4.37,1
4389,3.62,89.1,21.2,66.8,221.5,4.95,199.7,Agricultural,Loamy,684.0,Average,,1,5.34,2.15,0
4390,9.0,209.1,24.1,66.3,262.8,6.44,427.2,Wetland,Loamy,420.0,Average,3.5,1,3.68,3.31,0
4391,3.78,105.5,25.7,68.0,444.0,4.14,10.6,Forest,Clay,252.0,Average,8.26,0,5.78,6.68,0
4392,8.77,190.3,22.7,66.0,355.5,1.4,148.1,Wetland,Sandy,738.0,Average,6.86,1,5.85,4.56,0
4393,5.23,234.8,29.2,87.4,985.6,1.29,31.6,Wetland,Sandy,1022.0,Good,1.44,2,6.49,4.38,1
4394,6.5,140.8,27.1,70.3,234.7,2.44,7.8,Agricultural,Sandy,989.0,Good,9.48,0,2.64,6.82,0
4395,0.32,107.1,25.3,68.8,125.2,4.54,162.5,Agricultural,Clay,1872.0,Poor,,1,3.83,3.91,0
4396,4.55,156.5,29.0,70.4,164.7,4.8,55.6,Agricultural,Silty,144.0,Poor,0.0,1,3.44,7.38,1
4397,5.86,160.7,20.0,79.2,493.8,6.07,28.3,Agricultural,Sandy,680.0,Good,2.8,1,9.2,2.63,0
4398,3.3,223.4,25.8,62.8,301.3,0.0,188.6,Agricultural,Clay,790.0,Good,5.47,0,10.0,6.82,0
4399,0.0,247.0,30.5,65.0,277.3,3.97,245.5,Urban,Clay,708.0,Poor,0.0,1,3.76,3.7,0
4400,4.52,193.0,28.6,66.0,405.8,6.99,48.1,Forest,Clay,400.0,Average,5.97,0,3.65,1.21,0
4401,4.84,,28.9,52.1,299.0,0.55,45.3,Urban,Sandy,737.0,Good,4.15,2,6.82,2.92,0
4402,3.73,297.5,30.1,74.8,199.4,3.08,179.3,Urban,Sandy,432.0,Good,4.81,2,9.88,3.91,0
4403,10.0,77.7,28.8,68.5,731.5,1.84,85.3,Agricultural,Sandy,952.0,Average,2.9,0,0.07,3.65,0
4404,3.14,184.0,29.3,58.7,950.7,,19.6,Urban,Silty,1114.0,Poor,7.52,1,4.64,7.71,1
4405,8.31,123.5,28.5,72.8,642.9,4.89,34.6,Agricultural,Clay,1345.0,,2.84,2,6.85,1.49,1
4406,4.18,124.6,19.9,62.2,605.3,5.42,168.2,Wetland,Clay,1502.0,Poor,,1,5.54,9.49,1
4407,6.51,155.8,30.9,76.3,480.7,3.77,125.1,Agricultural,Clay,1594.0,Good,5.71,1,10.0,4.37,1
4408,7.62,34.5,25.7,70.6,219.5,2.61,57.6,Urban,Loamy,412.0,Average,4.52,0,10.0,3.41,1
4409,1.96,17.1,24.7,,481.4,,140.2,Forest,Clay,1026.0,Good,6.58,1,2.58,4.75,0
4410,5.01,,21.1,59.2,771.8,,9.6,Agricultural,Sandy,1091.0,Good,2.36,1,6.34,10.0,1
4411,6.61,141.4,24.4,83.0,733.7,,105.6,Barren,Silty,749.0,Average,4.73,1,5.18,2.89,0
4412,6.63,307.8,27.2,87.7,84.5,6.33,20.0,Forest,Clay,93.0,Poor,6.5,2,5.74,7.77,1
4413,4.36,211.2,22.4,66.7,306.4,5.59,67.1,Forest,Loamy,101.0,Poor,5.06,1,5.33,3.13,1
4414,5.61,135.9,24.8,68.9,690.0,0.0,98.5,Agricultural,Silty,636.0,Poor,4.87,3,3.59,2.02,0
4415,6.76,255.0,34.3,62.8,402.4,4.49,157.4,Agricultural,Clay,2060.0,Average,2.47,1,7.11,5.26,1
4416,5.66,415.6,25.8,85.2,782.0,4.17,176.0,Forest,Silty,510.0,Poor,8.47,0,8.57,6.03,0
4417,7.4,42.4,28.6,,171.8,2.83,36.9,Urban,Silty,1376.0,Average,4.57,0,1.1,3.74,0
4418,6.4,101.2,30.4,76.2,796.1,1.1,142.3,Agricultural,Loamy,1315.0,Average,1.02,0,7.76,8.21,0
4419,7.72,205.6,24.9,33.8,359.9,4.09,145.2,Wetland,Sandy,816.0,Good,2.68,0,8.45,5.53,0
4420,3.72,388.4363851593738,33.3,78.8,1297.8,5.21,32.4,Urban,Sandy,291.0,Average,7.02,1,5.96,7.55,1
4421,6.31,191.4,18.9,86.4,494.7,5.68,48.1,Urban,Sandy,687.0,Average,6.02,2,1.11,6.51,1
4422,10.0,180.5,21.6,55.3,165.7,4.96,207.7,Urban,Clay,431.0,Average,7.52,2,0.93,3.07,0
4423,3.44,174.0,29.4,98.4,406.5,4.67,158.2,Urban,Sandy,764.0,Average,6.0,1,4.48,4.8,0
4424,4.72,147.9,24.2,82.1,345.1,6.25,51.8,Barren,Loamy,327.0,Poor,2.41,1,0.0,6.12,1
4425,2.01,143.2,25.9,49.1,450.3,7.39,71.3,Forest,Clay,865.0,Average,4.7,0,4.86,0.0,0
4426,3.9,66.3,27.1,59.1,237.7,3.44,40.1,Forest,Sandy,410.0,Average,4.54,2,1.56,5.52,0
4427,4.55,240.3,21.4,65.7,618.9,3.97,292.8,Agricultural,Loamy,225.0,Poor,6.32,0,10.0,2.82,0
4428,5.84,75.2,30.9,59.0,387.6,6.37,162.3,Agricultural,Sandy,904.0,Good,0.24,0,7.09,6.45,1
4429,5.79,266.1,28.9,82.6,264.7,6.5,27.4,Urban,Sandy,487.0,Good,3.3,1,3.99,5.65,1
4430,2.9,93.0,21.2,63.1,159.2,5.37,531.5,Forest,Sandy,754.0,Poor,3.75,1,4.05,5.72,0
4431,3.75,157.9,27.3,92.9,114.4,3.87,512.4,Agricultural,Sandy,677.0,Good,8.01,1,8.65,1.57,0
4432,3.48,117.2,30.9,74.4,765.0,1.4,214.9,Urban,Silty,303.0,Good,2.7,2,2.03,6.22,0
4433,5.96,297.4,33.4,82.1,495.1,2.02,78.2,Urban,Clay,448.0,Good,4.45,1,7.96,3.25,0
4434,0.43,81.9,19.2,63.1,835.0,0.95,51.6,Urban,Loamy,623.0,Good,6.46,1,5.45,4.34,0
4435,5.79,120.0,29.9,76.1,584.1,0.0,90.2,Forest,Loamy,80.0,Poor,6.42,0,8.3,6.63,0
4436,3.79,,25.8,72.4,311.6,2.93,63.9,Urban,Clay,386.0,Average,6.89,3,5.46,8.15,1
4437,6.78,,29.8,65.6,213.8,1.59,94.8,Urban,Sandy,443.0,Poor,3.65,0,4.62,1.96,1
4438,2.76,84.1,30.8,58.8,243.3,2.44,202.6,Forest,Sandy,1784.0,Average,1.24,1,8.26,4.15,0
4439,4.65,178.0,29.9,60.8,234.5,3.82,20.7,Agricultural,Sandy,598.0,Poor,7.26,1,5.89,4.86,0
4440,6.38,318.2,21.9,86.4,499.7,6.09,34.2,Agricultural,Clay,439.0,Average,5.2,0,3.85,3.53,1
4441,2.4,98.9,31.2,81.5,476.6,8.04,157.7,Urban,Clay,1056.0,Average,4.08,2,6.31,6.92,1
4442,3.81,131.4,26.4,69.6,840.6,1.72,4.2,Agricultural,Clay,586.0,Poor,1.35,3,8.22,7.87,1
4443,8.06,61.0,28.5,72.3,608.3,4.7,39.1,Forest,Clay,225.0,Poor,8.98,3,7.64,5.33,1
4444,3.62,185.9,31.3,69.2,592.5,0.0,68.1,Wetland,Silty,170.0,Poor,7.19,1,5.06,2.81,0
4445,5.56,164.7,25.4,76.0,265.0,1.5,411.8,Barren,Loamy,305.0,Good,4.82,1,8.91,2.5,0
4446,5.43,117.1,27.0,59.4,545.5,3.01,50.6,Wetland,Loamy,1256.0,Average,7.64,0,3.6,7.24,0
4447,3.97,,27.6,65.6,165.3,1.76,450.2,Wetland,Sandy,318.0,Good,5.94,0,4.46,5.91,0
4448,0.3,113.7,25.0,50.6,352.8,3.68,63.9,Urban,Loamy,1220.0,Good,6.75,4,3.28,3.81,0
4449,7.19,121.5,23.6,74.1,416.2,1.13,23.7,Wetland,Clay,297.0,Average,2.44,2,8.38,5.89,1
4450,4.88,169.2,26.3,69.0,535.5,4.69,60.5,Wetland,Loamy,370.0,Good,3.56,2,2.58,5.6,0
4451,3.37,120.1,27.6,87.1,54.0,4.87,22.5,Urban,Silty,595.0,Average,8.18,1,3.58,3.04,1
4452,5.91,246.3,27.9,61.6,277.9,3.53,148.4,Forest,Loamy,260.0,Good,10.0,3,3.49,5.42,0
4453,7.09,84.8,27.5,82.4,881.8,6.08,152.0,Forest,Loamy,831.0,Poor,4.92,2,4.29,8.18,1
4454,7.42,63.3,26.8,66.7,158.6,4.46,93.0,Wetland,Sandy,562.0,Poor,6.97,1,7.04,4.55,1
4455,3.14,242.8,30.1,57.2,568.2,3.76,365.2,Wetland,Clay,252.0,Average,5.38,2,5.79,4.12,0
4456,7.19,260.2,27.7,72.2,783.9,3.52,269.6,Agricultural,Silty,1556.0,Average,4.29,0,4.3,7.96,1
4457,4.7,161.5,25.3,61.5,265.8,4.0,297.0,Agricultural,Loamy,508.0,Average,0.29,2,6.54,4.25,0
4458,9.52,99.3,26.5,80.5,93.0,4.52,52.9,Agricultural,Loamy,439.0,Average,4.51,0,3.8,4.01,1
4459,3.26,176.2,31.6,63.6,402.2,4.21,90.9,Agricultural,Clay,1015.0,Good,3.59,0,8.64,5.64,0
4460,5.65,397.2,29.7,85.4,345.7,5.4,14.1,Agricultural,Clay,347.0,Poor,5.64,2,3.77,2.57,1
4461,2.81,121.6,24.0,57.2,460.0,3.15,207.8,Forest,Silty,214.0,Average,1.28,1,6.86,5.88,0
4462,6.09,47.6,22.1,48.3,266.1,9.71,75.1,Urban,Sandy,463.0,Poor,6.15,1,5.73,8.21,1
4463,5.11,110.3,30.7,,239.2,2.09,219.2,Wetland,Clay,131.0,Average,3.94,3,5.54,1.26,0
4464,8.85,116.6,30.3,80.1,2817.932614290754,1.9,203.6,Wetland,Clay,533.0,Average,5.48,1,2.43,4.02,1
4465,5.22,,31.5,61.0,518.4,,106.8,Forest,Loamy,505.0,Average,6.61,1,3.19,2.91,0
4466,3.82,141.9,29.2,85.7,499.4,4.87,17.7,Urban,Sandy,174.0,Poor,6.23,0,7.3,1.23,1
4467,6.97,124.4,19.6,68.5,174.6,5.46,67.7,Forest,Loamy,537.0,Good,1.3,0,3.8,3.88,0
4468,5.85,133.9,23.0,77.7,381.9,6.72,391.7,Wetland,Loamy,515.0,Good,6.58,2,5.2,1.44,0
4469,1.75,67.4,19.8,70.1,412.1,6.48,8.3,Wetland,Sandy,466.0,Good,1.1,2,1.13,6.22,1
4470,3.36,213.2,23.0,61.3,486.2,6.95,71.6,Urban,Sandy,1837.0,Average,6.46,1,4.7,3.96,0
4471,6.23,129.4,28.6,57.3,790.1,5.49,97.1,Forest,Sandy,771.0,Good,5.99,0,2.86,7.18,0
4472,4.57,214.8,21.5,80.3,409.6,3.8,115.0,Agricultural,Clay,1042.0,Average,7.12,1,7.98,2.61,0
4473,4.42,130.9,29.1,69.3,1016.9,1.96,1.7,Wetland,Loamy,121.0,Average,7.0,0,3.73,5.73,0
4474,4.82,117.8,25.6,70.2,307.9,6.78,386.3,Barren,Clay,381.0,Average,3.92,4,1.6,4.01,0
4475,5.86,333.8,25.7,66.1,152.1,4.48,106.3,Urban,Clay,1475.0,Good,6.52,0,6.41,7.98,0
4476,9.77,192.7,30.2,73.9,102.9,5.96,475.1,Urban,Clay,130.0,Average,2.06,1,6.19,5.85,0
4477,4.38,33.2,28.3,72.8,814.1,2.9,344.3,Agricultural,Loamy,436.0,Average,3.22,0,6.71,4.36,0
4478,2.02,147.4,31.3,73.6,131.5,7.83,185.9,Barren,Clay,468.0,Good,5.57,1,3.98,4.98,0
4479,1.91,240.5,29.3,51.3,196.3,4.61,182.2,Agricultural,Sandy,1438.0,Good,7.67,0,4.33,4.2,0
4480,5.28,144.4,29.0,67.9,524.5,6.58,15.1,Urban,Clay,183.0,,8.33,3,6.83,5.99,1
4481,7.38,41.2,24.7,82.3,870.4,6.5,65.2,Agricultural,Loamy,3124.0,Average,3.7,0,4.89,5.0,1
4482,2.87,251.1,21.5,72.7,628.8,5.81,107.1,Barren,Clay,1440.0,Average,7.62,0,6.2,3.22,0
4483,3.74,159.0,30.5,68.6,78.2,8.62,142.4,Urban,Loamy,554.0,Poor,3.86,1,6.94,2.94,1
4484,7.47,85.5,26.3,71.7,743.8,5.85,116.5,Agricultural,Sandy,1443.0,Average,8.59,2,2.88,4.95,1
4485,2.88,166.8,29.9,63.2,360.0,6.74,257.1,Agricultural,Sandy,1004.0,Average,5.61,3,0.0,3.71,0
4486,4.15,84.6,33.7,75.4,316.5,6.23,105.5,Wetland,Silty,181.0,Poor,2.53,1,4.31,8.01,1
4487,8.66,82.1,24.8,74.9,182.8,5.88,50.4,Agricultural,Clay,634.0,Average,5.06,2,3.62,4.66,1
4488,6.28,96.5,25.7,68.0,462.9,7.35,298.0,Urban,Silty,1569.0,Poor,2.8,2,6.82,5.5,1
4489,4.87,107.4,28.0,63.7,535.0,6.93,225.7,Agricultural,Loamy,531.0,Poor,3.68,2,3.06,2.02,1
4490,5.32,437.3,36.4,81.6,242.2,4.68,184.1,Agricultural,Clay,681.0,Poor,4.8,2,10.0,2.31,1
4491,4.51,167.8,25.6,71.9,217.5,3.62,19.4,Agricultural,Loamy,846.0,Average,0.31,2,6.42,3.64,1
4492,5.22,89.6,29.1,64.6,547.8,5.76,3.4,Urban,Silty,335.0,Poor,,1,5.7,6.21,1
4493,4.87,62.3,27.5,75.9,589.7,8.97,48.0,Wetland,Silty,770.0,Good,1.94,0,5.13,6.05,1
4494,2.78,191.2,28.8,65.3,62.1,6.82,17.5,Urban,Loamy,1544.0,Average,4.2,1,4.14,4.93,1
4495,4.75,137.1,28.6,75.7,172.6,2.63,192.1,Wetland,Silty,1232.0,Average,7.17,0,7.3,2.55,0
4496,4.75,66.3,28.4,82.7,456.7,6.76,255.0,Wetland,Sandy,3105.0,Poor,3.73,0,3.28,1.63,1
4497,4.15,128.4,30.0,55.9,355.9,5.58,249.0,Urban,Sandy,321.0,Average,7.02,2,4.89,7.72,0
4498,8.5,305.9,25.9,47.7,423.9,4.78,61.0,Forest,Sandy,131.0,Average,5.19,1,6.76,4.6,0
4499,6.51,302.7,23.1,39.9,250.9,6.55,150.2,Urban,Sandy,331.0,Average,9.51,2,8.11,3.07,0
4500,4.3,62.4,26.4,56.1,389.3,7.22,81.0,Urban,Silty,1525.0,Poor,2.98,1,2.56,6.27,1
4501,4.6,178.8,35.8,51.1,597.5,6.12,84.0,Forest,Sandy,1654.0,Good,4.45,0,4.91,2.52,0
4502,6.82,65.0,26.8,60.8,288.9,5.12,38.6,Agricultural,Clay,583.0,Average,0.42,1,1.42,8.65,1
4503,0.65,286.2,22.8,66.1,336.7,6.83,75.8,Forest,Clay,735.0,Poor,6.56,1,8.03,6.06,0
4504,3.63,64.0,28.9,94.9,858.8,2.14,104.7,Urban,Silty,286.0,Poor,3.31,1,2.06,6.89,1
4505,3.17,222.4,31.9,78.0,290.1,3.05,154.2,Urban,Loamy,921.0,Poor,8.05,0,1.74,3.89,0
4506,1.52,82.6,22.7,68.6,416.8,6.6,122.2,Forest,Clay,628.0,,2.3,1,4.05,3.64,0
4507,6.55,44.2,31.8,61.7,302.5,4.56,31.7,Urban,Sandy,1162.0,Average,4.65,0,4.85,4.07,0
4508,7.78,86.1,25.7,52.6,179.7,5.98,348.2,Forest,Loamy,366.0,Good,7.3,1,9.34,8.32,0
4509,3.22,407.8,34.4,60.2,214.1,6.08,15.1,Agricultural,Loamy,846.0,Good,4.16,0,3.75,8.13,1
4510,6.26,92.5,25.8,73.6,362.0,4.37,60.9,Forest,Loamy,112.0,Average,4.3,2,3.34,4.54,0
4511,0.0,110.6,26.3,57.1,882.9,5.48,223.3,Urban,Sandy,2603.0,Poor,5.25,4,6.6,8.68,1
4512,6.1,127.1,28.0,71.1,685.2,5.21,5.0,Agricultural,Loamy,838.0,Good,3.25,0,6.4,3.55,1
4513,4.51,46.3,28.8,81.3,1294.3,5.97,87.3,Urban,Clay,1569.0,Good,5.61,2,4.27,5.88,1
4514,3.86,106.3,22.1,,242.8,3.28,8.2,Barren,Clay,972.0,Poor,5.97,2,5.07,7.62,0
4515,3.72,95.7,26.9,51.4,274.4,4.55,144.6,Wetland,Loamy,1023.0,Poor,0.07,3,0.29,5.52,1
4516,2.37,379.7,17.6,77.4,159.4,3.32,6.6,Urban,Silty,1089.0,Poor,1.7,1,3.41,2.25,1
4517,5.19,64.3,37.0,60.6,268.3,4.56,8.2,Urban,Sandy,583.0,Good,5.51,0,3.46,2.98,0
4518,4.79,143.7,22.4,65.3,131.4,4.04,54.0,Forest,Clay,511.0,Average,2.3,0,1.8,2.46,0
4519,5.35,147.8,29.2,46.8,241.6,4.34,182.2,Forest,Loamy,3784.0,Poor,3.99,0,5.52,7.79,0
4520,3.85,253.2,29.0,76.8,232.0,4.16,0.6,Barren,Clay,838.0,Average,2.88,2,6.0,6.58,1
4521,3.91,138.3,25.8,74.7,600.6,6.78,71.1,Barren,Sandy,208.0,Poor,4.36,0,4.4,1.01,0
4522,5.11,109.7,21.8,67.1,363.6,5.7,492.0,Urban,Loamy,1002.0,Average,6.39,0,0.27,3.96,0
4523,4.3,90.4,21.0,74.8,213.2,3.0,136.0,Agricultural,Clay,2410.0,Average,5.36,0,4.67,6.6,0
4524,4.64,83.9,26.2,67.2,619.8,4.59,79.4,Agricultural,Silty,177.0,Average,7.16,3,5.25,5.66,1
4525,8.69,299.6,29.7,69.0,1766.9,6.8,189.0,Urban,Clay,245.0,Average,3.78,0,1.73,5.39,1
4526,2.68,200.2,36.6,65.7,816.6,4.4,19.9,Wetland,Loamy,309.0,Average,4.23,0,6.94,8.1,1
4527,5.77,179.7,24.7,69.9,499.0,6.79,12.0,Barren,Clay,216.0,Poor,5.55,0,3.45,6.62,1
4528,9.17,158.2,31.0,85.0,331.3,4.65,35.9,Forest,Sandy,1361.0,Average,5.99,1,3.96,3.82,0
4529,5.74,167.9,27.3,49.9,700.5,1.8,175.5,Forest,Loamy,891.0,Poor,6.61,2,4.02,4.42,0
4530,3.35,90.7,30.2,80.7,682.4,4.73,186.6,Barren,Sandy,1373.0,Good,3.33,2,0.7,5.55,0
4531,6.83,96.0,23.9,66.2,199.3,3.48,2.9,Forest,Loamy,2552.0,Average,6.76,1,5.8,5.7,0
4532,4.95,226.6,21.8,91.9,720.9,,213.9,Urban,Loamy,2743.0,Good,6.61,1,3.44,4.78,1
4533,7.49,122.4,28.9,54.7,389.1,6.86,89.0,Agricultural,Silty,622.0,Poor,4.12,2,1.92,3.71,1
4534,5.22,156.5,27.6,83.4,771.5,4.16,71.6,Agricultural,Clay,295.0,Average,6.78,0,5.7,6.95,0
4535,3.09,141.7,25.9,64.0,636.0,5.27,87.2,Urban,Sandy,951.0,Average,2.8,1,3.01,7.5,1
4536,1.16,232.7,26.2,65.9,695.3,7.57,299.9,Wetland,Loamy,262.0,Poor,3.81,2,2.31,8.21,0
4537,1.48,265.0,25.7,76.3,398.5,3.92,81.7,Agricultural,Silty,4590.0,Average,5.06,1,10.0,4.51,1
4538,6.01,272.3,25.7,73.5,730.1,3.7,45.5,Agricultural,Loamy,1351.0,Average,6.95,0,4.58,4.14,0
4539,7.38,91.4,30.0,60.2,233.2,3.84,78.8,Agricultural,Loamy,364.0,Average,3.51,2,4.6,4.27,1
4540,9.38,214.7,28.2,87.8,202.8,2.81,82.7,Urban,Loamy,260.0,Poor,6.35,1,3.36,4.13,0
4541,4.62,97.9,26.3,70.1,319.6,3.83,261.2,Wetland,Loamy,277.0,Poor,4.96,2,7.12,6.1,0
4542,5.15,284.6,25.3,67.9,166.5,2.75,25.9,Forest,Silty,90.0,Average,6.42,2,4.55,5.23,0
4543,2.86,58.1,21.9,51.9,116.3,1.92,119.3,Barren,Clay,489.0,Poor,4.67,1,5.17,3.69,0
4544,3.91,201.6,29.6,72.0,188.2,4.12,157.6,Agricultural,Silty,1754.0,Poor,9.19,0,3.66,3.94,0
4545,3.68,258.1,29.1,60.3,618.1,4.5,156.1,Barren,Clay,214.0,Average,6.54,1,2.32,3.47,0
4546,5.89,185.2,22.2,60.2,181.3,1.96,983.6,Urban,Loamy,919.0,Poor,4.79,1,3.85,5.36,0
4547,8.33,139.2,27.4,83.9,359.3,2.75,50.3,Forest,Clay,1652.0,Good,5.89,0,5.97,4.74,0
4548,6.65,167.2,30.8,69.3,361.9,3.9,140.2,Wetland,Sandy,1186.0,Average,5.97,1,4.92,2.72,0
4549,3.03,166.2,26.2,65.4,383.8,6.48,56.5,Wetland,Clay,1747.0,Average,5.05,1,4.65,7.02,1
4550,1.87,305.2,29.4,62.0,218.1,5.48,60.2,Forest,Loamy,177.0,Poor,7.0,0,6.29,1.72,0
4551,8.87,225.9,24.4,54.8,622.4,1.56,213.0,Forest,Loamy,922.0,Good,6.33,0,5.59,2.66,0
4552,3.18,93.7,24.8,62.7,376.7,5.17,138.5,Urban,Sandy,1159.0,Good,7.22,2,3.51,4.59,0
4553,1.78,72.9,27.8,55.6,351.4,7.85,45.1,Forest,Sandy,1136.0,Poor,4.12,1,6.63,3.85,1
4554,6.82,189.0,28.4,91.8,570.8,1.88,93.7,Urban,Sandy,116.0,Poor,3.23,2,1.62,6.76,0
4555,4.66,105.9,34.0,75.4,998.8,1.71,168.3,Barren,Sandy,61.0,Average,6.22,1,2.32,7.4,0
4556,2.49,163.1,27.3,56.0,173.1,7.48,12.0,Wetland,Clay,181.0,Poor,3.17,0,4.06,4.75,1
4557,2.53,1349.9558430648688,28.9,61.7,422.0,5.16,109.4,Urban,Silty,585.0,Good,2.34,3,6.3,2.79,1
4558,7.65,219.6,25.9,61.5,205.9,3.36,53.1,Forest,Sandy,441.0,Average,9.31,2,3.21,8.12,0
4559,0.0,76.4,29.5,64.9,353.9,3.48,78.7,Urban,Clay,1241.0,Good,4.51,1,1.46,3.13,0
4560,5.25,229.9,27.0,83.9,297.8,3.29,0.7,Urban,Sandy,785.0,Good,6.04,1,5.3,3.98,0
4561,7.18,66.8,29.0,63.1,216.0,,761.5,Urban,Clay,693.0,Average,7.48,2,1.41,3.28,0
4562,8.16,47.2,29.1,82.9,528.9,2.58,10.1,Urban,Loamy,966.0,Good,1.93,1,2.54,5.87,1
4563,4.33,91.4,30.3,67.6,750.0,3.64,54.6,Agricultural,Clay,392.0,Average,3.99,2,4.11,5.99,1
4564,4.88,73.5,25.6,71.9,232.8,4.88,96.8,Agricultural,Silty,68.0,Average,4.8,0,2.99,8.3,0
4565,4.46,,27.0,73.8,345.6,7.2,252.0,Agricultural,Silty,445.0,Good,5.65,1,2.82,7.57,0
4566,6.33,135.5,22.5,83.4,403.7,,17.0,Agricultural,Sandy,1445.0,Poor,4.96,1,6.04,0.98,1
4567,3.88,128.4,31.1,65.7,453.1,3.92,345.2,Urban,Sandy,398.0,Average,10.0,6,8.94,5.31,0
4568,1.24,1720.0885474711881,25.4,,508.8,2.67,97.5,Urban,Clay,323.0,Poor,5.87,1,6.41,5.31,0
4569,4.49,78.1,35.0,71.4,225.9,3.88,85.7,Urban,Sandy,462.0,Good,6.83,0,5.17,4.08,0
4570,3.43,178.04851007696976,28.4,50.7,167.6,5.8,166.2,Agricultural,Clay,519.0,Average,6.86,1,3.26,3.23,0
4571,5.24,298.2,32.4,71.1,282.7,7.58,57.4,Forest,Clay,474.0,Good,0.87,2,5.12,5.15,1
4572,4.84,74.7,20.4,85.1,145.3,3.2,64.2,Wetland,Silty,1125.0,Good,7.57,0,7.15,8.09,0
4573,4.29,161.0,26.3,69.8,94.4,5.38,19.7,Forest,Loamy,1981.0,Average,8.99,0,5.36,5.44,0
4574,6.54,59.0,27.2,63.8,332.0,2.6,140.1,Wetland,Sandy,4491.0,Good,7.24,2,5.6,6.76,0
4575,3.93,90.2,26.1,78.9,574.6,3.45,23.1,Urban,Sandy,470.0,Average,0.62,0,1.39,5.79,0
4576,4.95,78.5,20.7,69.9,188.4,7.01,571.4,Urban,Clay,508.0,Good,6.72,2,7.33,8.99,0
4577,7.43,151.3,22.2,59.9,279.9,0.0,50.9,Wetland,Loamy,707.0,Average,6.42,1,5.31,5.2,0
4578,2.97,135.0,27.7,83.7,374.2,3.13,2.0,Wetland,Loamy,267.0,Poor,2.97,1,7.22,2.11,0
4579,7.71,182.2,26.1,81.7,312.9,9.16,121.2,Urban,Clay,422.0,Good,5.76,2,2.41,4.31,1
4580,5.75,157.1,30.9,67.0,231.4,2.59,41.9,Forest,Sandy,786.0,Average,7.05,2,8.29,4.56,0
4581,6.09,215.9,28.5,79.5,618.7,7.12,122.2,Urban,Clay,512.0,Average,4.42,0,2.94,3.76,1
4582,4.99,109.2,28.2,78.2,428.5,6.77,193.0,Agricultural,Sandy,922.0,Good,5.79,0,2.56,7.01,0
4583,3.42,29.5,31.6,81.9,344.4,2.92,18.3,Urban,Silty,513.0,Good,1.26,1,5.29,2.4,1
4584,4.67,,25.7,60.0,686.9,3.55,31.5,Urban,Clay,265.0,Good,0.02,0,3.82,5.37,0
4585,4.24,103.9,28.9,71.2,797.4,2.26,188.5,Forest,Loamy,870.0,Poor,8.69,1,3.94,3.67,0
4586,7.57,216.6,19.9,94.7,919.0,4.59,230.3,Barren,Loamy,1349.0,Average,7.18,1,6.44,7.86,0
4587,3.23,110.2,24.2,69.4,399.3,7.05,103.2,Forest,Sandy,220.0,Poor,4.19,1,0.92,4.95,0
4588,7.41,141.0,26.2,79.1,852.7,2.95,638.5,Forest,Silty,639.0,Good,5.72,3,4.76,2.01,0
4589,5.01,207.1,29.7,80.6,221.5,7.62,188.0,Forest,Silty,649.0,Good,2.65,3,2.16,5.63,0
4590,7.25,,29.6,70.0,283.8,8.88,36.6,Agricultural,Sandy,1424.0,Average,4.02,0,6.87,6.34,1
4591,5.75,82.4,24.0,72.1,316.4,3.82,18.5,Agricultural,Clay,548.0,Poor,4.97,2,7.22,5.97,1
4592,5.26,194.6,23.5,80.0,302.8,1.44,609.7,Forest,Silty,70.0,Good,5.03,0,1.11,3.38,0
4593,3.23,152.4,29.1,70.8,404.9,2.39,127.4,Wetland,Loamy,955.0,Good,6.31,2,2.92,5.25,0
4594,7.12,80.5,26.9,78.8,134.2,5.26,155.8,Wetland,Clay,771.0,Average,4.67,2,2.85,6.54,1
4595,0.69,149.0,26.7,61.3,311.1,4.04,19.8,Agricultural,Sandy,300.0,Average,8.13,0,4.36,3.78,0
4596,6.1,309.3,24.3,73.2,539.7,6.26,115.4,Barren,Clay,661.0,Poor,2.65,4,4.77,6.55,1
4597,5.87,133.6,27.6,64.7,380.9,3.48,219.0,Forest,Sandy,1430.0,Average,4.49,0,6.97,5.53,0
4598,6.26,116.7,28.6,71.6,203.2,6.59,533.5,Agricultural,Sandy,609.0,Good,9.02,1,4.41,8.57,0
4599,5.53,152.9,23.5,,597.1,2.09,1.3,Urban,Loamy,1136.0,Good,4.03,1,4.49,2.73,0
4600,7.2,162.0,18.6,67.0,158.3,1.87,157.0,Agricultural,Sandy,2167.0,Poor,4.52,3,4.74,9.88,1
4601,6.13,166.9,31.6,71.7,175.2,7.2,258.2,Barren,Loamy,636.0,Average,4.94,2,5.21,5.54,0
4602,6.51,344.2,33.2,93.5,290.5,8.22,10.6,Urban,Loamy,154.0,Average,0.55,1,4.51,4.01,1
4603,3.83,192.8,27.7,73.5,502.5,5.25,30.4,Urban,Sandy,964.0,Poor,2.0,0,3.21,6.35,1
4604,7.45,96.3,28.4,65.0,273.1,3.82,52.7,Agricultural,Sandy,296.0,Average,3.87,2,3.32,4.03,1
4605,5.39,107.0,32.1,58.0,291.7,6.3,25.5,Urban,Loamy,632.0,Average,8.32,0,2.35,2.22,0
4606,5.46,184.1,25.9,75.8,517.1,6.89,450.1,Urban,Sandy,715.0,,10.0,1,3.98,4.17,0
4607,5.74,97.7,27.6,79.5,380.7,2.5,116.1,Forest,Loamy,614.0,Poor,,2,6.67,2.65,0
4608,2.84,179.7,26.5,68.6,187.0,6.65,149.1,Wetland,Clay,294.0,Good,5.73,2,6.1,5.67,0
4609,5.17,217.4,19.5,84.5,245.3,5.85,60.7,Forest,Clay,792.0,Poor,5.1,4,4.9,3.57,1
4610,6.14,44.7,27.6,72.8,398.6,4.11,23.7,Wetland,Silty,615.0,Good,2.58,1,2.4,2.8,0
4611,3.29,32.3,33.8,65.0,571.9,9.64,3.9,Agricultural,Clay,1608.0,Average,5.29,1,5.11,3.44,1
4612,5.46,138.4,21.9,69.3,189.6,2.88,23.8,Wetland,Clay,1175.0,Average,8.73,3,6.92,5.51,0
4613,5.47,231.7,26.6,83.7,432.3,4.88,268.1,Forest,Clay,715.0,Good,9.75,1,7.54,6.6,0
4614,4.69,249.0,28.6,52.0,822.9,6.13,1.5,Agricultural,Loamy,871.0,Poor,5.58,2,2.68,4.91,1
4615,5.55,139.7,26.5,51.3,918.6,4.25,154.5,Agricultural,Clay,407.0,Good,6.61,1,6.19,7.42,1
4616,2.8,55.6,29.6,95.7,804.2,7.41,1.4,Agricultural,Loamy,1562.0,Good,2.85,2,4.05,8.22,1
4617,7.07,167.6,27.8,63.7,469.6,4.88,54.1,Agricultural,Sandy,778.0,Average,1.02,3,7.17,2.6,1
4618,6.47,82.6,29.5,95.2,290.5,2.28,121.5,Forest,Sandy,1670.0,,5.76,0,9.4,7.53,0
4619,4.43,106.0,27.3,68.4,1017.8,5.62,89.1,Urban,Clay,892.0,Average,7.64,1,7.98,7.35,1
4620,8.54,95.3,25.7,57.0,329.9,5.62,311.5,Agricultural,Silty,1208.0,Average,3.35,2,3.49,7.27,1
4621,3.18,173.5,20.1,88.0,536.2,4.05,50.7,Agricultural,Silty,325.0,Average,3.68,0,3.59,4.32,0
4622,5.59,170.5,23.2,55.2,285.2,2.96,335.3,Forest,Clay,429.0,Average,6.23,1,5.41,4.84,0
4623,2.77,155.6,24.3,69.1,660.1,0.59,74.6,Forest,Sandy,394.0,Good,9.4,1,2.64,7.36,0
4624,6.09,169.8,19.4,66.2,494.2,5.92,116.3,Agricultural,Silty,905.0,Poor,8.51,2,7.54,0.58,1
4625,6.64,110.5,24.2,51.8,434.1,3.13,170.3,Wetland,Loamy,282.0,Good,3.83,1,5.66,0.95,0
4626,8.2,141.1,30.8,76.4,122.4,2.72,159.9,Urban,Sandy,1099.0,Average,6.12,1,7.82,7.37,0
4627,4.28,317.8,28.1,69.2,664.0,3.13,433.3,Wetland,Loamy,686.0,Average,5.92,3,10.0,5.09,0
4628,5.21,92.8,32.1,86.4,523.3,4.47,100.0,Urban,Loamy,501.0,Good,0.8,1,5.3,6.66,0
4629,6.89,,24.4,85.0,400.8,5.92,132.9,Barren,Clay,715.0,Good,4.88,0,5.58,5.01,0
4630,7.75,198.5,30.7,75.9,149.5,6.39,87.1,Forest,Silty,441.0,Average,9.61,2,2.94,4.48,0
4631,7.21,58.4,24.6,74.8,516.1,1.54,54.9,Urban,Silty,717.0,Average,4.02,0,7.78,6.36,0
4632,3.99,191.3,30.2,82.1,143.6,5.4,197.1,Forest,Loamy,1660.0,Average,5.95,1,0.67,3.72,0
4633,1.17,133.7,23.6,42.9,384.6,3.48,436.0,Agricultural,Clay,756.0,Poor,4.35,2,3.11,1.96,0
4634,1.97,257.9,22.5,79.6,160.4,6.46,10.5,Agricultural,Silty,201.0,Good,7.69,1,4.08,6.74,0
4635,0.76,132.4,23.1,69.3,516.3,7.39,157.5,Barren,Clay,2229.0,Average,5.42,1,1.25,3.8,1
4636,6.85,115.4,25.6,65.1,260.5,,306.2,Forest,Sandy,1090.0,Good,6.69,1,10.0,5.96,0
4637,2.25,,31.7,67.6,416.5,7.56,25.0,Agricultural,Sandy,62.0,Average,5.24,0,2.42,6.35,0
4638,6.44,133.1,28.0,65.3,806.8,4.93,69.2,Wetland,Loamy,1941.0,Average,6.77,1,4.33,6.75,1
4639,3.46,191.4,27.1,71.5,939.5,3.27,44.4,Urban,Clay,890.0,Average,6.09,1,2.86,7.97,0
4640,4.55,54.1,25.9,59.7,658.0,6.3,23.4,Forest,Sandy,109.0,Average,7.39,2,6.71,3.52,1
4641,4.52,194.5,24.9,69.7,571.0,7.46,680.6,Forest,Clay,514.0,Average,9.68,3,5.59,5.49,0
4642,6.59,95.1,29.5,79.1,127.1,2.44,8.3,Forest,Sandy,417.0,Good,0.0,2,3.99,3.59,0
4643,6.04,135.4,27.5,60.1,791.5,3.75,230.2,Wetland,Clay,798.0,Good,0.3,0,5.86,8.5,0
4644,4.15,119.4,34.2,57.3,672.3,3.21,518.5,Forest,Clay,204.0,Average,9.13,0,2.28,5.21,0
4645,2.71,162.8,27.6,55.6,670.6,2.33,130.9,Wetland,Silty,295.0,Average,3.08,0,0.36,3.85,0
4646,5.33,38.4,28.2,60.1,291.0,5.15,91.3,Agricultural,Loamy,358.0,Poor,4.56,1,3.93,5.67,0
4647,4.73,118.2,23.3,54.8,158.8,,152.5,Forest,Sandy,1029.0,Good,0.02,1,8.04,5.58,1
4648,4.82,199.2,21.3,68.6,647.7,0.33,92.5,Forest,Clay,155.0,Average,7.06,1,7.49,0.05,0
4649,0.92,253.5,25.6,68.3,847.6,3.29,110.3,Forest,Clay,297.0,Good,5.67,2,10.0,1.83,0
4650,5.0,110.0,28.1,69.4,289.0,0.03,71.8,Urban,Silty,346.0,Average,7.64,1,6.2,7.29,0
4651,3.95,96.4,23.9,71.8,217.7,,76.4,Urban,Silty,2038.0,Good,2.52,1,3.1,5.98,1
4652,3.32,227.1,29.0,79.0,145.1,2.87,566.0,Agricultural,Clay,1117.0,Good,5.81,2,3.39,10.0,0
4653,6.94,88.0,19.8,72.6,527.3,4.19,9.5,Agricultural,Loamy,1434.0,Poor,9.6,0,3.78,7.29,1
4654,0.31,223.6,24.2,76.1,339.1,10.37,288.8,Wetland,Clay,671.0,Average,4.68,1,7.74,5.05,0
4655,5.33,108.5,23.9,83.6,606.9,6.45,31.7,Wetland,Loamy,191.0,Average,6.87,1,9.42,5.48,1
4656,2.97,255.6,27.0,89.2,633.6,1.95,5.7,Barren,Loamy,358.0,Good,2.48,1,7.13,1.7,0
4657,2.84,250.0,20.0,72.1,440.0,3.93,293.5,Agricultural,Silty,902.0,Average,1.4,0,3.57,5.99,0
4658,3.29,87.3,28.9,90.9,619.0,2.58,125.9,Urban,Clay,769.0,Poor,2.83,1,7.63,6.72,1
4659,5.37,156.9,31.9,61.9,747.6,9.08,50.7,Barren,Sandy,264.0,Good,1.89,0,4.68,4.87,1
4660,9.62,118.1,27.7,68.0,175.6,6.87,0.4,Barren,Silty,1376.0,Average,3.98,3,7.52,4.56,1
4661,0.12,70.6,30.0,82.8,76.3,1.52,10.9,Urban,Loamy,770.0,Good,4.48,1,1.95,8.24,0
4662,3.18,35.7,27.7,65.7,224.0,3.95,46.1,Agricultural,Clay,742.0,Good,9.01,0,3.26,2.88,0
4663,5.53,382.8,26.0,61.6,773.0,2.96,94.8,Forest,Silty,538.0,Good,8.87,3,6.96,5.1,1
4664,6.49,106.8,27.7,78.5,267.5,6.33,12.4,Urban,Sandy,595.0,Good,5.78,0,4.63,5.28,1
4665,1.11,236.2,31.9,58.4,231.9,4.53,182.3,Agricultural,Loamy,1013.0,Good,7.03,3,5.26,4.67,0
4666,6.49,119.6,22.5,55.2,520.0,4.22,0.3,Agricultural,Loamy,649.0,Poor,6.99,0,8.09,1.02,1
4667,1.99,243.3,27.4,88.2,431.1,7.03,119.1,Agricultural,Loamy,899.0,Average,7.47,3,1.97,6.54,0
4668,4.15,82.2,32.6,74.8,439.9,5.02,30.8,Wetland,Sandy,95.0,Poor,4.07,2,2.66,3.43,1
4669,3.67,277.0,26.1,79.9,185.4,2.7,83.0,Agricultural,Loamy,615.0,Average,4.68,2,3.79,7.34,0
4670,6.56,217.9,31.5,59.1,507.7,4.02,249.7,Forest,Sandy,203.0,Average,3.12,0,2.81,4.56,0
4671,0.22,23.7,26.5,78.1,362.4,2.77,13.9,Forest,Loamy,1395.0,Average,6.89,4,8.92,3.93,0
4672,6.89,177.2,28.1,61.0,597.7,2.82,284.8,Urban,Sandy,1213.0,Good,8.92,0,5.91,4.45,0
4673,4.93,61.5,26.2,77.3,518.6,3.08,77.9,Wetland,Loamy,162.0,Good,4.18,0,2.75,4.38,0
4674,7.01,271.2,28.9,68.9,524.4,3.3,99.0,Forest,Sandy,1079.0,Poor,3.46,2,4.64,7.53,1
4675,5.81,65.3,20.6,,268.2,8.16,47.4,Agricultural,Clay,400.0,Poor,6.4,1,2.68,6.73,1
4676,4.7,,29.9,78.0,418.5,3.81,108.9,Wetland,Clay,1214.0,Good,3.28,3,5.58,3.44,0
4677,6.8,180.2,25.1,63.7,514.9,4.32,122.4,Urban,Sandy,321.0,Average,5.38,1,6.44,5.5,0
4678,5.39,88.0,25.3,70.3,455.2,2.08,6.8,Barren,Clay,289.0,Average,6.29,2,2.42,3.86,0
4679,6.38,,17.8,58.2,148.7,4.31,66.7,Agricultural,Clay,1052.0,Poor,9.86,1,2.44,5.25,0
4680,6.34,145.1,35.9,67.5,517.1,4.79,379.6,Urban,Sandy,525.0,Good,9.63,1,2.36,2.64,0
4681,7.57,116.9,37.0,76.7,17.3,7.47,66.1,Forest,Sandy,331.0,Good,7.55,0,2.55,6.5,0
4682,2.97,215.0,28.2,71.4,805.1,4.3,57.8,Urban,Sandy,561.0,Good,6.72,0,6.54,5.29,0
4683,4.88,1402.5799583679395,19.4,88.0,612.7,2.68,176.3,Agricultural,Silty,268.0,Poor,2.24,1,4.33,4.16,1
4684,5.8,297.9,24.8,74.8,270.3,6.16,12.0,Forest,Loamy,542.0,Average,4.38,2,3.42,6.91,1
4685,5.1,125.5,26.4,75.3,983.4,3.09,239.0,Forest,Loamy,781.0,Average,6.16,1,0.0,8.82,0
4686,10.0,150.7,28.0,75.3,83.3,0.0,88.0,Agricultural,Loamy,236.0,Average,9.06,1,3.44,5.07,0
4687,5.08,151.0,31.0,45.1,745.7,5.36,3.0,Agricultural,Clay,916.0,Good,4.51,1,5.59,2.23,1
4688,5.95,63.7,36.4,59.8,552.0,0.57,144.1,Urban,Loamy,163.0,Average,4.56,0,1.77,3.8,0
4689,2.62,,21.9,76.3,774.8,2.86,9.1,Wetland,Loamy,539.0,Good,4.62,2,4.26,5.28,0
4690,5.98,270.3,31.1,83.2,207.5,6.46,46.1,Urban,Sandy,206.0,Average,5.51,0,7.61,0.88,0
4691,1.77,,29.2,72.1,806.6,0.94,105.5,Wetland,Clay,910.0,Average,4.98,0,2.08,5.64,0
4692,5.28,94.4,26.3,60.2,228.1,2.41,380.8,Urban,Clay,1126.0,Average,6.22,1,4.15,6.7,0
4693,9.07,147.5,28.5,72.2,337.0,6.75,139.5,Forest,Silty,578.0,Good,9.79,1,4.54,4.29,0
4694,7.31,295.3,21.1,72.7,160.6,2.96,80.3,Wetland,Silty,932.0,Average,5.12,0,10.0,4.81,0
4695,4.7,133.9,19.7,68.8,626.4,3.95,130.7,Wetland,Loamy,1027.0,Average,8.31,0,8.34,5.38,0
4696,8.37,119.0,29.2,73.9,133.9,3.91,90.2,Urban,Loamy,966.0,Good,5.57,2,1.06,3.51,0
4697,7.56,157.1,27.4,70.1,391.3,4.82,247.1,Urban,Loamy,322.0,Good,6.21,1,6.12,6.0,0
4698,5.27,111.4,26.6,74.4,90.8,2.16,129.4,Forest,Clay,479.0,Average,5.66,1,3.78,4.41,0
4699,6.29,182.5,17.3,81.7,175.2,4.82,36.3,Forest,Clay,586.0,Good,7.84,2,6.65,5.91,0
4700,3.92,306.3,29.6,84.2,62.1,6.21,377.5,Urban,Silty,1518.0,Poor,3.98,2,1.31,6.71,0
4701,7.1,129.5,34.4,97.6,428.8,5.37,92.9,Forest,Clay,998.0,Poor,0.11,1,8.42,5.72,1
4702,1.76,100.5,33.7,57.5,320.4,5.4,120.9,Agricultural,Sandy,90.0,Good,1.93,1,5.42,3.61,0
4703,8.18,142.0,21.7,68.0,827.1,5.77,170.3,Forest,Loamy,786.0,Good,2.79,1,5.15,5.04,0
4704,5.44,35.0,23.9,76.2,729.6,5.24,60.4,Urban,Loamy,408.0,Poor,3.55,1,4.53,4.13,1
4705,7.21,142.2,28.1,60.2,391.9,6.34,126.0,Wetland,Clay,387.0,Good,5.7,1,3.31,4.08,1
4706,8.37,170.5,30.7,50.4,998.3,4.59,71.8,Forest,Clay,849.0,Poor,0.0,0,3.45,6.09,1
4707,5.55,199.4,23.4,60.4,364.1,3.18,292.5,Urban,Silty,512.0,Average,8.25,1,5.84,8.85,0
4708,5.75,72.0,22.8,70.4,682.4,8.81,219.4,Urban,Loamy,611.0,Good,4.22,3,7.91,1.7,0
4709,6.94,78.1,30.8,80.3,635.6,,49.8,Forest,Loamy,337.0,Average,5.04,0,5.64,1.97,0
4710,1.64,305.5,23.8,74.3,149.7,5.13,80.4,Urban,Sandy,1413.0,Average,8.02,0,7.07,0.83,0
4711,6.4,144.5,30.8,65.0,183.6,4.05,25.0,Wetland,Loamy,1170.0,Poor,2.13,2,9.41,5.0,1
4712,2.96,204.3,26.4,48.8,443.5,2.75,45.7,Forest,Sandy,1639.0,Poor,3.53,2,6.85,3.8,0
4713,2.14,254.4,21.5,73.0,531.7,8.99,61.5,Urban,Clay,710.0,Average,5.81,1,5.75,2.41,1
4714,3.66,188.7,12.4,60.7,503.6,3.53,36.2,Forest,Silty,1128.0,Average,5.91,4,7.98,7.54,1
4715,5.24,110.7,30.9,67.0,248.1,9.45,49.9,Agricultural,Clay,192.0,Average,8.41,0,5.53,2.67,0
4716,7.7,71.2,24.6,90.5,319.6,1.7,108.7,Agricultural,Clay,1553.0,Good,0.57,2,6.08,5.49,1
4717,4.24,193.6,27.0,44.9,563.3,4.81,462.6,Wetland,Loamy,1514.0,Average,3.56,1,6.81,2.41,0
4718,5.3,89.0,24.2,76.3,1331.5,4.56,237.1,Urban,Clay,300.0,Average,6.79,2,7.81,3.45,1
4719,5.19,170.3,33.4,64.1,656.4,4.41,12.3,Barren,Clay,1793.0,Good,6.16,2,5.07,6.16,1
4720,1.5,224.7,21.7,66.5,668.9,7.51,53.4,Agricultural,Loamy,974.0,Good,1.63,0,4.68,4.01,1
4721,4.02,76.5,26.5,61.7,487.4,3.72,51.4,Forest,Loamy,937.0,Good,3.24,1,7.15,5.32,0
4722,6.88,66.5,21.6,69.4,284.0,5.18,365.9,Barren,Loamy,462.0,Good,5.67,1,3.99,3.72,0
4723,1.95,69.2,27.2,60.1,350.8,2.14,154.2,Forest,Loamy,931.0,Poor,1.59,0,4.7,2.82,0
4724,6.1,180.7,23.1,95.8,481.2,5.39,83.9,Wetland,Loamy,139.0,Poor,9.36,1,3.2,3.51,0
4725,7.43,212.6,28.0,77.5,90.9,6.56,141.6,Wetland,Sandy,1500.0,Poor,4.3,0,1.02,3.28,1
4726,2.53,222.6,19.9,79.7,451.1,,95.6,Agricultural,Clay,272.0,Average,2.46,0,2.77,2.56,0
4727,6.09,112.9,22.8,73.8,215.6,2.99,41.6,Urban,Loamy,858.0,Average,3.89,0,6.04,3.27,0
4728,8.83,159.5,33.1,65.2,202.9,3.35,76.6,Agricultural,Loamy,436.0,Average,6.02,2,0.45,4.8,0
4729,5.78,534.7,23.5,59.4,293.6,1.62,149.3,Urban,Sandy,187.0,Poor,3.96,0,2.62,2.94,0
4730,5.12,101.4,27.1,69.7,393.8,4.43,566.3,Forest,Sandy,347.0,Poor,5.44,0,4.38,5.06,0
4731,6.38,105.7,23.2,65.4,412.1,3.67,71.9,Forest,Sandy,968.0,Poor,5.98,0,5.43,4.33,0
4732,4.77,142.7,27.1,56.2,24.9,4.55,8.7,Agricultural,Clay,253.0,Poor,4.56,0,10.0,4.07,1
4733,5.5,137.6,23.1,71.5,409.1,3.77,298.8,Agricultural,Loamy,1067.0,Average,4.85,2,1.62,5.55,0
4734,4.89,119.3,21.1,80.3,415.7,0.0,513.8,Agricultural,Silty,455.0,Average,4.09,1,4.63,4.7,0
4735,4.52,76.2,25.7,88.1,498.1,6.18,361.9,Wetland,Clay,399.0,Average,5.08,0,0.0,7.61,0
4736,5.72,357.1,20.8,53.6,104.2,3.71,324.0,Agricultural,Loamy,709.0,Good,9.18,1,5.65,4.96,0
4737,5.9,74.6,35.5,67.2,997.5,4.52,161.9,Urban,Sandy,891.0,Poor,0.0,3,3.97,3.36,1
4738,3.77,104.1,26.8,63.7,1097.6,1.74,283.3,Urban,Sandy,1558.0,Average,5.63,2,1.65,4.3,0
4739,6.05,89.9,33.9,59.8,417.4,5.5,123.6,Barren,Clay,473.0,Poor,7.14,2,3.69,7.17,1
4740,5.07,136.4,18.6,67.6,269.7,5.29,8.6,Wetland,Sandy,196.0,Poor,4.77,1,4.94,4.1,1
4741,4.41,188.5,27.7,53.1,222.1,2.93,166.0,Urban,Loamy,737.0,Good,4.04,0,5.44,5.49,0
4742,0.93,194.5,23.8,66.0,233.5,3.02,43.0,Forest,Loamy,563.0,Good,2.84,3,3.59,5.8,0
4743,4.61,125.4,24.6,90.0,363.3,8.03,6.1,Wetland,Clay,1322.0,Poor,2.37,1,4.07,3.29,1
4744,7.47,147.2,35.7,,462.4,0.0,269.4,Urban,Clay,331.0,Poor,8.85,3,4.64,2.36,0
4745,8.49,244.3,25.2,96.4,624.9,3.55,263.0,Wetland,Sandy,889.0,Average,2.89,1,1.04,5.99,0
4746,5.98,119.4,25.6,74.9,407.6,7.36,225.3,Urban,Loamy,725.0,Average,6.39,0,6.7,6.3,0
4747,6.02,107.8,24.5,78.1,1056.3,2.83,33.7,Forest,Sandy,463.0,Poor,3.19,2,5.47,6.06,1
4748,6.24,82.8,20.6,67.7,348.0,4.15,55.2,Agricultural,Loamy,521.0,Poor,6.23,1,8.51,1.08,0
4749,9.21,81.8,24.7,45.2,415.9,4.46,25.2,Forest,Silty,327.0,Poor,6.83,2,1.17,7.13,1
4750,4.6,84.1,22.5,61.1,397.1,4.9,6.6,Urban,Silty,542.0,Average,4.84,1,0.18,4.62,1
4751,2.9,203.9,30.5,78.6,250.7,3.07,131.7,Agricultural,Sandy,827.0,Average,2.35,2,5.5,6.15,0
4752,7.05,98.3,26.9,47.5,878.3,3.55,40.2,Barren,Silty,828.0,Average,6.23,1,4.03,3.88,1
4753,10.0,186.3,23.0,90.7,985.2,5.94,124.7,Urban,Clay,97.0,Average,8.92,1,4.91,4.57,1
4754,6.22,229.8,30.7,83.1,3943.489161409931,2.42,130.2,Forest,Loamy,650.0,Good,5.73,1,3.73,5.41,1
4755,3.97,98.4,27.3,57.3,342.5,1.42,42.7,Urban,Sandy,400.0,Average,4.19,0,2.85,4.3,0
4756,6.35,114.2,30.0,58.3,418.2,3.79,38.5,Forest,Clay,952.0,Average,3.69,1,7.07,4.31,0
4757,8.24,78.9,23.9,83.6,593.6,2.74,48.9,Forest,Sandy,473.0,Average,2.4,2,7.74,4.92,1
4758,6.3,93.1,33.3,46.2,199.7,5.05,59.8,Urban,Sandy,1067.0,Average,6.89,1,6.31,7.08,0
4759,2.91,,29.5,79.5,517.4,7.09,90.8,Wetland,Loamy,567.0,Average,4.09,0,5.75,3.14,0
4760,5.44,138.0,28.6,62.1,1448.8,1.9,11.1,Forest,Loamy,727.0,Good,5.86,1,7.11,1.5,0
4761,2.83,174.0,29.8,52.5,210.0,6.98,3.1,Forest,Silty,405.0,Poor,7.4,0,7.81,3.77,0
4762,3.16,100.3,28.0,73.8,109.9,6.34,60.5,Agricultural,Clay,191.0,Good,7.86,1,4.02,2.24,0
4763,6.44,185.7,24.1,41.0,332.9,3.13,150.5,Wetland,Silty,127.0,Poor,4.3,3,7.42,6.94,0
4764,4.92,16.8,27.2,66.5,462.8,6.02,4.4,Forest,Clay,1509.0,Average,1.52,2,2.6,4.06,1
4765,1.82,257.7,20.6,55.1,318.6,5.18,129.1,Urban,Clay,1388.0,Good,4.29,0,9.35,8.7,0
4766,6.72,149.3,23.1,85.7,380.1,4.44,396.3,Agricultural,Loamy,107.0,Average,0.0,1,4.78,4.97,0
4767,1.09,61.0,25.2,81.0,461.1,2.5,10.8,Wetland,Silty,558.0,Poor,3.1,0,9.3,3.94,1
4768,8.57,260.1,33.9,63.6,228.8,4.06,403.7,Agricultural,Loamy,408.0,Poor,6.68,1,7.3,8.1,0
4769,2.66,153.8,33.5,68.1,178.4,2.61,98.0,Forest,Clay,547.0,Average,5.62,1,9.06,10.0,0
4770,3.66,161.6,24.1,63.2,291.2,5.57,672.9,Agricultural,Clay,900.0,Poor,7.5,2,7.42,5.39,0
4771,5.79,57.3,33.0,76.9,328.3,0.85,19.6,Wetland,Clay,929.0,Average,8.04,2,5.6,4.25,0
4772,1.92,72.8,26.2,82.9,928.7,5.78,114.8,Urban,Clay,650.0,Poor,2.56,3,2.06,7.32,1
4773,1.08,188.6,26.4,86.7,786.1,6.06,11.8,Forest,Silty,462.0,Average,8.19,0,6.46,0.0,0
4774,4.2,150.7,23.8,57.3,501.7,5.49,141.7,Forest,Sandy,1238.0,Good,6.91,1,5.48,6.8,0
4775,6.07,,21.3,74.3,502.6,,34.9,Agricultural,Sandy,313.0,Good,8.57,0,4.44,6.24,0
4776,6.73,151.3,30.6,91.7,385.7,2.5,192.6,Agricultural,Loamy,351.0,Good,1.12,1,5.41,1.75,0
4777,6.82,235.1,29.9,73.0,341.2,6.9,234.7,Barren,Sandy,417.0,Poor,2.89,1,5.04,8.02,1
4778,4.09,117.2,30.4,78.3,1142.8,,31.4,Agricultural,Sandy,78.0,Good,0.12,0,5.48,5.23,0
4779,3.44,131.0,23.5,43.5,716.0,2.79,41.2,Forest,Silty,1184.0,Average,1.27,1,4.65,3.58,1
4780,5.66,120.4,32.8,70.7,203.4,9.25,250.9,Agricultural,Sandy,1326.0,Poor,4.99,0,4.85,5.74,1
4781,3.67,60.1,28.9,63.9,105.6,1.95,320.9,Barren,Sandy,1980.0,Average,5.62,0,6.78,1.75,0
4782,2.94,249.4,26.0,59.1,366.0,2.39,84.4,Wetland,Loamy,275.0,Average,5.6,0,0.11,3.24,0
4783,7.13,275.4,32.7,71.6,546.5,5.03,48.3,Agricultural,Sandy,715.0,Poor,5.87,0,6.46,8.31,1
4784,7.33,124.5,23.8,66.9,592.9,3.16,528.9,Agricultural,Clay,2035.0,Good,6.5,0,5.08,8.41,0
4785,6.78,59.1,30.1,71.6,522.2,5.73,234.8,Agricultural,Clay,389.0,Average,5.24,1,9.5,0.08,0
4786,5.63,213.7,22.3,51.6,326.8,8.42,102.5,Urban,Sandy,740.0,Poor,0.23,1,4.6,7.11,1
4787,3.28,212.1,29.1,66.9,489.1,3.8,43.5,Forest,Silty,1287.0,Average,6.61,1,5.44,0.16,0
4788,5.04,183.7,24.2,93.5,533.0,1.79,74.7,Forest,Sandy,582.0,Average,3.0,0,5.21,6.03,0
4789,7.0,146.0,30.3,63.0,176.4,1.39,128.1,Urban,Sandy,278.0,Good,5.58,2,8.95,6.63,0
4790,5.83,371.5,28.2,73.8,219.6,3.83,28.6,Barren,Sandy,406.0,Good,2.98,2,3.48,6.33,0
4791,2.86,63.1,24.8,67.7,594.8,8.58,136.1,Forest,Sandy,593.0,Good,3.5,0,3.37,5.68,0
4792,5.68,143.5,28.4,51.4,196.6,4.28,150.2,Agricultural,Loamy,1097.0,Poor,3.27,0,4.82,3.56,0
4793,1.65,236.8,27.1,73.7,246.1,7.27,66.5,Wetland,Silty,521.0,Poor,2.95,0,0.56,7.02,0
4794,4.0,118.7,26.6,92.3,454.6,4.67,327.2,Urban,Silty,1609.0,Good,8.01,1,6.93,6.51,0
4795,5.47,120.9,21.2,62.3,962.8,5.72,6.0,Wetland,Clay,1049.0,Average,0.38,1,0.9,6.95,1
4796,3.87,92.7,20.3,68.3,221.0,3.56,2.8,Forest,Loamy,438.0,Poor,5.13,1,4.62,9.48,0
4797,4.98,133.0,19.9,68.5,110.4,6.19,32.1,Agricultural,Sandy,1448.0,Poor,5.33,2,5.34,2.93,0
4798,4.44,86.8,24.2,87.2,236.2,8.47,37.7,Forest,Sandy,614.0,Poor,4.77,0,4.35,4.85,1
4799,4.14,187.4,25.1,54.1,668.0,4.39,51.4,Forest,Loamy,1498.0,Average,5.33,2,7.03,7.11,0
4800,8.0,167.7,23.3,75.8,756.0,0.08,282.1,Agricultural,Sandy,2363.0,Average,3.36,2,7.45,3.39,0
4801,7.22,156.1,31.5,70.9,129.3,1.49,113.4,Urban,Sandy,483.0,Average,1.97,1,4.11,4.91,0
4802,8.68,178.9,19.6,54.0,198.3,5.54,405.8,Urban,Loamy,213.0,Average,4.56,0,7.35,2.02,0
4803,6.87,141.0,36.4,78.7,428.4,4.91,28.5,Barren,Loamy,990.0,Good,2.29,1,5.58,5.38,1
4804,2.76,284.4,26.1,73.0,289.4,7.76,225.5,Agricultural,Sandy,280.0,Poor,6.41,2,5.01,1.99,0
4805,4.99,275.5,23.1,50.9,317.2,5.16,202.2,Forest,Sandy,386.0,Poor,3.01,0,1.8,2.91,0
4806,8.87,86.9,27.4,62.9,448.3,6.16,25.5,Forest,Clay,308.0,Average,6.02,1,8.76,5.95,1
4807,3.84,148.1,19.1,68.1,153.6,3.42,620.2,Wetland,Silty,119.0,Average,3.07,3,7.65,5.32,0
4808,2.62,208.9,30.6,74.9,404.7,5.37,164.3,Forest,Loamy,1263.0,Average,3.99,2,1.46,6.16,0
4809,4.47,,22.7,58.6,304.9,7.01,274.5,Agricultural,Clay,362.0,Poor,2.86,0,7.11,0.0,0
4810,6.96,107.9,33.4,51.1,732.2,6.74,176.7,Wetland,Loamy,298.0,Good,4.96,0,6.74,2.76,0
4811,3.3,137.2,21.7,89.7,739.3,4.33,28.8,Agricultural,Loamy,1326.0,Good,4.22,1,3.86,7.65,1
4812,6.05,148.1,31.0,73.9,420.1,4.27,51.7,Forest,Loamy,122.0,Average,6.83,0,1.17,4.03,0
4813,6.08,84.6,24.4,96.4,747.5,2.69,356.2,Wetland,Sandy,355.0,Average,6.92,0,7.3,1.13,0
4814,2.96,102.6,26.2,64.2,285.8,3.06,156.5,Agricultural,Sandy,766.0,Good,8.86,1,7.21,10.0,0
4815,6.87,182.3,22.1,87.4,329.9,2.24,27.3,Barren,Clay,815.0,Poor,7.15,2,2.53,3.17,1
4816,6.4,251.6,26.7,51.9,505.0,,395.2,Agricultural,Sandy,1369.0,Poor,7.61,0,0.78,8.18,0
4817,4.58,,32.6,49.8,278.9,5.35,201.0,Urban,Sandy,12.0,Average,,0,3.15,4.95,0
4818,10.0,148.4,24.7,52.9,633.6,5.97,272.1,Agricultural,Silty,217.0,Good,4.95,3,4.69,1.52,1
4819,6.48,267.2,25.0,69.2,408.6,1.96,46.8,Agricultural,Sandy,413.0,Good,9.04,2,7.25,2.72,0
4820,5.48,222.9,25.6,80.2,361.4,6.15,154.7,Agricultural,Clay,542.0,Average,2.52,3,2.2,8.66,1
4821,4.18,108.3,24.2,65.8,641.6,6.29,84.1,Urban,Silty,253.0,Poor,4.75,3,2.22,4.52,1
4822,8.18,323.1,25.5,,204.4,3.9,228.8,Agricultural,Silty,344.0,Poor,3.55,2,7.1,8.46,1
4823,4.9,,29.2,48.7,394.6,1.39,118.7,Urban,Sandy,658.0,Average,,2,1.93,4.35,0
4824,5.84,199.2,26.8,82.9,304.6,4.8,76.7,Urban,Sandy,680.0,Good,10.0,1,2.05,6.9,0
4825,3.78,301.2,29.1,58.9,161.3,0.75,612.8,Urban,Sandy,498.0,Average,7.68,0,6.24,7.09,0
4826,8.19,110.2,30.5,94.7,155.2,3.58,15.4,Wetland,Loamy,819.0,Poor,5.28,1,3.9,4.34,1
4827,7.32,151.8,22.8,77.4,287.0,4.47,121.1,Urban,Silty,865.0,Good,6.53,0,3.41,5.83,0
4828,6.05,292.3,21.8,85.1,498.2,1.27,36.1,Agricultural,Silty,350.0,Poor,5.79,0,0.91,0.0,0
4829,8.96,272.1,28.3,98.6,495.2,4.29,15.9,Urban,Loamy,1701.0,Average,8.98,1,5.83,1.64,0
4830,3.32,83.1,28.9,52.9,338.3,3.3,59.0,Agricultural,Sandy,978.0,Average,5.54,1,5.56,5.97,0
4831,3.37,138.9,20.6,76.0,644.9,4.7,107.7,Agricultural,Sandy,266.0,Average,5.32,1,9.36,6.49,0
4832,6.85,255.4,25.9,76.8,210.6,3.18,108.2,Barren,Sandy,267.0,Poor,3.84,0,0.0,6.87,0
4833,4.43,170.2,32.5,72.9,517.9,8.82,104.6,Forest,Sandy,834.0,Average,4.06,1,1.95,3.71,0
4834,9.29,86.5,26.4,71.9,411.1,1.99,34.4,Urban,Clay,976.0,Poor,3.47,0,5.49,2.3,1
4835,5.55,86.5,27.5,62.1,101.6,6.37,52.6,Forest,Clay,260.0,Average,7.09,2,2.41,5.37,0
4836,4.85,155.0,29.0,94.1,155.9,5.16,66.2,Barren,Loamy,695.0,Poor,4.7,1,5.16,2.04,1
4837,5.42,51.4,25.4,70.7,672.9,5.4,8.0,Forest,Clay,803.0,Average,1.82,1,3.74,3.28,1
4838,1.3,185.1,30.2,76.5,1093.4,6.73,43.1,Urban,Silty,1163.0,Average,1.43,1,5.6,5.25,1
4839,7.84,142.1,24.9,72.9,708.0,1.66,15.7,Agricultural,Loamy,1335.0,Good,3.8,2,6.81,3.63,1
4840,3.56,151.6,27.7,84.4,465.0,6.42,418.8,Urban,Loamy,1308.0,Good,4.75,1,4.44,3.87,0
4841,2.96,157.5,24.8,83.8,198.6,4.56,95.5,Wetland,Clay,137.0,Average,3.41,0,1.54,3.81,0
4842,6.71,97.9,26.9,56.3,281.7,3.74,19.2,Barren,Loamy,83.0,Average,6.39,2,8.13,6.02,0
4843,1.73,161.5,28.9,77.5,151.0,3.43,217.1,Urban,Loamy,1186.0,Good,8.39,0,6.87,3.2,0
4844,3.71,189.4,30.1,56.0,421.9,4.86,213.6,Forest,Sandy,680.0,Poor,6.76,0,8.07,5.36,0
4845,0.84,241.6,23.5,,872.8,4.32,13.8,Agricultural,Clay,2068.0,Average,1.83,0,3.68,7.27,0
4846,8.54,118.2,31.0,68.1,345.0,5.27,247.2,Agricultural,Sandy,907.0,Good,7.95,0,2.68,4.17,0
4847,3.17,244.7,24.1,81.1,985.3,4.49,208.4,Agricultural,Clay,882.0,Average,6.56,1,8.99,4.36,0
4848,8.09,147.6,23.1,72.5,783.7,2.31,161.0,Forest,Sandy,308.0,Poor,4.24,1,5.39,5.7,1
4849,5.37,180.7,26.0,49.5,434.7,3.09,0.7,Wetland,Clay,941.0,Poor,3.41,1,6.47,1.61,1
4850,1.9,320.8,20.6,96.5,164.2,3.5,99.9,Urban,Loamy,1128.0,,4.72,0,5.99,9.78,0
4851,7.44,122.1,37.1,84.6,1195.9,5.51,48.0,Urban,Loamy,134.0,Poor,3.4,0,4.59,6.89,1
4852,5.83,159.1,24.3,91.2,266.8,6.11,97.0,Agricultural,Sandy,59.0,Average,4.78,1,2.28,7.57,1
4853,9.42,63.5,26.4,52.9,731.9,6.21,78.9,Urban,Loamy,676.0,Good,6.21,0,2.28,4.33,1
4854,5.2,72.8,21.2,91.5,16.4,6.53,37.0,Urban,Clay,344.0,Good,5.31,1,0.0,5.08,0
4855,4.43,179.4,20.4,68.0,56.0,0.94,511.8,Urban,Clay,244.0,Average,3.72,1,7.03,4.9,0
4856,7.25,95.1,22.3,55.3,343.4,2.74,196.8,Agricultural,Loamy,1072.0,Poor,4.71,3,6.52,6.21,1
4857,6.17,120.9,24.8,67.5,502.9,2.85,161.3,Barren,Loamy,384.0,Average,8.75,2,1.28,5.1,0
4858,4.64,111.7,27.9,,708.0,7.33,227.8,Forest,Clay,1815.0,Good,1.07,1,4.69,4.78,1
4859,7.35,133.0,28.2,66.2,209.6,5.92,77.0,Agricultural,Loamy,2002.0,Good,6.32,1,4.59,5.4,0
4860,3.49,221.5,30.0,58.9,324.3,5.27,476.6,Forest,Clay,296.0,Poor,5.91,1,5.33,3.62,0
4861,2.28,324.9,21.0,76.2,90.6,3.32,191.1,Urban,Loamy,728.0,Poor,2.62,2,7.47,4.05,1
4862,5.23,292.4,29.9,66.3,563.3,4.28,109.5,Urban,Loamy,1018.0,Poor,7.41,2,5.93,1.92,1
4863,4.92,40.6,25.5,77.9,162.8,3.58,79.6,Forest,Sandy,653.0,Good,6.35,2,4.57,5.81,0
4864,6.01,187.7,27.7,75.8,722.7,2.17,87.1,Urban,Silty,194.0,Poor,0.0,4,4.56,5.54,1
4865,4.59,,38.9,80.0,201.5,1.52,149.7,Agricultural,Silty,604.0,Poor,0.38,1,0.58,5.83,1
4866,1.67,341.7,25.8,85.6,997.2,1.46,16.2,Wetland,Clay,1089.0,Good,4.62,0,2.29,5.09,0
4867,0.0,218.5,22.3,96.5,787.0,4.46,89.1,Wetland,Loamy,776.0,Good,1.8,4,3.42,4.31,0
4868,4.15,71.4,22.9,69.1,134.4,3.01,27.3,Agricultural,Clay,1245.0,Good,2.91,2,2.11,6.33,0
4869,2.31,243.4,28.0,,1045.8,7.03,110.2,Agricultural,Clay,663.0,Average,1.26,1,8.21,0.75,1
4870,2.1,66.3,32.8,80.5,160.8,7.58,67.0,Agricultural,Loamy,3743.0,Poor,6.31,1,4.54,2.02,1
4871,6.52,,28.8,62.7,108.9,4.3,268.8,Forest,Loamy,177.0,Poor,4.55,2,4.25,7.36,0
4872,3.33,260.4,28.7,67.5,109.3,3.94,100.0,Urban,Clay,1447.0,Average,2.55,1,0.0,5.24,0
4873,6.53,149.1,32.9,71.8,787.0,5.26,134.8,Agricultural,Loamy,963.0,Average,3.86,1,5.53,4.05,0
4874,6.9,80.4,26.5,77.3,331.6,8.48,218.6,Forest,Silty,665.0,Average,4.37,1,3.14,2.82,1
4875,4.58,88.5,27.3,69.5,197.2,5.23,100.8,Urban,Silty,535.0,Average,5.18,3,6.76,5.9,0
4876,5.91,183.9,19.0,74.5,227.1,7.03,83.5,Forest,Clay,1960.0,Average,6.36,1,5.9,6.19,1
4877,5.07,215.6,31.1,64.3,297.5,4.1,401.3,Urban,Clay,743.0,Average,2.47,1,3.62,7.42,0
4878,1.92,111.5,24.6,65.0,468.5,3.66,33.4,Wetland,Clay,682.0,Poor,2.28,1,2.13,1.52,1
4879,5.15,165.6,29.7,83.5,211.7,7.09,95.0,Wetland,Loamy,923.0,Good,2.55,2,9.07,3.9,1
4880,4.04,143.6,26.5,62.5,315.3,4.15,96.6,Urban,Clay,474.0,Average,2.0,2,7.44,5.49,1
4881,3.14,99.5,30.1,72.5,747.7,7.3,33.9,Forest,Sandy,2563.0,Poor,1.93,1,7.88,3.59,1
4882,0.0,,25.3,78.1,195.4,3.69,192.0,Barren,Clay,1183.0,Average,6.85,0,1.41,1.09,0
4883,7.79,73.5,31.8,59.0,196.5,6.87,137.3,Agricultural,Loamy,2234.0,Good,4.93,1,7.6,7.27,0
4884,7.64,256.3,24.6,70.7,833.7,1.96,448.7,Agricultural,Sandy,150.0,Good,4.72,1,4.3,4.12,0
4885,5.04,65.4,28.5,68.8,527.7,4.01,140.8,Agricultural,Clay,561.0,Poor,5.11,1,1.21,5.63,1
4886,8.08,112.1,30.8,76.7,458.5,6.1,146.7,Urban,Clay,1329.0,Poor,8.27,2,5.7,5.55,1
4887,5.51,144.3,27.1,72.3,237.1,3.7,32.1,Agricultural,Sandy,1453.0,Average,4.24,1,7.11,5.32,0
4888,2.71,144.2,29.1,43.7,572.2,3.69,116.7,Barren,Clay,218.0,Good,5.32,2,3.77,2.93,0
4889,2.78,218.9,29.3,54.4,533.5,3.06,832.9,Forest,Clay,807.0,Poor,3.76,1,3.2,2.97,0
4890,5.28,152.9,24.5,76.9,297.4,1.67,89.3,Wetland,Clay,582.0,Poor,6.16,0,9.04,8.87,0
4891,4.05,179.4,29.6,59.2,662.2,5.2,25.7,Urban,Clay,1225.0,Poor,9.42,2,5.05,3.22,1
4892,3.58,198.5,24.6,84.6,321.5,4.75,61.8,Agricultural,Clay,184.0,Good,5.22,0,7.75,4.58,0
4893,4.0,162.8,30.5,86.3,698.8,4.22,331.6,Urban,Clay,1011.0,Poor,4.59,3,5.03,5.7,0
4894,5.63,205.1,30.7,67.9,690.9,5.63,13.8,Agricultural,Loamy,633.0,Average,6.22,0,10.0,2.9,1
4895,2.69,342.3,27.5,83.1,460.6,1.34,368.2,Agricultural,Sandy,1306.0,Average,8.01,1,4.34,4.61,0
4896,4.87,217.8,18.4,83.2,513.6,4.59,160.8,Urban,Loamy,628.0,Poor,6.95,2,7.01,4.07,1
4897,0.33,104.7,28.3,72.9,285.3,6.09,263.8,Agricultural,Loamy,981.0,Good,3.12,1,4.28,6.35,0
4898,4.72,148.4,37.3,77.0,586.7,3.5,103.2,Urban,Sandy,158.0,Good,1.3,0,2.83,4.25,0
4899,4.97,87.6,17.3,71.8,494.5,5.33,370.5,Urban,Loamy,692.0,Average,7.19,1,1.72,6.66,0
4900,3.71,257.4,29.9,79.8,370.4,4.43,44.8,Urban,Clay,616.0,Average,6.91,1,3.6,5.45,0
4901,1.48,211.5,22.2,65.9,436.0,6.78,15.3,Urban,Silty,1041.0,Poor,5.66,2,7.39,2.97,1
4902,4.69,230.4,20.3,70.2,310.7,,107.5,Urban,Sandy,605.0,Average,6.66,1,0.32,6.54,0
4903,2.15,276.7,19.4,64.3,791.5,2.52,9.9,Agricultural,Clay,832.0,Poor,5.75,1,4.93,6.71,0
4904,2.12,118.0,26.1,63.5,685.3,5.98,214.6,Agricultural,Clay,1037.0,Average,7.6,2,1.79,0.38,0
4905,5.27,130.2,25.7,66.7,419.5,,69.2,Urban,Clay,1467.0,Good,6.23,2,5.49,5.73,0
4906,6.15,192.5,22.0,58.8,213.4,0.9,58.2,Agricultural,Sandy,1107.0,Good,0.0,5,6.29,6.67,0
4907,1.09,258.1,21.3,72.8,487.3,1.82,217.4,Agricultural,Silty,956.0,Average,10.0,1,4.19,5.1,0
4908,6.58,153.0,23.6,78.4,209.2,3.77,60.5,Forest,Sandy,249.0,Good,4.32,3,8.27,6.29,1
4909,7.47,321.2,22.8,58.7,233.0,5.1,109.2,Agricultural,Loamy,233.0,Average,3.21,4,4.57,4.68,1
4910,5.81,50.8,33.2,82.8,354.9,5.08,346.9,Wetland,Sandy,1164.0,Average,6.1,2,8.58,4.28,0
4911,6.48,230.4,27.0,73.1,496.0,4.49,269.4,Agricultural,Loamy,394.0,Average,4.35,0,7.29,5.29,0
4912,10.0,132.7,25.8,55.7,804.6,8.02,10.5,Forest,Clay,704.0,Average,5.71,2,6.72,9.0,1
4913,2.81,162.3,28.2,68.2,805.6,2.53,373.4,Forest,Clay,604.0,Poor,6.36,0,4.12,3.29,0
4914,4.65,,24.9,79.7,293.2,2.55,86.8,Urban,Sandy,291.0,Average,7.13,1,4.18,6.26,0
4915,5.51,187.8,27.7,74.1,706.8,3.31,1.2,Forest,Loamy,1134.0,Poor,6.09,1,6.13,1.98,1
4916,2.64,324.1,28.0,70.1,880.2,8.9,33.5,Agricultural,Silty,691.0,Average,3.24,0,0.91,4.2,1
4917,2.16,166.7,16.9,58.0,597.5,4.8,83.0,Urban,Clay,793.0,Average,7.97,2,6.53,6.25,0
4918,1.83,140.4,30.9,84.0,296.7,5.96,45.6,Forest,Clay,295.0,Average,6.45,2,5.38,6.78,1
4919,8.05,196.4,21.6,52.8,131.7,2.0,155.1,Barren,Sandy,824.0,Good,3.79,0,6.93,2.23,0
4920,4.67,360.6,37.7,81.0,350.1,1.16,42.0,Agricultural,Sandy,483.0,Poor,5.97,2,4.73,6.58,0
4921,3.3,126.0,29.3,87.6,280.7,,533.2,Forest,Loamy,1468.0,Poor,4.84,1,3.33,8.26,0
4922,4.62,164.0,31.2,62.2,309.2,3.21,28.2,Agricultural,Silty,605.0,Good,5.29,1,6.92,1.66,0
4923,7.27,,34.2,65.7,1201.7,,57.1,Urban,Clay,541.0,Average,9.28,3,7.1,5.83,1
4924,7.81,244.4,27.7,54.0,248.9,6.09,207.8,Agricultural,Silty,735.0,Average,3.85,4,6.89,3.26,1
4925,2.85,86.0,31.9,71.6,608.7,6.1,197.7,Wetland,Silty,185.0,Average,5.64,0,4.78,3.07,0
4926,2.75,352.7,23.3,84.8,104.6,6.59,283.2,Forest,Sandy,625.0,Average,2.09,4,4.68,4.23,0
4927,5.37,213.5,31.5,100.0,391.0,1.98,339.4,Agricultural,Clay,1136.0,Good,4.68,1,4.99,6.89,0
4928,4.95,260.2,24.5,79.8,399.3,3.94,35.9,Agricultural,Sandy,237.0,Poor,7.45,2,4.34,3.12,0
4929,4.24,47.2,26.5,70.2,495.4,4.47,368.1,Barren,Silty,192.0,Good,5.74,2,5.28,2.66,0
4930,2.92,178.2,32.8,68.0,368.6,7.87,344.7,Agricultural,Loamy,1197.0,Average,4.69,3,5.23,2.67,0
4931,4.38,145.2,21.5,43.8,386.0,3.75,5.8,Agricultural,Clay,570.0,Average,7.45,1,7.17,5.77,1
4932,2.75,225.0,27.7,50.7,1017.4,7.94,52.3,Agricultural,Loamy,293.0,Average,6.63,1,5.98,6.8,0
4933,6.61,101.8,26.9,49.6,650.3,5.33,89.5,Urban,Loamy,1246.0,Poor,2.93,1,5.91,7.66,1
4934,7.48,316.0,22.3,77.4,138.0,2.53,115.7,Urban,Silty,697.0,Poor,2.09,0,3.62,2.25,1
4935,7.4,92.7,25.5,73.0,540.3,5.11,336.7,Agricultural,Clay,734.0,Average,5.86,2,2.5,6.65,0
4936,6.19,87.8,34.8,,355.7,2.69,53.0,Urban,Clay,595.0,Good,2.47,2,4.06,2.95,1
4937,0.12,202.9,26.7,74.9,433.1,3.63,222.2,Agricultural,Sandy,553.0,Average,3.91,2,4.48,6.7,0
4938,6.22,39.2,20.2,79.9,236.4,5.82,67.9,Agricultural,Clay,940.0,Average,5.02,1,6.9,3.45,0
4939,3.57,40.6,29.8,74.2,525.0,5.24,27.1,Agricultural,Clay,1393.0,Good,1.86,4,1.74,6.19,1
4940,8.61,139.9,32.1,57.8,149.8,4.9,182.4,Wetland,Loamy,478.0,Average,2.38,5,4.67,7.35,1
4941,4.97,298.8,25.9,67.2,431.2,3.47,103.0,Wetland,Loamy,1078.0,Poor,3.41,0,7.21,6.16,1
4942,7.42,125.9,32.5,74.0,550.8,7.44,127.5,Agricultural,Loamy,1417.0,Poor,4.6,0,6.08,2.17,1
4943,4.99,267.6,22.4,67.8,909.4,5.2,72.9,Urban,Clay,810.0,Average,4.51,1,8.0,1.74,1
4944,4.75,170.4,26.1,79.9,154.1,4.4,112.2,Urban,Silty,464.0,Average,4.57,0,7.84,4.99,0
4945,1.52,149.3,26.3,40.9,461.0,4.49,19.8,Forest,Clay,1032.0,Good,7.29,1,5.27,5.62,0
4946,5.63,140.2,29.8,67.6,477.5,3.05,69.2,Urban,Silty,205.0,Poor,5.83,1,7.0,3.84,1
4947,3.4,98.4,20.4,100.0,139.2,,319.9,Urban,Clay,604.0,Average,6.67,0,4.86,4.75,0
4948,7.06,125.0,29.5,71.7,369.3,8.03,93.8,Agricultural,Loamy,468.0,Average,4.65,1,7.4,7.82,1
4949,0.41,316.1,27.2,73.4,535.8,2.3,125.5,Agricultural,Sandy,847.0,Good,10.0,3,3.66,5.74,0
4950,2.0,125.3,21.6,61.4,603.6,4.93,669.7,Wetland,Silty,1262.0,Poor,6.87,1,8.21,4.02,0
4951,3.42,296.2,31.0,66.7,115.0,5.59,42.8,Urban,Clay,1815.0,Good,5.76,3,5.91,3.8,1
4952,5.25,157.2,32.6,64.3,424.7,5.83,85.8,Urban,Clay,1696.0,Average,9.4,1,2.14,3.28,0
4953,6.3,43.9,20.1,61.3,640.5,3.79,154.9,Forest,Silty,542.0,Poor,7.05,3,9.14,5.16,1
4954,6.36,334.9,24.3,67.9,392.1,3.62,138.3,Agricultural,Clay,768.0,Average,3.64,1,7.57,5.63,1
4955,3.3,152.2,24.1,65.4,127.7,5.37,89.3,Wetland,Clay,751.0,Poor,5.1,0,7.47,4.98,1
4956,4.56,110.5,25.6,87.8,86.5,,213.1,Agricultural,Clay,1262.0,Good,2.8,2,8.43,1.53,0
4957,2.84,144.7,30.9,,759.4,4.56,352.3,Urban,Clay,277.0,Poor,3.04,1,6.26,8.78,1
4958,3.05,194.9,25.0,52.9,700.9,5.04,60.8,Agricultural,Loamy,984.0,Average,6.8,0,9.24,7.59,0
4959,2.52,152.8,20.4,83.1,899.6,4.77,64.3,Urban,Sandy,2175.0,Good,4.71,1,3.15,4.32,0
4960,7.51,59.0,25.7,75.8,563.2,2.98,181.9,Forest,Loamy,310.0,,9.45,1,7.06,5.2,0
4961,8.2,100.3,23.1,61.0,463.3,3.97,156.3,Agricultural,Sandy,879.0,Good,3.98,1,3.07,4.95,0
4962,2.77,188.6,24.6,71.8,448.6,3.08,47.5,Forest,Sandy,1239.0,Poor,5.4,1,3.99,5.33,0
4963,4.72,,30.2,66.8,89.0,4.5,40.1,Agricultural,Loamy,1198.0,Average,7.83,0,8.97,5.46,0
4964,3.65,174.5,29.0,61.5,459.4,5.46,8.1,Agricultural,Loamy,826.0,Average,2.84,0,2.33,3.35,1
4965,6.04,201.8,29.1,75.3,160.8,3.04,10.1,Wetland,Clay,348.0,Average,4.43,0,4.18,1.83,0
4966,7.52,115.3,21.5,80.7,125.7,4.3,111.2,Agricultural,Loamy,692.0,Poor,1.08,1,7.99,7.78,1
4967,1.88,138.9,25.9,64.7,617.8,6.77,47.0,Forest,Sandy,458.0,Average,7.25,1,3.33,6.94,0
4968,7.68,163.9,29.4,53.8,631.7,6.6,44.4,Barren,Clay,184.0,Average,6.05,1,4.8,4.57,1
4969,1.99,118.7,29.2,57.5,378.2,7.65,269.8,Urban,Silty,443.0,Average,6.87,0,2.77,4.08,0
4970,5.03,120.9,24.9,82.9,714.3,1.77,177.8,Forest,Clay,2072.0,Poor,6.13,1,3.15,4.2,0
4971,2.24,96.9,25.1,79.8,337.8,2.74,44.1,Barren,Sandy,1026.0,,5.78,0,2.91,0.37,0
4972,2.65,112.9,22.5,60.9,233.0,5.94,2.1,Forest,Clay,557.0,Good,4.81,2,3.39,5.08,0
4973,4.67,141.2,28.5,85.4,155.9,1.52,101.2,Urban,Sandy,233.0,Good,2.66,1,5.24,5.94,0
4974,8.69,161.6,26.6,83.2,393.5,7.29,144.5,Barren,Loamy,1317.0,Average,4.12,0,4.23,5.22,1
4975,3.7,84.1,24.4,62.2,278.4,4.98,95.9,Urban,Clay,157.0,Poor,1.2,1,3.55,7.3,1
4976,5.58,198.1,26.5,59.7,112.2,2.25,187.9,Forest,Clay,1263.0,Good,5.57,1,3.06,3.17,0
4977,6.06,,25.9,69.0,1347.7,1.28,69.8,Urban,Sandy,4510.0,Average,3.4,1,3.82,4.11,1
4978,2.6,243.4,29.1,82.3,535.8,3.65,253.4,Agricultural,Sandy,1311.0,Good,2.28,0,5.34,4.91,0
4979,3.16,398.1,27.0,73.5,693.1,4.62,109.7,Forest,Silty,672.0,Poor,5.39,2,9.39,5.83,0
4980,3.79,136.7,25.6,59.9,755.2,2.88,135.9,Urban,Loamy,1141.0,Poor,7.49,0,2.39,7.56,1
4981,5.74,149.0,28.7,71.7,688.4,5.27,5.1,Agricultural,Silty,309.0,Good,7.47,1,7.53,1.83,1
4982,7.74,208.3,28.0,51.2,182.6,7.44,22.6,Agricultural,Clay,582.0,Average,1.53,0,4.51,2.82,1
4983,5.63,84.8,36.2,75.6,523.2,1.87,112.4,Agricultural,Silty,1748.0,Average,5.92,2,7.74,3.71,1
4984,3.8,93.2,31.5,55.8,194.6,1.24,62.9,Urban,Sandy,754.0,Average,7.46,4,1.97,5.28,0
4985,4.56,126.1,25.6,54.4,572.5,4.51,9.3,Agricultural,Clay,893.0,Poor,4.49,0,10.0,5.94,1
4986,6.93,104.9,22.4,46.4,470.5,3.64,113.3,Urban,Sandy,768.0,Average,4.61,2,6.41,6.99,1
4987,2.72,37.2,30.4,83.0,928.3,2.39,98.1,Agricultural,Loamy,345.0,Average,5.16,0,9.4,3.66,0
4988,6.89,146.3,18.9,51.9,638.3,2.3,79.1,Agricultural,Silty,231.0,Good,4.76,1,0.0,6.21,0
4989,2.93,96.6,28.8,76.1,284.1,5.02,172.7,Forest,Loamy,518.0,Poor,3.15,0,0.0,4.0,0
4990,5.95,62.4,24.5,65.2,917.5,7.0,53.3,Wetland,Sandy,467.0,Average,3.16,0,5.64,4.35,1
4991,7.11,147.9,29.6,51.0,593.1,2.55,90.7,Agricultural,Loamy,306.0,Average,4.22,2,2.95,6.75,0
4992,7.38,148.2,33.1,92.7,514.4,1.37,80.8,Barren,Loamy,441.0,Good,6.43,0,4.83,3.52,0
4993,4.9,91.7,34.6,61.5,397.4,4.9,16.4,Agricultural,Clay,702.0,Average,5.81,1,6.02,3.95,1
4994,5.96,37.4,34.8,98.9,693.6,3.79,65.4,Wetland,Silty,513.0,Poor,6.22,1,0.36,7.29,1
4995,0.0,206.0,21.5,54.8,325.5,4.24,230.3,Urban,Sandy,726.0,Average,6.05,1,5.24,5.99,0
4996,7.01,164.2,24.5,67.8,239.0,2.78,205.2,Urban,Clay,1251.0,Poor,3.37,2,7.51,0.98,0
4997,7.81,170.4,25.7,51.2,742.6,5.24,147.3,Urban,Sandy,29.0,Poor,6.82,0,0.0,5.83,1
4998,5.31,106.9,31.8,69.5,236.7,4.61,17.5,Agricultural,Clay,947.0,Good,3.94,4,3.89,6.05,1
4999,1.25,207.8,28.7,59.5,830.5,4.67,431.1,Agricultural,Sandy,2137.0,Poor,,0,8.4,6.07,0
5000,10.0,191.3,30.9,58.7,353.9,5.39,81.1,Barren,Clay,1808.0,Poor,3.05,1,2.83,3.12,1
5001,6.13,112.2,27.5,63.2,358.3,5.73,120.0,Agricultural,Silty,296.0,Good,6.11,0,7.51,5.53,0
5002,7.46,166.3,27.7,83.3,453.7,5.42,305.7,Wetland,Sandy,1515.0,Average,2.17,1,4.28,8.4,0
5003,6.3,78.9,26.8,67.1,602.0,4.79,80.8,Barren,Loamy,948.0,Average,3.2,2,8.16,5.31,1
5004,0.61,67.3,19.6,46.8,843.1,4.87,138.5,Urban,Silty,424.0,Good,5.72,1,4.76,6.76,0
5005,6.37,128.4,33.1,59.6,762.2,5.74,122.6,Forest,Loamy,123.0,Average,6.0,2,7.5,6.65,0
5006,6.02,46.3,24.2,88.4,394.4,9.71,162.9,Forest,Loamy,380.0,Average,3.84,1,6.73,3.63,0
5007,4.68,126.0,25.4,90.7,601.6,8.63,70.7,Wetland,Loamy,300.0,Poor,5.97,1,1.86,5.04,1
5008,6.24,79.0,23.9,68.2,349.2,8.97,119.2,Barren,Clay,516.0,Poor,5.18,0,0.0,2.4,1
5009,5.72,231.7,27.4,69.8,1378.2,3.7,33.1,Wetland,Loamy,1035.0,Poor,1.23,1,1.62,1.9,1
5010,9.52,219.5,22.7,81.3,626.7,1.01,105.6,Wetland,Clay,579.0,Poor,10.0,1,9.77,4.95,1
5011,5.03,57.2,26.5,55.6,449.4,3.32,603.7,Agricultural,Loamy,850.0,Average,0.0,1,4.63,5.91,0
5012,4.43,203.3,19.7,69.6,84.6,3.08,226.5,Forest,Clay,540.0,Average,3.5,2,4.97,6.96,0
5013,4.46,73.1,22.4,70.2,583.4,2.26,430.6,Agricultural,Silty,318.0,Good,4.8,1,5.84,8.14,0
5014,6.39,126.8,24.5,80.1,110.3,5.89,2.6,Agricultural,Clay,800.0,Poor,7.08,0,5.07,2.55,1
5015,9.18,477.3,27.6,66.1,1305.0,7.04,23.8,Wetland,Silty,929.0,Good,0.53,0,6.09,5.97,1
5016,9.34,121.3,25.1,55.0,609.7,5.24,4.6,Agricultural,Loamy,661.0,Average,3.97,3,2.74,7.22,1
5017,3.63,143.6,24.6,61.3,626.4,5.41,6.4,Forest,Loamy,716.0,Poor,2.35,0,3.44,0.0,1
5018,7.56,207.4,26.3,53.1,729.4,4.61,238.4,Agricultural,Loamy,655.0,,4.44,0,7.36,2.49,0
5019,6.5,248.8,24.9,65.7,331.8,5.6,4.0,Agricultural,Loamy,1937.0,Good,6.82,1,1.86,5.69,0
5020,1.91,200.3,28.4,71.3,219.7,4.6,29.0,Agricultural,Silty,558.0,Poor,8.23,3,1.71,7.28,0
5021,1.75,242.4,38.7,47.0,243.5,3.13,164.1,Urban,Loamy,998.0,Poor,3.15,0,0.0,1.51,0
5022,2.15,420.9,24.3,61.6,355.4,4.78,470.6,Urban,Sandy,423.0,Poor,7.36,1,4.75,8.19,0
5023,8.35,333.0,24.2,81.2,418.9,4.46,179.1,Wetland,Clay,518.0,Poor,6.24,3,8.43,1.82,1
5024,7.92,60.7,27.8,93.3,587.2,2.11,78.8,Forest,Loamy,568.0,Average,4.35,2,8.73,5.28,0
5025,6.4,103.8,28.3,59.9,97.5,3.47,186.1,Urban,Clay,216.0,Average,5.88,1,3.51,4.12,0
5026,5.57,148.2,32.5,82.7,300.5,5.89,80.0,Forest,Silty,322.0,Poor,5.55,1,3.7,6.05,1
5027,2.08,195.4,19.3,68.9,835.7,2.6,57.7,Urban,Clay,317.0,Average,7.01,1,3.03,2.75,0
5028,7.81,55.9,31.0,64.1,262.8,8.14,223.8,Agricultural,Sandy,780.0,Average,3.76,2,0.53,0.0,0
5029,3.43,147.8,32.0,74.4,536.7,3.78,106.4,Agricultural,Sandy,485.0,Average,3.54,2,10.0,5.36,0
5030,7.97,101.8,34.6,75.4,186.3,5.2,53.1,Barren,Loamy,771.0,Average,5.95,0,7.85,5.36,0
5031,0.0,150.1,28.4,68.3,821.7,3.82,1.0,Urban,Sandy,871.0,Poor,2.98,0,4.75,4.49,0
5032,4.19,99.2,29.4,66.8,410.7,,195.6,Urban,Silty,905.0,Good,4.88,1,2.57,3.08,1
5033,2.06,215.1,25.5,76.6,120.1,4.38,5.9,Agricultural,Sandy,1131.0,Good,6.13,2,4.59,6.3,0
5034,3.57,249.9,32.5,79.7,339.1,4.41,79.6,Agricultural,Clay,194.0,Good,6.18,1,6.8,5.1,0
5035,10.0,58.2,33.6,81.2,1105.8,0.0,9.9,Wetland,Silty,790.0,Good,4.07,2,6.78,7.15,1
5036,8.68,215.3,24.9,86.3,347.6,3.34,94.0,Agricultural,Clay,1765.0,Good,6.01,2,2.88,6.84,1
5037,5.69,134.7,25.3,62.0,113.2,4.64,24.5,Agricultural,Clay,820.0,Average,3.83,1,2.05,3.72,0
5038,4.23,345.9,33.6,62.9,574.5,,311.6,Wetland,Clay,1645.0,Average,7.41,2,9.45,5.53,0
5039,4.64,173.2,31.7,75.9,1229.0,5.82,153.7,Agricultural,Clay,172.0,Average,5.31,0,6.03,4.92,0
5040,5.22,147.5,33.3,61.0,431.0,3.97,77.7,Barren,Clay,315.0,Poor,4.97,0,4.73,5.0,1
5041,3.47,62.8,30.3,90.8,475.6,6.06,87.3,Agricultural,Sandy,197.0,Average,6.32,0,1.93,4.86,0
5042,6.06,219.4,27.9,63.0,276.6,7.47,29.2,Urban,Loamy,295.0,Poor,3.0,1,1.51,6.56,1
5043,6.5,145.0,24.8,83.0,610.5,7.24,171.1,Urban,Clay,450.0,Good,9.16,2,3.99,2.41,0
5044,5.04,166.2,26.1,66.8,518.1,3.27,70.6,Agricultural,Sandy,1643.0,Average,6.91,0,1.32,1.15,0
5045,3.03,,24.8,57.5,390.0,6.52,180.1,Agricultural,Loamy,1879.0,Poor,6.38,3,5.74,2.84,1
5046,0.0,130.8,30.4,84.3,494.1,4.45,189.8,Urban,Clay,132.0,Poor,4.75,1,6.6,6.3,0
5047,6.27,190.0,25.4,73.9,734.7,6.04,269.0,Urban,Clay,230.0,Average,5.66,0,3.32,5.03,0
5048,5.47,273.9,26.3,68.1,255.8,3.7,107.4,Urban,Clay,1712.0,Average,5.72,1,4.41,2.95,1
5049,9.18,391.1,31.3,74.6,217.3,1.35,38.7,Barren,Silty,648.0,Average,3.03,0,3.71,7.27,0
5050,2.65,466.0,35.8,78.2,186.2,4.1,9.6,Barren,Loamy,787.0,Poor,,1,4.84,9.03,1
5051,1.84,39.7,29.2,73.4,350.7,2.9,61.2,Agricultural,Loamy,658.0,Poor,4.28,0,3.55,4.02,0
5052,5.82,126.5,27.1,,590.0,4.67,390.8,Wetland,Clay,822.0,Average,9.22,0,7.45,2.11,0
5053,6.92,88.2,26.8,80.9,190.1,5.69,54.9,Forest,Sandy,252.0,Good,8.21,1,3.79,7.32,0
5054,2.42,120.7,27.3,81.9,597.1,5.16,35.7,Urban,Sandy,3107.0,Good,5.16,1,8.02,0.0,1
5055,2.17,424.4,31.5,87.4,174.8,3.7,90.2,Agricultural,Clay,771.0,Average,2.52,2,5.78,7.49,0
5056,4.96,276.7,29.4,51.3,677.2,2.79,85.4,Forest,Clay,287.0,Good,4.57,2,4.1,7.54,0
5057,6.14,291.4,31.1,74.8,349.9,4.95,290.0,Agricultural,Clay,207.0,Average,3.13,0,4.39,3.31,0
5058,0.94,109.8,38.4,68.4,259.2,5.57,445.8,Agricultural,Clay,968.0,Poor,5.03,0,4.05,4.07,0
5059,7.09,133.3,24.1,82.8,203.3,7.43,0.5,Wetland,Loamy,265.0,Poor,8.87,0,5.23,5.89,1
5060,4.58,94.1,22.9,53.5,394.2,2.93,70.2,Forest,Sandy,1383.0,Average,4.52,0,2.27,5.04,0
5061,8.04,221.3,23.2,65.7,189.5,6.69,103.9,Wetland,Clay,281.0,Poor,7.32,1,7.75,6.03,1
5062,3.59,183.6,22.7,72.1,481.0,4.18,189.2,Wetland,Loamy,815.0,Poor,4.53,3,5.89,4.39,0
5063,3.36,44.9,28.2,81.5,336.1,6.81,22.7,Urban,Loamy,813.0,Average,5.55,2,5.26,4.18,1
5064,4.96,168.2,33.1,,1527.1,4.33,46.4,Forest,Sandy,458.0,Good,1.62,2,9.51,6.61,1
5065,3.95,260.2,28.5,69.9,333.9,6.72,0.6,Forest,Clay,554.0,Poor,3.28,2,0.0,6.5,1
5066,3.31,132.6,32.7,74.6,358.0,4.72,310.0,Agricultural,Clay,875.0,Average,3.22,2,6.61,4.52,0
5067,3.73,89.9,21.6,61.8,844.8,4.86,321.9,Wetland,Silty,389.0,Average,2.71,0,5.05,3.62,0
5068,4.88,217.5,23.4,79.5,547.7,5.31,327.1,Agricultural,Loamy,1293.0,Good,5.64,1,3.39,5.39,0
5069,3.03,231.9,31.0,71.7,156.0,5.0,22.8,Forest,Clay,1065.0,Average,1.65,2,7.1,2.96,1
5070,8.04,122.3,31.0,65.3,615.8,,46.5,Agricultural,Sandy,309.0,Average,4.98,2,7.52,7.71,1
5071,1.3,160.1,23.3,56.1,299.5,,152.1,Agricultural,Sandy,867.0,Good,1.87,0,4.99,1.88,0
5072,4.59,140.9,29.0,68.2,590.2,,58.6,Urban,Sandy,388.0,Good,3.13,2,1.48,1.61,0
5073,5.38,78.7,29.3,80.9,238.3,1.33,17.4,Forest,Loamy,390.0,Average,9.21,2,8.44,6.68,0
5074,4.18,300.9,29.9,64.7,974.9,5.35,25.6,Barren,Sandy,572.0,Poor,8.57,0,3.43,8.54,0
5075,1.02,65.3,29.9,66.5,267.5,4.21,194.4,Urban,Loamy,1143.0,,3.74,0,0.27,8.18,0
5076,6.47,142.8,34.4,79.4,136.4,6.78,122.9,Barren,Loamy,1393.0,Good,5.84,1,7.97,4.65,0
5077,4.44,99.6,27.1,100.0,344.7,7.64,54.4,Forest,Silty,941.0,Poor,4.82,1,6.02,6.47,1
5078,5.27,457.3,23.0,,338.6,6.13,16.4,Urban,Loamy,1526.0,Good,5.26,1,3.55,4.15,0
5079,5.71,121.9,27.2,84.8,745.9,5.65,346.9,Urban,Loamy,1623.0,Average,8.39,2,9.32,8.33,0
5080,4.73,88.8,24.0,55.0,223.6,7.53,388.6,Forest,Clay,345.0,Average,5.14,1,7.33,4.08,0
5081,3.52,211.7,30.0,80.5,547.9,3.3,105.7,Agricultural,Loamy,2641.0,Poor,3.26,4,5.25,5.41,1
5082,7.5,247.9,23.7,61.0,232.5,3.21,134.6,Agricultural,Sandy,496.0,Good,6.99,2,3.41,6.63,0
5083,3.43,52.7,28.6,67.1,387.6,2.56,163.6,Forest,Silty,86.0,Poor,7.15,0,2.28,4.2,0
5084,6.95,138.1,24.4,36.2,1234.5,5.74,4.6,Urban,Loamy,405.0,Average,3.6,2,4.69,2.86,1
5085,8.61,250.3,29.0,61.2,522.7,8.74,370.3,Agricultural,Clay,1109.0,Poor,2.3,0,2.99,3.49,1
5086,5.51,157.2,28.2,68.1,803.9,1.68,31.0,Forest,Loamy,710.0,Poor,5.55,3,4.8,8.15,0
5087,0.81,91.9,38.0,51.1,687.4,6.84,405.5,Agricultural,Clay,1162.0,Poor,3.9,0,0.67,9.91,1
5088,5.43,154.7,24.8,63.8,205.0,5.14,60.9,Urban,Silty,378.0,Good,3.06,0,3.98,7.15,1
5089,6.46,34.2,20.3,53.1,328.9,6.16,151.2,Forest,Loamy,311.0,Poor,9.73,1,5.96,4.29,0
5090,3.79,158.2,23.7,51.5,283.0,5.01,1.7,Forest,Sandy,584.0,Good,4.75,0,9.82,3.71,0
5091,3.14,69.6,27.6,73.2,344.6,0.18,118.9,Agricultural,Loamy,688.0,Poor,5.38,2,3.49,2.25,0
5092,0.0,142.3,24.8,83.9,419.0,5.66,24.3,Forest,Clay,403.0,Average,,1,9.35,4.25,0
5093,6.64,168.1,23.7,57.9,418.5,4.13,217.0,Wetland,Loamy,110.0,Average,1.76,0,0.51,4.44,0
5094,3.76,177.9,38.0,85.2,49.1,5.49,235.1,Urban,Clay,612.0,Average,3.2,1,7.12,5.31,0
5095,1.9,91.6,22.8,93.2,504.3,2.95,61.5,Forest,Silty,1101.0,Average,9.31,3,5.09,4.54,0
5096,2.98,156.3,27.1,56.7,741.3,3.74,126.9,Urban,Silty,499.0,Average,7.52,1,10.0,5.94,1
5097,1.58,220.5,22.5,87.5,318.3,4.13,101.8,Agricultural,Clay,427.0,Poor,5.74,1,0.71,4.36,0
5098,4.42,125.7,27.7,77.3,177.0,3.76,74.3,Agricultural,Sandy,417.0,Poor,5.84,0,10.0,3.9,0
5099,3.27,128.9,31.6,68.7,896.6,4.47,379.5,Urban,Loamy,675.0,Poor,5.67,1,7.09,6.46,0
5100,4.7,249.3,22.7,83.3,538.5,3.2,144.4,Urban,Clay,654.0,Poor,5.93,1,2.87,4.57,0
5101,8.73,278.4,26.9,69.9,861.0,5.54,43.5,Urban,Sandy,521.0,Average,6.78,2,3.65,1.73,1
5102,5.57,119.4,27.3,49.7,702.8,6.77,157.6,Wetland,Loamy,744.0,Good,2.5,1,5.75,5.39,1
5103,4.61,183.1,26.5,80.7,321.2,4.99,22.1,Agricultural,Clay,1180.0,Poor,2.16,1,2.21,4.81,1
5104,2.31,76.3,27.6,54.2,254.9,,5.8,Barren,Clay,367.0,Average,7.53,3,6.52,3.17,0
5105,5.49,144.0,23.6,71.8,221.7,2.46,635.9,Forest,Silty,455.0,Poor,0.31,1,5.6,6.89,0
5106,5.95,100.5,34.2,52.7,633.6,5.51,34.4,Urban,Sandy,2033.0,Good,7.07,1,4.87,2.23,0
5107,3.39,183.0,25.8,55.7,207.3,5.93,102.3,Agricultural,Sandy,774.0,Average,8.16,1,6.43,5.09,0
5108,3.8,77.3,25.1,61.4,302.6,5.11,90.0,Urban,Loamy,480.0,Average,0.12,2,10.0,4.1,1
5109,7.92,90.4,25.8,57.9,354.5,8.65,11.5,Urban,Loamy,571.0,Average,4.53,0,5.42,7.41,1
5110,3.78,276.2,20.8,77.2,1170.7,4.78,112.9,Wetland,Sandy,228.0,Poor,3.27,2,3.98,5.02,1
5111,6.54,211.4,26.1,75.6,302.9,4.04,344.1,Agricultural,Sandy,319.0,Average,4.76,3,7.44,6.15,0
5112,4.94,62.3,29.3,46.0,363.3,8.83,34.0,Agricultural,Sandy,2033.0,Average,2.22,0,6.87,5.17,1
5113,3.65,125.9,25.5,74.7,410.3,3.72,5.1,Wetland,Clay,1393.0,Poor,6.95,1,6.92,5.61,0
5114,5.19,67.0,27.3,56.5,526.1,4.92,19.5,Agricultural,Loamy,311.0,Average,5.26,0,5.02,5.29,0
5115,6.1,213.6,26.5,74.0,82.5,5.77,140.1,Agricultural,Clay,210.0,Average,7.19,1,7.8,3.46,0
5116,2.66,137.9,22.3,57.9,196.8,4.73,22.2,Agricultural,Silty,407.0,Poor,6.67,0,0.45,6.24,0
5117,3.7,201.2,26.0,53.2,401.6,5.61,11.1,Urban,Sandy,314.0,Average,4.28,1,3.35,5.24,0
5118,3.53,337.8,23.1,68.6,470.2,8.63,99.1,Barren,Clay,477.0,Good,5.52,4,8.5,6.99,1
5119,6.59,364.6,31.7,73.1,180.0,5.04,6.3,Barren,Sandy,346.0,Poor,1.07,1,7.82,9.1,1
5120,1.87,267.6,27.7,,219.3,4.12,56.7,Urban,Clay,1209.0,Good,6.22,1,6.81,5.71,0
5121,5.15,396.3,26.9,88.4,385.2,2.08,246.3,Forest,Clay,213.0,Average,6.94,1,2.99,7.35,0
5122,5.42,213.8,25.5,62.9,505.1,2.74,13.5,Agricultural,Loamy,105.0,Average,7.47,0,9.21,7.05,0
5123,7.64,136.9,29.0,,659.4,6.12,132.1,Forest,Sandy,952.0,,3.58,1,1.87,5.71,0
5124,3.57,98.7,29.5,76.5,432.6,3.7,58.9,Forest,Loamy,394.0,Average,1.84,1,5.07,3.73,1
5125,5.57,100.0,25.4,78.6,131.1,5.74,298.2,Agricultural,Loamy,1938.0,Average,6.67,1,1.36,6.36,0
5126,0.0,113.3,29.8,54.8,392.1,2.71,16.4,Urban,Clay,171.0,Average,7.5,1,8.01,2.51,0
5127,4.45,83.0,33.2,81.5,286.1,6.47,0.9,Urban,Loamy,250.0,Poor,7.44,1,4.37,5.35,1
5128,7.63,164.7,20.9,93.7,570.9,5.62,8.6,Agricultural,Silty,1578.0,Average,3.31,6,5.32,5.71,1
5129,2.11,,27.7,67.2,849.4,,210.6,Urban,Clay,537.0,Poor,2.17,2,4.98,6.7,1
5130,3.44,61.0,30.8,,235.1,2.98,108.8,Agricultural,Clay,1163.0,Average,4.24,0,0.0,0.5,0
5131,4.68,104.9,28.6,60.0,485.8,2.7,13.8,Wetland,Clay,1177.0,Good,5.65,2,5.69,4.13,0
5132,5.18,157.9,34.3,58.4,462.9,8.18,298.9,Agricultural,Loamy,1403.0,Good,2.85,0,7.65,4.99,0
5133,5.82,143.3,30.4,72.6,260.1,5.79,40.9,Wetland,Sandy,59.0,Average,4.29,3,5.46,5.58,0
5134,3.83,134.9,25.2,53.6,338.2,4.88,187.7,Agricultural,Sandy,1126.0,Average,8.72,1,2.68,4.31,0
5135,4.93,203.5,23.5,74.9,165.5,0.89,9.8,Urban,Sandy,166.0,Average,4.76,0,3.47,3.23,0
5136,8.17,255.1,31.5,54.8,97.5,6.29,317.8,Forest,Sandy,285.0,Good,1.17,1,5.58,5.97,1
5137,0.8,127.0,27.0,77.9,51.2,5.19,228.7,Forest,Loamy,436.0,Good,5.6,2,5.54,3.61,0
5138,6.38,182.4,25.5,56.7,191.3,4.3,243.6,Urban,Clay,381.0,Average,4.55,0,7.51,4.76,0
5139,3.6,74.0,30.0,,332.4,3.41,34.8,Urban,Clay,308.0,Average,6.34,2,7.41,2.08,0
5140,7.12,201.1,30.2,72.9,392.4,8.3,19.8,Forest,Sandy,1383.0,Poor,7.57,2,6.88,3.83,1
5141,5.79,168.8,28.9,91.7,179.6,2.35,109.7,Barren,Loamy,809.0,Good,8.87,2,6.18,7.0,0
5142,3.77,227.2,22.1,60.9,242.2,1.0,166.6,Agricultural,Clay,592.0,Average,4.1,0,0.17,3.58,0
5143,4.71,269.2,22.3,55.1,247.6,4.28,104.1,Forest,Clay,686.0,Poor,7.88,2,3.5,4.86,0
5144,4.32,122.2,20.6,73.9,193.2,0.83,454.7,Forest,Clay,982.0,Average,3.73,3,6.96,1.59,0
5145,4.96,96.1,29.3,61.5,262.7,1.82,18.2,Wetland,Loamy,430.0,Good,2.88,0,5.6,2.24,0
5146,0.46,74.2,27.4,56.6,287.8,5.45,54.1,Urban,Loamy,2215.0,Average,2.88,3,5.96,3.9,0
5147,5.67,143.8,26.4,76.4,288.4,,1.7,Urban,Clay,1801.0,Average,,1,3.24,2.73,1
5148,5.97,122.7,29.4,83.4,222.5,2.13,3.3,Urban,Silty,377.0,Average,6.08,3,2.68,5.9,1
5149,5.51,109.2,24.3,59.9,220.6,6.88,306.1,Urban,Loamy,293.0,Poor,2.4,1,5.62,3.38,0
5150,4.98,49.1,19.1,68.4,243.7,8.01,143.0,Forest,Loamy,652.0,Poor,4.1,2,8.17,4.4,1
5151,2.38,112.4,26.8,63.1,378.8,4.33,116.0,Agricultural,Silty,311.0,Average,3.37,2,6.88,4.0,1
5152,4.61,217.3,22.3,79.4,299.4,6.93,131.0,Urban,Silty,1297.0,Poor,6.61,1,3.97,2.91,1
5153,1.56,130.8,33.1,76.0,605.0,5.34,60.1,Urban,Clay,177.0,Average,5.72,2,6.15,2.27,0
5154,3.05,219.0,22.1,60.7,404.2,5.51,41.5,Forest,Clay,1608.0,Average,4.92,2,6.04,5.2,1
5155,4.06,200.1,27.3,66.3,550.5,5.21,74.3,Agricultural,Clay,331.0,Average,0.59,1,5.03,6.13,1
5156,6.09,398.9,22.6,61.4,600.3,8.56,140.8,Agricultural,Sandy,688.0,Average,2.1,1,4.08,4.8,1
5157,6.51,194.2,28.0,54.6,609.4,4.13,10.5,Barren,Clay,1161.0,Average,5.26,0,4.9,6.3,1
5158,6.94,153.3,29.7,64.5,421.5,2.7,57.5,Agricultural,Loamy,140.0,Good,5.39,0,9.87,5.39,0
5159,6.56,91.3,26.1,,561.7,2.21,69.8,Wetland,Loamy,351.0,Good,2.32,0,2.3,6.63,0
5160,0.0,248.6,26.4,78.1,1018.3,6.85,0.7,Urban,Loamy,3034.0,Average,3.63,0,6.12,5.55,1
5161,3.13,38.5,28.4,72.2,448.1,1.43,84.6,Forest,Sandy,1000.0,Average,9.75,2,1.07,6.31,0
5162,1.63,217.4,31.6,79.1,256.6,5.16,100.9,Forest,Loamy,2164.0,Average,1.17,1,6.6,6.89,1
5163,6.21,167.8,26.4,53.6,303.6,3.32,380.5,Agricultural,Clay,468.0,Poor,1.19,2,7.69,3.9,1
5164,4.92,178.5,22.7,69.3,893.7,6.79,27.9,Forest,Clay,680.0,Average,4.9,1,3.56,6.47,1
5165,4.79,106.5,18.7,78.1,419.8,7.41,45.2,Agricultural,Clay,1352.0,,2.33,1,2.32,4.23,0
5166,4.98,214.4,27.3,59.2,329.0,4.16,154.0,Urban,Loamy,1584.0,Average,9.81,2,0.46,6.85,0
5167,8.12,179.2,25.1,70.6,347.0,3.47,66.1,Forest,Loamy,1685.0,Poor,5.37,1,4.17,4.96,0
5168,2.72,135.6,25.8,78.4,447.3,6.42,192.6,Agricultural,Loamy,691.0,Average,5.26,0,6.42,4.34,0
5169,4.44,291.3,21.7,74.9,145.3,6.36,10.7,Agricultural,Clay,1425.0,Poor,7.55,0,7.18,4.54,1
5170,5.58,229.3,26.0,67.3,468.7,8.03,61.3,Agricultural,Sandy,1027.0,Average,2.62,0,6.38,4.51,1
5171,7.69,273.9,30.1,79.0,166.9,4.05,782.0,Wetland,Silty,202.0,Average,3.72,0,8.75,3.04,0
5172,8.67,89.2,27.3,77.0,289.3,1.95,6.3,Forest,Loamy,962.0,Average,3.4,0,4.77,5.31,1
5173,4.29,229.9,27.6,61.5,228.6,5.29,150.4,Forest,Clay,305.0,,7.2,1,3.13,5.87,0
5174,10.0,56.2,27.2,65.6,310.4,5.13,160.5,Urban,Clay,1179.0,Good,3.3,1,7.78,2.37,1
5175,7.47,119.7,30.0,81.9,181.3,4.04,38.6,Wetland,Clay,223.0,,6.92,1,5.22,4.73,1
5176,7.53,267.2,26.3,67.8,612.1,1.97,42.9,Agricultural,Loamy,692.0,Poor,3.78,3,6.01,2.35,1
5177,5.58,169.0,21.0,82.9,695.0,5.58,427.5,Forest,Loamy,298.0,Good,6.54,1,4.09,2.99,0
5178,0.6,173.0,22.4,50.2,287.6,4.15,145.7,Forest,Sandy,576.0,Average,4.37,0,5.51,5.91,0
5179,4.59,124.6,25.1,,280.5,4.94,88.1,Agricultural,Clay,1119.0,Average,,2,7.29,5.66,1
5180,9.43,115.1,27.8,55.3,622.1,1.36,179.5,Barren,Loamy,505.0,Average,0.74,0,1.71,6.23,0
5181,0.0,179.5,27.1,77.4,522.8,4.86,171.2,Urban,Sandy,262.0,Good,4.26,1,5.48,4.03,0
5182,4.76,240.3,30.3,89.2,1213.5,5.24,181.5,Barren,Sandy,137.0,Good,5.05,0,5.57,7.14,0
5183,7.98,299.9,23.2,91.8,245.6,3.01,203.4,Forest,Loamy,668.0,Poor,7.29,1,5.91,4.55,0
5184,10.0,204.9,26.9,,656.9,8.55,317.6,Urban,Clay,643.0,Good,10.0,2,4.72,1.8,1
5185,3.74,155.8,24.1,62.0,406.3,4.03,455.3,Barren,Clay,1253.0,Average,7.67,1,5.9,6.96,0
5186,4.99,161.9,25.8,88.4,359.8,1.74,166.0,Forest,Loamy,714.0,Average,3.36,2,7.66,1.8,0
5187,5.14,92.2,30.5,65.5,533.9,3.93,11.4,Wetland,Clay,147.0,Poor,3.94,0,2.28,2.8,1
5188,5.39,67.4,23.7,93.1,142.8,3.69,49.7,Forest,Loamy,676.0,Average,2.42,2,1.46,6.16,0
5189,0.0,126.2,30.1,67.2,510.3,,24.8,Forest,Clay,1567.0,Poor,4.29,1,9.83,6.92,0
5190,6.15,134.9,31.2,74.3,98.6,3.07,10.6,Agricultural,Clay,157.0,Good,5.07,2,3.36,3.15,0
5191,6.34,81.4,33.7,60.5,252.0,6.96,93.4,Forest,Clay,409.0,Poor,6.85,0,10.0,6.37,0
5192,1.91,260.8,25.6,63.5,353.8,2.99,168.0,Forest,Loamy,1025.0,Average,1.81,1,5.04,5.85,0
5193,9.56,111.1,24.9,70.2,452.1,5.22,104.5,Barren,Sandy,2097.0,Good,3.02,1,2.8,8.35,1
5194,6.64,59.1,19.7,55.8,628.3,5.77,44.3,Forest,Loamy,1315.0,Good,5.71,2,6.59,6.42,1
5195,3.67,157.8,30.8,81.2,57.4,5.53,108.7,Wetland,Loamy,1117.0,Average,4.02,2,3.68,8.15,1
5196,7.07,152.5,28.8,83.6,144.1,7.04,75.1,Barren,Clay,334.0,Average,6.36,1,10.0,5.38,1
5197,4.76,219.6,24.6,71.5,208.4,1.35,46.8,Agricultural,Loamy,1642.0,Good,8.3,1,6.75,3.19,0
5198,3.78,78.5,34.0,71.2,666.2,5.59,125.1,Urban,Loamy,408.0,Average,3.7,1,0.84,2.75,0
5199,7.65,117.3,24.6,91.1,992.4,4.36,33.0,Urban,Clay,679.0,Poor,0.07,2,3.65,5.5,1
5200,7.15,85.9,27.4,75.7,827.2,5.51,25.1,Barren,Loamy,461.0,Poor,4.41,0,7.95,5.37,1
5201,4.43,90.4,26.0,52.1,165.6,4.51,271.9,Agricultural,Silty,1072.0,Poor,,0,5.23,5.26,0
5202,5.27,76.5,31.0,69.3,477.4,6.1,392.9,Wetland,Clay,674.0,Poor,1.86,3,3.79,5.17,1
5203,3.0,189.0,32.6,58.4,162.9,2.27,425.6,Agricultural,Loamy,822.0,Average,7.04,2,10.0,5.11,0
5204,5.23,126.5,20.1,59.2,219.1,4.32,96.8,Urban,Sandy,2076.0,Poor,,1,6.08,6.52,0
5205,2.89,243.6,35.1,40.0,405.3,3.6,120.8,Agricultural,Clay,2245.0,Good,2.65,1,7.05,6.73,0
5206,3.21,277.6,25.4,67.6,379.5,5.59,374.3,Forest,Clay,1227.0,Average,5.66,2,3.57,4.54,0
5207,6.37,101.3,27.0,76.2,470.8,5.47,156.6,Agricultural,Loamy,474.0,Good,7.0,1,6.91,3.3,0
5208,5.45,167.2,24.6,65.6,178.8,5.89,61.7,Forest,Clay,533.0,Average,4.8,5,7.12,3.99,1
5209,5.29,112.1,27.6,,737.6,0.0,81.8,Forest,Loamy,288.0,Average,1.33,1,6.78,1.06,0
5210,4.97,97.6,25.8,57.4,498.2,5.71,335.3,Wetland,Loamy,1600.0,Poor,5.28,3,4.58,6.19,1
5211,2.54,177.9,27.6,71.2,417.6,4.08,666.2,Agricultural,Sandy,802.0,Poor,4.86,0,4.81,5.5,0
5212,5.46,114.8,20.4,55.2,280.6,2.35,101.0,Barren,Clay,708.0,Average,5.34,0,5.51,6.74,0
5213,4.98,,25.8,68.0,163.0,7.76,45.9,Agricultural,Sandy,613.0,Poor,6.22,0,6.65,4.94,0
5214,4.06,113.5,25.5,65.3,177.3,7.37,346.3,Forest,Loamy,243.0,Average,4.75,2,6.1,5.47,0
5215,5.77,123.3,28.5,71.7,436.3,5.45,46.0,Wetland,Clay,450.0,Poor,1.82,2,4.6,7.33,1
5216,7.22,351.4,25.3,64.4,660.5,0.29,362.4,Agricultural,Sandy,173.0,Average,8.75,0,2.21,3.81,0
5217,1.65,106.2,27.7,72.8,920.7,5.84,151.9,Barren,Sandy,479.0,Poor,3.95,3,0.43,3.06,1
5218,6.52,76.7,23.8,70.3,226.4,7.14,67.6,Wetland,Sandy,1110.0,Good,3.4,0,0.0,6.05,0
5219,7.42,78.1,24.3,68.4,535.4,7.95,15.3,Urban,Clay,1225.0,Poor,3.28,1,3.09,6.15,1
5220,5.23,202.9,34.8,67.9,286.3,5.31,83.2,Urban,Loamy,737.0,Poor,2.37,3,2.77,6.16,1
5221,5.65,82.4,23.5,71.4,429.9,3.44,45.3,Agricultural,Loamy,548.0,Average,5.34,0,5.81,7.25,0
5222,3.99,78.7,20.4,78.2,784.8,4.24,131.1,Agricultural,Loamy,2377.0,Good,1.82,0,0.29,7.47,0
5223,3.2,61.9,17.0,67.9,523.2,4.0,19.9,Forest,Loamy,1442.0,Good,3.93,2,3.66,3.8,0
5224,2.54,214.9,25.0,59.2,102.0,1.59,341.8,Urban,Clay,322.0,Good,4.42,0,5.52,7.56,0
5225,6.78,304.8,27.2,86.3,345.8,0.88,9.0,Agricultural,Clay,425.0,Average,7.75,1,2.38,2.5,0
5226,3.79,143.4,23.1,95.1,570.4,0.0,155.5,Urban,Loamy,702.0,Good,1.85,0,8.13,3.48,0
5227,6.57,,31.1,79.3,632.5,6.04,93.4,Wetland,Clay,404.0,Average,3.02,2,3.22,5.52,1
5228,4.55,144.4,30.5,71.0,1140.963627502808,3.96,55.5,Forest,Loamy,803.0,Average,4.69,0,6.4,7.16,0
5229,7.28,200.3,22.7,83.2,677.3,1.48,4.0,Urban,Sandy,779.0,Poor,4.06,3,2.81,6.75,1
5230,4.24,148.9,26.8,69.0,238.3,0.03,259.1,Agricultural,Loamy,215.0,Good,6.81,0,8.25,5.26,0
5231,5.35,82.7,25.8,53.9,240.1,3.87,5.4,Urban,Clay,184.0,Average,8.13,1,4.64,5.32,1
5232,4.43,165.9,21.4,54.6,78.8,0.48,49.2,Forest,Sandy,906.0,Poor,5.66,1,7.3,4.81,0
5233,5.64,208.5,16.9,67.4,352.0,9.26,124.0,Agricultural,Sandy,200.0,Average,1.59,0,0.47,3.61,1
5234,4.72,197.5,29.0,59.5,851.7,6.0,81.1,Agricultural,Clay,864.0,Good,3.28,3,8.15,5.83,1
5235,6.45,95.0,23.9,70.3,137.4,4.64,57.8,Urban,Clay,1016.0,Average,5.04,0,9.41,3.58,1
5236,7.6,187.4,25.7,72.3,493.7,4.09,105.8,Wetland,Clay,258.0,Poor,2.1,1,4.74,2.87,1
5237,6.35,198.5,24.2,68.1,817.1,6.03,133.1,Urban,Sandy,1130.0,Poor,3.01,1,2.33,4.4,1
5238,3.11,103.3,29.7,57.2,380.5,5.35,90.4,Barren,Clay,775.0,Average,2.66,1,7.56,5.62,1
5239,8.18,,25.7,67.7,716.6,5.9,211.7,Urban,Silty,841.0,Poor,3.28,2,9.43,6.79,1
5240,3.4,188.6,25.8,71.0,687.0,3.34,157.8,Agricultural,Loamy,1461.0,Average,3.22,0,4.76,6.97,0
5241,3.64,307.0,26.7,68.6,178.2,4.75,120.6,Agricultural,Clay,222.0,Poor,3.65,0,0.26,7.28,0
5242,3.84,239.7,26.7,53.7,819.5,7.46,10.7,Wetland,Clay,1468.0,Good,6.33,0,2.34,4.24,1
5243,3.01,183.2,25.9,72.9,370.0,4.43,63.8,Urban,Sandy,412.0,Average,5.99,1,7.44,3.64,0
5244,5.29,7.6,34.4,67.5,327.0,4.74,139.3,Wetland,Loamy,530.0,Poor,7.16,1,4.17,6.58,0
5245,9.12,135.8,19.0,75.0,267.6,3.96,5.4,Agricultural,Sandy,430.0,Average,2.96,3,9.54,6.33,1
5246,4.52,126.2,26.5,78.0,158.9,3.71,19.4,Wetland,Sandy,1396.0,Poor,5.46,2,4.25,5.92,1
5247,4.59,204.8,28.8,75.4,273.8,5.25,56.5,Forest,Clay,314.0,Average,0.75,0,6.24,6.71,1
5248,9.09,94.9,28.0,76.4,872.5,5.32,20.2,Agricultural,Clay,429.0,Poor,6.23,1,8.22,5.93,1
5249,3.66,158.4,30.3,56.0,328.1,6.52,481.8,Urban,Loamy,713.0,Good,4.95,0,8.58,5.49,0
5250,1.73,130.1,29.3,66.9,680.4,4.38,22.0,Urban,Loamy,410.0,Average,4.23,1,6.51,2.47,1
5251,3.81,114.8,23.8,73.5,509.5,3.07,94.2,Agricultural,Sandy,660.0,Average,4.62,0,2.73,4.23,0
5252,1.09,126.2,25.4,82.5,129.4,8.99,299.3,Agricultural,Loamy,508.0,Poor,4.8,0,2.94,7.13,0
5253,5.03,258.4,30.5,78.7,380.5,2.19,64.4,Urban,Silty,889.0,Average,4.93,0,2.61,3.7,0
5254,5.43,61.2,26.9,73.8,325.3,6.14,84.2,Agricultural,Sandy,1819.0,Poor,3.09,1,4.63,6.55,1
5255,6.72,199.6,25.6,62.2,562.2,4.62,192.6,Urban,Clay,196.0,Good,3.87,0,4.1,5.17,0
5256,7.69,265.4,25.7,60.9,341.4,3.72,48.5,Urban,Sandy,120.0,Poor,5.43,1,3.25,5.82,1
5257,5.11,141.2,23.5,82.5,697.9,2.65,90.4,Urban,Silty,1640.0,Poor,2.06,1,2.81,6.69,1
5258,4.98,90.1,22.6,64.7,1366.2,3.91,94.7,Urban,Silty,450.0,Average,5.66,1,3.31,5.26,1
5259,1.1,383.8,20.3,72.1,139.4,6.63,195.5,Urban,Clay,1016.0,Good,5.57,1,4.04,3.84,0
5260,4.86,207.3,25.6,81.0,218.4,7.41,156.2,Barren,Clay,1415.0,Poor,3.42,1,3.8,6.81,1
5261,4.8,56.7,26.3,71.4,349.9,6.14,94.8,Agricultural,Loamy,501.0,Good,8.43,1,10.0,4.3,0
5262,5.08,260.1,28.7,67.8,923.9,5.88,39.5,Agricultural,Sandy,686.0,Good,3.0,3,6.03,6.09,1
5263,5.4,76.8,30.1,74.0,409.5,6.89,21.5,Agricultural,Silty,755.0,Average,6.1,0,5.11,6.51,0
5264,8.58,148.2,26.6,60.3,800.3,3.2,80.9,Forest,Loamy,1612.0,Average,5.78,2,8.01,4.48,0
5265,6.38,154.7,17.2,65.0,274.6,6.13,574.1,Urban,Loamy,88.0,Average,4.8,1,4.44,6.05,0
5266,8.63,227.3,21.9,56.6,347.7,5.33,349.9,Agricultural,Loamy,1756.0,Poor,3.29,0,5.01,9.21,0
5267,6.11,103.6,19.1,62.4,668.5,4.44,83.3,Forest,Clay,979.0,Average,5.21,0,2.42,2.37,0
5268,4.66,101.7,25.8,66.4,134.7,1.13,2.2,Agricultural,Loamy,180.0,Good,5.37,1,3.7,8.64,0
5269,5.07,113.1,33.0,84.7,964.6,8.15,418.2,Agricultural,Silty,820.0,Good,0.35,1,3.72,5.92,1
5270,4.75,233.8,31.5,68.5,231.7,0.0,50.9,Agricultural,Clay,1186.0,Average,4.66,0,2.38,7.45,0
5271,4.07,306.4,28.0,62.8,262.9,6.79,78.2,Urban,Sandy,202.0,Average,2.09,0,5.39,2.22,0
5272,5.87,44.8,33.3,66.3,104.1,4.95,202.8,Agricultural,Sandy,541.0,Average,4.59,1,2.48,5.89,0
5273,3.53,110.4,24.8,88.4,153.0,1.56,21.6,Wetland,Sandy,400.0,Good,8.63,1,9.4,5.87,0
5274,7.32,241.4,26.1,58.6,390.8,4.15,187.9,Agricultural,Loamy,309.0,Average,3.58,1,3.25,1.37,1
5275,7.08,118.6,24.1,64.1,66.6,4.15,222.5,Urban,Sandy,124.0,Poor,9.46,0,5.8,3.32,0
5276,6.94,105.0,29.4,77.8,537.8,3.36,89.3,Urban,Loamy,695.0,Average,5.54,0,1.34,6.36,1
5277,10.0,178.8,31.0,70.2,596.8,6.6,23.0,Forest,Sandy,1264.0,Average,3.97,1,6.72,6.44,1
5278,2.02,,28.8,69.5,476.0,1.81,14.9,Wetland,Loamy,225.0,Good,4.61,0,7.41,2.7,0
5279,3.82,28.2,28.2,72.5,455.8,5.85,45.5,Barren,Silty,1105.0,Average,5.13,0,4.48,2.72,1
5280,4.09,113.9,28.4,75.6,632.0,6.9,213.1,Urban,Silty,470.0,Poor,5.72,2,8.42,3.47,1
5281,4.92,359.8,23.9,52.5,312.7,5.46,142.0,Forest,Loamy,554.0,Average,5.22,0,6.52,5.15,0
5282,5.03,170.0,28.4,71.5,784.3,4.94,33.6,Agricultural,Loamy,456.0,Good,6.04,1,0.0,6.47,0
5283,8.06,118.4,23.0,75.6,290.6,3.53,17.2,Agricultural,Silty,161.0,Poor,6.81,0,3.85,6.04,0
5284,7.8,179.7,27.2,71.5,362.0,5.1,218.4,Forest,Silty,199.0,Average,,0,1.44,3.53,0
5285,7.63,138.4,25.8,,790.3,5.62,135.6,Forest,Silty,1923.0,Average,6.82,1,0.47,4.58,0
5286,6.22,193.5,23.8,51.6,693.1,4.56,85.7,Wetland,Sandy,599.0,Poor,3.31,0,4.11,4.93,1
5287,3.48,102.3,26.0,80.8,300.9,0.28,46.8,Agricultural,Clay,725.0,Poor,6.26,2,5.12,0.78,0
5288,2.57,131.2,26.2,70.2,369.3,3.29,210.1,Urban,Silty,431.0,Average,5.33,1,3.32,6.66,0
5289,1.59,144.0,28.0,71.9,382.7,2.05,52.5,Forest,Clay,1102.0,Poor,,4,2.72,5.01,1
5290,4.78,58.9,27.0,84.0,679.2,1.54,4.4,Forest,Loamy,362.0,Good,3.63,1,3.87,5.02,0
5291,6.35,183.2,32.5,72.7,405.1,2.48,36.1,Agricultural,Clay,234.0,Poor,9.08,1,8.12,2.16,0
5292,8.52,112.6,26.0,71.9,556.4,6.71,6.6,Urban,Silty,385.0,Poor,6.15,0,5.13,5.42,1
5293,5.61,42.4,28.9,86.5,376.1,3.54,23.3,Forest,Clay,602.0,Average,5.79,1,6.3,5.77,0
5294,7.19,107.2,30.9,81.9,160.1,4.7,12.1,Barren,Clay,1736.0,Average,3.63,1,0.32,6.36,1
5295,3.68,203.6,28.6,45.4,106.6,1.38,186.5,Barren,Sandy,403.0,Poor,6.11,1,2.2,2.77,0
5296,5.76,61.5,27.7,84.9,474.4,4.1,1.7,Agricultural,Clay,141.0,Poor,,0,4.11,4.89,1
5297,6.69,188.1,30.0,86.0,581.5,0.44,375.3,Wetland,Loamy,1709.0,Average,3.57,3,5.43,3.71,0
5298,8.8,217.9,31.3,73.6,661.4,6.83,95.5,Agricultural,Clay,676.0,Good,10.0,0,3.11,2.08,0
5299,9.81,184.0,30.7,79.6,338.6,0.0,188.1,Urban,Loamy,651.0,Poor,4.26,0,9.91,6.34,1
5300,4.46,73.5,24.2,,171.6,1.86,167.6,Forest,Sandy,549.0,Average,4.73,0,2.26,6.16,0
5301,8.67,403.7,29.4,76.2,886.2,3.87,95.9,Barren,Clay,822.0,Poor,4.95,2,8.0,4.98,1
5302,8.89,72.0,18.2,58.8,141.7,7.18,169.7,Wetland,Loamy,543.0,Average,2.45,1,7.15,5.57,1
5303,1.05,203.7,27.3,77.2,317.4,4.56,69.9,Wetland,Clay,550.0,Average,5.64,1,0.0,5.09,0
5304,6.86,121.9,22.4,65.6,392.2,2.28,21.5,Agricultural,Loamy,235.0,Average,3.72,2,10.0,4.78,1
5305,1.09,67.5,30.3,77.7,542.6,4.29,30.0,Forest,Clay,1412.0,Average,8.66,2,3.33,4.94,0
5306,2.5,77.1,32.4,67.1,547.3,3.82,33.8,Urban,Loamy,720.0,Good,2.95,0,4.27,1.94,0
5307,7.09,147.9,20.9,58.5,234.6,8.03,431.4,Forest,Clay,776.0,Average,5.09,2,4.13,6.37,0
5308,7.12,112.6,19.4,64.6,195.4,4.64,185.3,Forest,Silty,365.0,Average,4.29,3,8.89,4.55,1
5309,4.13,159.8,33.8,61.9,1100.4,4.14,16.6,Agricultural,Sandy,233.0,Good,4.89,0,4.95,4.23,0
5310,9.26,141.3,27.9,72.8,164.4,6.66,328.1,Forest,Loamy,2605.0,Good,1.53,2,5.84,4.99,0
5311,6.86,149.2,23.6,87.2,289.4,4.99,119.5,Urban,Sandy,840.0,Good,0.0,1,2.97,5.83,1
5312,8.03,205.6,32.2,62.5,569.5,4.62,57.8,Wetland,Clay,899.0,Average,7.42,0,4.48,5.1,0
5313,2.7,200.4,19.7,99.6,602.1,6.81,41.7,Barren,Silty,671.0,Poor,5.35,0,3.02,3.7,1
5314,6.93,109.1,26.7,72.8,489.1,3.48,227.1,Urban,Loamy,587.0,Average,5.69,1,6.27,6.67,0
5315,3.16,173.2,25.9,64.6,447.9,4.46,208.0,Urban,Loamy,2132.0,Poor,5.79,0,4.64,6.74,1
5316,2.21,297.4,28.9,75.3,528.2,4.82,256.9,Forest,Loamy,119.0,Poor,7.95,1,8.4,5.27,0
5317,5.71,134.6,28.7,59.2,444.3,7.13,66.1,Forest,Loamy,806.0,Average,7.41,1,4.34,3.83,0
5318,5.93,116.4,24.2,77.6,523.6,3.12,278.3,Agricultural,Sandy,763.0,Average,2.56,1,1.97,6.77,0
5319,4.31,186.5,28.7,74.2,423.4,7.68,108.0,Urban,Silty,698.0,Average,4.94,1,5.8,1.17,0
5320,5.02,110.6,28.3,69.1,396.9,3.96,409.9,Agricultural,Clay,138.0,Poor,3.5,0,3.94,4.68,0
5321,3.88,,21.8,65.5,378.2,2.93,90.2,Agricultural,Clay,332.0,Good,6.57,1,3.88,4.66,0
5322,6.63,224.3,29.4,60.8,260.1,3.98,128.8,Forest,Loamy,704.0,Average,,1,8.61,4.8,0
5323,1.47,350.2,27.5,94.9,601.1,4.86,7.9,Urban,Sandy,236.0,Poor,3.29,1,3.12,5.87,0
5324,4.83,77.1,25.5,60.9,127.0,0.0,112.2,Forest,Silty,320.0,Average,2.96,0,6.86,7.84,0
5325,3.15,248.4,26.0,70.0,319.9,8.72,380.9,Forest,Silty,531.0,Poor,8.75,2,7.36,3.99,0
5326,8.32,160.5,27.3,63.3,295.9,2.34,61.0,Urban,Sandy,334.0,Average,7.03,3,3.72,3.0,0
5327,4.41,249.3,27.9,66.8,157.3,7.07,372.1,Urban,Silty,272.0,Average,,1,4.89,5.31,0
5328,6.1,170.2,28.3,41.9,229.4,7.38,306.9,Urban,Sandy,640.0,Average,4.45,1,1.0,7.95,0
5329,3.81,138.6,23.9,63.7,422.1,1.95,190.0,Forest,Clay,1314.0,Average,0.0,0,7.7,6.28,0
5330,6.05,146.4,26.6,86.5,172.8,5.38,57.0,Forest,Silty,1801.0,Poor,8.98,2,2.82,2.61,1
5331,7.36,123.9,28.3,70.2,292.2,5.73,59.3,Urban,Loamy,465.0,Poor,3.02,3,7.4,9.7,1
5332,4.27,214.4,31.5,47.5,128.7,5.44,29.6,Forest,Loamy,675.0,Good,6.33,1,2.01,4.41,0
5333,8.96,82.8,29.9,45.4,246.5,7.54,167.5,Forest,Loamy,796.0,Poor,0.82,1,5.7,8.09,1
5334,8.64,86.9,29.6,91.0,438.0,2.71,107.1,Wetland,Loamy,646.0,Good,8.11,1,9.71,5.89,0
5335,6.95,85.1,26.7,61.7,684.1,6.2,13.1,Agricultural,Loamy,418.0,Average,8.48,0,5.67,5.18,1
5336,7.17,149.4,28.4,33.3,575.1,3.35,58.7,Urban,Loamy,41.0,Average,3.16,1,9.96,4.78,1
5337,1.32,268.4,22.7,66.6,267.5,3.84,217.8,Wetland,Clay,1502.0,Good,6.7,1,3.57,7.6,0
5338,4.35,230.5,26.0,54.4,292.0,5.02,73.6,Urban,Silty,194.0,Poor,4.31,1,4.35,7.59,0
5339,6.79,219.1,21.5,80.4,940.8,3.9,102.1,Urban,Sandy,403.0,Average,2.5,2,2.58,3.01,1
5340,7.76,240.7,25.0,78.1,123.0,7.66,6.2,Urban,Silty,437.0,Average,5.5,1,5.58,1.64,1
5341,3.4,207.0,19.2,45.9,589.2,4.13,224.2,Forest,Clay,998.0,Good,6.02,2,5.57,3.35,0
5342,2.87,100.4,16.8,73.3,174.7,5.13,76.6,Urban,Sandy,1110.0,Average,2.87,1,3.55,7.05,0
5343,7.02,135.6,32.3,81.6,660.4,5.32,26.0,Barren,Loamy,212.0,Average,9.06,1,7.31,3.72,0
5344,9.37,101.1,28.3,90.3,308.3,2.91,576.5,Agricultural,Sandy,720.0,Average,7.14,1,6.26,4.62,0
5345,5.82,248.4,19.0,68.1,1231.8,0.56,23.6,Barren,Silty,178.0,Good,8.44,0,3.96,4.63,0
5346,7.52,288.2,26.4,84.6,243.3,3.59,102.3,Agricultural,Sandy,230.0,Good,5.0,1,4.08,4.52,0
5347,4.86,241.8,21.8,60.1,131.2,1.77,225.1,Forest,Sandy,342.0,Poor,6.93,2,6.39,5.17,0
5348,0.11,63.3,32.4,61.6,474.5,3.59,30.6,Forest,Silty,197.0,Poor,2.87,2,5.07,2.37,0
5349,0.26,115.8,25.1,69.3,720.1,5.99,24.3,Forest,Silty,339.0,Poor,0.04,0,5.87,5.22,1
5350,2.91,204.8,20.0,45.8,464.4,5.78,59.5,Urban,Clay,444.0,Average,4.13,2,7.57,5.29,1
5351,6.79,176.9,24.1,66.6,207.6,5.75,279.2,Urban,Clay,1635.0,Average,5.29,1,3.22,5.96,0
5352,3.77,285.7,31.4,72.3,241.4,4.34,74.1,Urban,Loamy,367.0,Average,4.22,1,2.51,4.09,1
5353,3.28,108.8,34.0,61.9,219.2,3.76,9.9,Barren,Clay,390.0,Average,3.84,0,9.07,9.67,0
5354,5.38,80.0,26.3,61.3,1040.4,3.07,110.7,Agricultural,Sandy,1449.0,Average,9.47,0,0.0,6.55,0
5355,4.5,474.0,33.7,74.0,240.2,1.51,349.0,Agricultural,Clay,285.0,Poor,5.3,1,2.34,2.29,0
5356,5.94,97.7,23.0,75.1,390.6,4.12,16.3,Agricultural,Clay,655.0,Average,4.94,2,2.94,5.14,1
5357,3.42,190.0,27.0,55.5,269.6,4.68,163.9,Agricultural,Loamy,96.0,Average,4.04,2,7.2,3.78,0
5358,3.33,148.9,19.0,81.7,132.1,5.02,270.9,Barren,Sandy,1765.0,Poor,4.55,2,5.91,4.77,0
5359,3.76,162.5,24.7,65.9,394.2,6.15,45.9,Barren,Loamy,383.0,Good,1.33,0,4.49,3.13,1
5360,1.44,118.7,26.2,75.8,193.5,4.25,36.8,Urban,Clay,512.0,Average,1.69,2,2.09,3.39,1
5361,4.69,114.9,23.5,71.4,166.4,6.3,124.3,Agricultural,Silty,747.0,Average,5.47,3,6.21,5.83,1
5362,6.29,200.3,30.8,71.4,367.6,0.0,53.9,Agricultural,Clay,1478.0,Average,3.75,0,0.0,4.43,0
5363,5.74,262.8,28.8,67.7,326.5,3.01,53.7,Urban,Sandy,1830.0,Poor,4.93,0,8.39,5.02,1
5364,1.93,280.4,23.9,62.1,287.3,3.35,218.4,Agricultural,Clay,453.0,Poor,2.97,0,0.0,7.28,0
5365,5.02,433.3,24.7,61.4,238.3,7.43,167.7,Agricultural,Silty,1031.0,Poor,5.94,1,7.77,4.23,1
5366,5.71,157.1,31.1,71.3,314.5,4.37,78.1,Forest,Loamy,537.0,Average,6.07,1,5.83,6.3,0
5367,4.68,132.1,27.4,76.5,609.0,4.57,390.3,Urban,Sandy,296.0,Average,3.52,0,6.51,3.21,0
5368,4.07,95.4,32.4,59.7,58.7,4.99,110.9,Barren,Clay,105.0,Average,3.85,1,7.15,2.82,0
5369,5.99,135.4,26.3,59.7,123.9,5.1,317.6,Urban,Loamy,413.0,Poor,7.32,2,6.4,3.47,1
5370,5.53,267.6,28.5,60.1,800.6,3.52,3.6,Wetland,Clay,1844.0,Poor,3.53,0,7.89,5.18,1
5371,0.38,65.1,28.6,67.6,227.1,4.89,379.0,Urban,Clay,165.0,Poor,8.27,1,4.48,5.07,0
5372,1.61,100.0,33.0,82.4,328.6,2.33,146.2,Agricultural,Loamy,247.0,Average,5.29,2,3.74,4.56,0
5373,4.91,66.2,24.3,58.9,452.9,1.01,57.9,Forest,Clay,456.0,Average,2.15,1,1.2,4.1,0
5374,6.0,133.7,32.2,65.8,320.3,2.96,32.6,Forest,Clay,1385.0,Average,3.93,0,3.72,5.91,0
5375,3.93,62.5,27.5,72.5,465.3,7.53,177.6,Forest,Clay,486.0,Poor,6.78,1,7.9,0.9,0
5376,6.88,189.3,19.6,67.2,985.4,2.02,109.0,Wetland,Loamy,455.0,Average,8.88,1,7.41,8.51,1
5377,5.93,68.2,31.3,67.1,689.7,4.59,193.1,Agricultural,Clay,2063.0,Poor,4.05,1,6.02,4.38,1
5378,8.76,65.1,21.8,64.9,162.7,5.88,23.8,Agricultural,Clay,478.0,Good,7.91,2,6.52,2.31,1
5379,6.46,214.3,25.2,78.8,230.9,2.22,84.1,Agricultural,Clay,237.0,Average,3.37,0,5.42,4.09,0
5380,6.51,329.8,28.7,95.0,554.1,6.26,812.7,Forest,Clay,839.0,Average,7.5,0,4.72,7.61,0
5381,5.07,136.4,27.0,85.6,397.8,3.99,1.6,Urban,Loamy,2105.0,Poor,4.23,0,3.48,3.89,1
5382,5.72,104.5,22.0,77.7,627.2,7.04,7.3,Agricultural,Sandy,288.0,Average,3.38,1,0.97,3.98,0
5383,3.67,116.0,30.6,81.2,466.4,7.69,491.2,Wetland,Sandy,745.0,Good,4.84,0,3.54,6.03,0
5384,3.39,194.8,19.9,61.0,490.4,4.44,330.9,Urban,Clay,869.0,Average,10.0,1,3.96,5.09,0
5385,3.95,87.8,21.3,81.6,401.9,6.08,78.5,Urban,Clay,1063.0,Average,5.51,1,5.46,3.91,1
5386,5.86,197.9,21.5,74.5,526.6,2.01,91.7,Urban,Sandy,2823.0,Poor,9.34,2,5.27,3.77,0
5387,7.99,167.9,29.8,68.7,206.9,5.51,75.7,Urban,Sandy,1364.0,Poor,8.07,1,5.73,4.71,0
5388,5.65,216.4,26.0,57.7,569.9,5.32,117.2,Urban,Loamy,601.0,Average,0.28,2,0.27,7.43,1
5389,8.44,255.0,31.0,76.9,337.2,5.0,107.5,Agricultural,Silty,207.0,Average,3.95,2,0.2,8.3,1
5390,8.51,205.9,21.0,56.2,558.6,3.97,114.6,Urban,Silty,736.0,Average,4.72,1,2.35,3.51,1
5391,4.53,94.1,23.3,78.8,200.2,3.72,77.5,Barren,Sandy,849.0,Average,5.51,3,4.96,5.04,1
5392,4.33,54.5,30.6,88.0,413.2,5.68,98.2,Urban,Loamy,159.0,Average,6.58,0,4.75,6.5,0
5393,9.6,254.2,30.3,79.7,180.5,6.28,68.7,Agricultural,Loamy,289.0,Average,7.26,1,1.8,2.93,1
5394,6.51,228.3,32.6,52.1,1584.2,4.83,164.3,Urban,Loamy,330.0,Poor,6.21,1,2.17,4.77,1
5395,7.48,173.5,22.1,48.8,575.6,3.1,272.0,Wetland,Sandy,2465.0,Good,6.68,0,6.06,4.74,0
5396,4.09,247.8,26.4,55.9,391.2,3.23,30.1,Urban,Sandy,649.0,Average,7.34,1,7.54,5.52,0
5397,7.74,150.9,11.6,56.3,472.2,6.31,248.9,Agricultural,Clay,152.0,Average,7.1,3,7.92,3.86,1
5398,4.09,300.0,24.1,63.2,158.2,5.16,156.8,Urban,Loamy,552.0,Poor,1.55,5,4.67,2.64,1
5399,4.6,145.3,27.8,100.0,433.7,8.09,265.2,Forest,Clay,831.0,Good,5.64,1,7.27,3.43,0
5400,1.96,74.2,28.2,75.4,191.7,7.46,4.3,Agricultural,Sandy,1080.0,Average,3.91,0,7.65,2.02,0
5401,6.65,156.5,31.1,53.7,138.6,2.79,30.1,Barren,Loamy,348.0,Good,5.9,0,3.89,3.08,0
5402,1.71,251.9,21.7,61.9,267.8,2.25,146.8,Forest,Loamy,314.0,Average,2.67,1,2.07,5.07,0
5403,6.56,282.2,29.6,70.3,443.2,1.02,116.5,Urban,Loamy,697.0,Good,7.49,0,4.59,5.96,0
5404,4.54,176.2,26.7,70.8,270.1,4.78,338.7,Urban,Loamy,197.0,Poor,3.77,3,6.94,5.13,1
5405,5.08,346.0,16.9,50.6,576.5,5.04,0.4,Forest,Silty,599.0,Good,5.84,0,4.58,3.44,0
5406,2.94,162.8,18.7,60.4,530.0,4.86,71.2,Forest,Clay,1165.0,Poor,3.64,2,4.84,7.41,1
5407,3.93,160.1,23.9,68.0,1030.0,8.66,14.8,Agricultural,Loamy,506.0,Poor,8.4,2,2.9,3.53,1
5408,6.88,121.5,27.9,82.4,207.7,5.96,31.5,Forest,Clay,90.0,Average,3.47,0,0.0,5.16,0
5409,5.81,207.5,32.7,79.3,704.8,4.38,545.0,Agricultural,Clay,397.0,Average,5.28,2,6.92,6.82,0
5410,5.92,35.6,28.7,76.1,179.5,5.91,210.7,Agricultural,Sandy,1204.0,Average,5.64,1,5.72,7.39,0
5411,5.11,128.2,32.4,70.0,507.1,7.52,66.3,Urban,Silty,642.0,Poor,1.83,1,5.22,5.43,1
5412,3.35,265.5,29.7,67.3,410.9,4.48,396.7,Urban,Silty,488.0,Average,4.14,0,3.7,3.03,0
5413,3.7,261.1,24.6,56.5,943.1,3.94,28.7,Wetland,Loamy,662.0,Poor,5.89,1,2.68,5.79,1
5414,3.49,168.0,29.2,71.4,217.2,5.29,0.7,Agricultural,Clay,941.0,Good,3.77,0,4.94,1.1,0
5415,3.38,157.0,31.9,77.3,348.2,5.16,45.6,Forest,Sandy,392.0,Poor,0.74,2,4.56,1.85,1
5416,7.57,196.5,29.5,74.1,309.3,2.86,72.5,Barren,Clay,2162.0,Poor,5.98,1,6.57,5.33,1
5417,2.65,242.5,24.1,76.0,634.1,4.36,42.9,Barren,Silty,769.0,Average,4.15,0,3.46,1.8,0
5418,7.15,108.1,30.7,81.5,299.6,2.39,164.4,Agricultural,Sandy,425.0,Average,7.24,1,7.67,4.06,0
5419,4.83,137.4,25.7,67.8,662.0,5.33,253.4,Barren,Loamy,647.0,Average,5.01,0,6.23,5.65,0
5420,6.93,137.2,27.6,55.5,415.4,3.28,68.2,Forest,Silty,574.0,Good,5.92,1,4.48,7.74,0
5421,6.64,200.6,31.7,71.6,484.4,2.91,79.8,Agricultural,Silty,90.0,Good,8.38,3,3.82,5.52,0
5422,2.46,21.7,22.4,75.9,1132.2,3.35,7.9,Urban,Silty,237.0,Average,6.91,1,4.92,5.29,1
5423,4.4,84.8,25.0,65.2,1147.0,5.76,342.8,Agricultural,Sandy,154.0,Good,10.0,0,5.87,7.27,0
5424,4.14,137.3,36.6,69.0,222.5,0.0,306.1,Urban,Clay,384.0,Average,4.3,1,5.79,5.26,0
5425,4.33,99.7,32.8,74.7,200.4,2.58,130.7,Forest,Loamy,917.0,Average,4.48,2,3.59,3.78,0
5426,0.89,122.8,16.5,75.2,275.9,6.91,53.3,Barren,Clay,132.0,Good,8.23,1,5.23,7.32,0
5427,7.09,203.1,35.5,68.8,269.1,,330.1,Forest,Silty,920.0,Average,1.66,2,4.45,5.29,0
5428,0.54,270.8,24.4,71.6,611.6,4.78,60.1,Wetland,Sandy,2072.0,Average,5.51,2,5.9,7.62,0
5429,3.47,230.7,28.8,72.9,163.1,5.19,108.5,Forest,Loamy,253.0,Good,6.12,3,7.14,2.29,0
5430,1.96,98.1,29.8,62.1,457.9,4.82,23.6,Agricultural,Sandy,549.0,Good,5.8,0,0.31,4.75,0
5431,7.97,70.8,25.7,60.8,468.3,4.59,37.3,Barren,Silty,557.0,Poor,1.79,2,3.91,5.61,1
5432,2.91,146.1,22.7,73.8,277.9,4.19,58.7,Urban,Clay,766.0,Poor,3.08,4,2.98,5.39,1
5433,7.9,154.6,29.6,56.7,685.1,6.14,336.7,Forest,Silty,582.0,Good,3.99,0,7.56,1.76,0
5434,2.62,200.5,28.9,73.6,358.1,6.59,63.1,Wetland,Loamy,473.0,Poor,7.65,3,7.9,4.89,1
5435,6.01,145.8,27.2,66.3,308.3,0.75,6.3,Agricultural,Clay,613.0,Poor,3.86,3,0.0,2.75,1
5436,0.0,91.7,25.8,62.2,266.5,5.03,115.4,Forest,Silty,1267.0,Average,7.0,1,7.07,4.38,0
5437,5.76,211.7,25.4,65.7,609.4,,94.6,Agricultural,Loamy,765.0,Average,0.62,1,8.23,4.24,1
5438,5.46,161.9,29.9,76.0,575.8,4.03,43.6,Agricultural,Silty,291.0,Poor,6.02,2,3.17,4.61,1
5439,3.96,158.5,26.8,79.3,612.6,5.48,174.9,Barren,Silty,916.0,Poor,4.53,1,5.5,7.05,0
5440,4.19,179.3,25.8,,135.9,4.08,125.7,Agricultural,Loamy,573.0,Good,2.0,3,4.48,4.47,0
5441,4.38,155.4,27.0,61.9,142.5,1.95,306.0,Wetland,Silty,314.0,Poor,10.0,0,1.77,3.22,0
5442,3.02,49.1,24.8,81.2,716.3,5.11,54.0,Forest,Clay,1977.0,Average,8.09,0,2.38,5.75,0
5443,3.56,243.3,29.2,85.1,411.4,4.85,137.9,Urban,Clay,1489.0,Poor,6.18,2,2.45,2.71,0
5444,3.41,206.5,23.1,59.1,473.8,4.92,39.1,Urban,Loamy,1248.0,Good,5.59,1,4.06,3.44,0
5445,5.61,198.7,30.1,62.2,224.6,0.0,111.5,Urban,Clay,446.0,Average,6.01,0,1.37,7.54,0
5446,6.39,129.8,32.4,81.7,561.5,4.41,119.0,Agricultural,Sandy,500.0,Poor,10.0,2,4.02,4.58,0
5447,3.03,168.3,25.8,75.5,598.4,4.4,143.6,Urban,Silty,795.0,Good,4.03,0,5.16,6.42,0
5448,2.41,121.7,26.8,65.4,259.8,4.34,233.3,Urban,Clay,434.0,Good,5.42,1,6.48,2.02,0
5449,6.96,141.4,30.6,56.0,121.3,5.16,70.8,Agricultural,Loamy,1427.0,Poor,6.9,3,10.0,5.64,0
5450,1.75,300.1,28.4,64.8,85.3,1.69,94.6,Agricultural,Sandy,1392.0,,8.26,3,0.96,2.34,0
5451,2.78,93.3,23.0,58.7,233.6,3.61,1.3,Agricultural,Silty,467.0,Good,6.09,1,9.17,5.7,0
5452,9.08,125.3,27.3,50.3,318.7,6.98,566.2,Forest,Silty,1055.0,Poor,6.88,2,3.72,4.83,0
5453,6.26,231.4,36.2,72.2,814.4,1.83,70.1,Agricultural,Clay,883.0,Poor,3.18,0,1.49,3.36,1
5454,5.45,161.3,19.2,73.9,202.2,3.27,439.8,Wetland,Loamy,628.0,Poor,5.97,1,6.97,4.81,0
5455,5.09,120.4,24.0,55.9,438.1,6.82,138.9,Wetland,Loamy,1753.0,Average,2.45,1,7.22,3.88,1
5456,3.92,28.9,37.3,58.0,186.8,6.6,228.0,Urban,Loamy,745.0,Good,1.96,2,8.31,4.81,0
5457,4.09,,24.1,92.5,839.5,4.32,215.0,Urban,Loamy,191.0,Average,3.42,1,4.77,3.78,0
5458,4.59,228.7,28.4,69.1,223.4,4.18,16.7,Wetland,Loamy,541.0,Poor,6.75,0,4.45,4.46,0
5459,0.0,124.7,25.2,66.0,431.7,1.79,329.5,Urban,Clay,236.0,Poor,4.47,2,4.28,7.0,0
5460,1.45,68.6,27.2,71.2,397.9,2.87,154.0,Forest,Loamy,110.0,Good,5.89,3,3.47,7.07,0
5461,3.49,95.5,36.3,69.4,377.2,0.77,179.9,Barren,Sandy,1703.0,Average,5.11,1,4.49,7.72,0
5462,4.91,69.6,31.0,79.6,168.9,7.27,166.2,Agricultural,Loamy,358.0,Good,8.02,0,6.22,4.89,0
5463,0.31,164.8,26.1,70.3,1017.4,0.48,885.6,Wetland,Loamy,466.0,Poor,1.91,2,6.58,5.39,0
5464,2.31,123.3,24.3,52.1,933.6,7.76,56.9,Forest,Loamy,1755.0,Average,7.62,0,4.8,5.31,0
5465,4.94,37.0,23.8,80.2,659.2,3.75,101.0,Urban,Loamy,742.0,Average,4.38,1,3.27,6.47,1
5466,3.21,154.8,25.2,46.1,293.7,0.35,429.2,Agricultural,Loamy,511.0,,3.62,1,7.43,6.33,0
5467,3.87,464.3,32.8,71.4,306.9,2.08,309.5,Agricultural,Sandy,809.0,,5.59,1,5.98,2.55,0
5468,7.78,167.1,26.4,59.5,421.4,5.05,405.6,Urban,Clay,1228.0,,3.65,4,2.77,5.46,1
5469,2.98,220.4,27.2,77.8,768.8,1.59,66.1,Agricultural,Sandy,916.0,Good,2.9,0,3.81,5.01,0
5470,6.48,89.1,28.2,55.0,223.8,7.36,75.5,Forest,Loamy,1017.0,Poor,7.44,2,6.62,4.53,0
5471,5.18,124.0,31.8,74.4,207.2,5.62,112.8,Urban,Loamy,683.0,Poor,5.54,1,4.69,1.03,0
5472,5.04,249.4,23.7,64.2,237.7,3.21,131.9,Urban,Loamy,394.0,Average,4.16,0,9.51,5.59,0
5473,3.43,211.1,26.8,81.7,418.1,6.75,23.6,Urban,Clay,118.0,Average,6.39,1,2.31,1.8,0
5474,3.0,371.7,29.7,51.3,108.6,4.95,82.3,Agricultural,Sandy,443.0,Average,7.11,0,3.86,8.05,0
5475,8.88,64.2,29.8,70.4,707.1,4.4,72.0,Agricultural,Sandy,216.0,Poor,8.5,1,3.4,3.92,0
5476,7.09,97.6,24.6,56.3,541.6,4.23,124.4,Urban,Silty,492.0,Average,3.35,0,7.4,9.03,1
5477,6.02,186.8,22.2,68.2,1107.6,4.75,40.7,Agricultural,Clay,1068.0,Good,4.84,1,0.69,5.69,0
5478,4.83,116.2,23.7,71.9,532.3,2.97,157.5,Wetland,Sandy,706.0,Average,1.73,0,5.45,7.43,0
5479,5.42,178.6,30.4,74.6,342.6,4.51,98.1,Barren,Silty,189.0,Poor,6.66,2,4.26,6.23,1
5480,4.06,89.1,28.9,77.6,212.0,6.73,17.7,Agricultural,Sandy,891.0,Good,1.34,1,7.14,5.14,0
5481,0.56,90.2,25.5,100.0,334.2,3.09,102.1,Urban,Loamy,601.0,Good,4.47,2,5.58,5.69,0
5482,2.19,58.6,25.6,84.3,509.0,8.43,251.5,Forest,Clay,323.0,,4.45,0,5.07,6.77,0
5483,7.39,147.7,28.1,70.5,344.7,7.19,40.2,Wetland,Clay,1533.0,Average,5.69,0,2.73,5.23,1
5484,9.03,140.6,27.6,60.4,1479.3,2.37,150.0,Forest,Silty,2033.0,Poor,5.55,2,7.0,1.82,1
5485,6.99,150.1,24.9,73.6,400.0,9.59,510.1,Urban,Clay,1554.0,Good,7.36,1,5.8,5.93,1
5486,5.12,199.9,19.1,71.9,678.9,2.25,142.6,Urban,Loamy,788.0,Average,3.15,3,3.42,2.93,0
5487,0.41,126.2,23.9,71.7,587.7,1.61,36.3,Agricultural,Loamy,489.0,Poor,3.01,1,4.27,3.86,0
5488,3.55,147.1,33.0,77.1,102.8,2.71,59.0,Forest,Silty,847.0,Average,3.34,0,5.17,3.13,0
5489,2.81,,36.6,49.6,262.6,5.64,256.0,Barren,Clay,942.0,Average,4.13,2,6.0,4.79,1
5490,3.35,393.9,29.1,50.7,886.5,4.44,196.4,Forest,Loamy,1001.0,Average,0.27,0,2.88,5.29,0
5491,5.25,83.2,29.8,79.1,428.8,2.45,141.8,Urban,Silty,486.0,Average,9.7,2,4.93,5.02,0
5492,8.74,253.2,30.6,64.7,226.4,6.2,394.7,Forest,Clay,1943.0,Average,9.36,1,6.95,5.54,0
5493,3.75,114.2,30.2,73.2,671.7,8.66,72.0,Agricultural,Loamy,135.0,Average,,3,3.94,4.07,1
5494,4.67,107.3,27.0,84.2,411.6,4.87,24.9,Agricultural,Loamy,1883.0,Poor,6.45,1,9.91,4.41,1
5495,4.45,53.0,30.8,44.1,224.5,3.05,3.3,Wetland,Clay,96.0,Average,7.18,2,1.07,3.09,0
5496,4.78,219.9,22.9,62.6,706.8,4.76,236.9,Forest,Clay,220.0,Good,0.73,2,6.65,6.19,1
5497,8.48,322.5,33.8,74.1,84.1,5.17,90.2,Agricultural,Sandy,1386.0,Good,4.9,1,6.39,4.48,0
5498,2.65,293.3,30.7,71.9,584.9,2.68,169.1,Urban,Loamy,2952.0,Average,2.98,2,9.71,3.99,1
5499,4.18,147.6,24.2,69.0,544.8,5.56,45.7,Agricultural,Loamy,332.0,Average,1.71,1,5.93,3.85,1
5500,6.67,214.5,30.3,65.6,815.9,1.09,87.3,Forest,Loamy,1118.0,Average,5.08,3,1.48,4.82,0
5501,4.09,63.4,30.8,71.3,416.0,5.53,37.6,Barren,Clay,1461.0,Poor,9.75,1,0.92,4.95,0
5502,4.14,180.0,21.1,81.1,502.9,2.71,599.2,Urban,Sandy,764.0,Average,0.93,1,4.67,7.86,0
5503,3.66,101.8,24.2,80.9,482.8,4.3,82.0,Agricultural,Loamy,704.0,Poor,3.13,3,4.92,1.55,1
5504,0.43,453.6,33.4,74.6,774.4,2.99,55.1,Barren,Loamy,654.0,Average,3.91,2,7.82,5.93,1
5505,7.87,104.5,25.1,48.5,434.0,4.99,15.7,Agricultural,Loamy,663.0,Poor,9.0,0,7.86,3.96,1
5506,5.1,165.2,25.4,52.0,331.8,2.24,57.5,Agricultural,Loamy,197.0,Average,8.99,2,4.27,3.28,0
5507,2.91,105.6,22.2,76.6,243.8,2.11,192.6,Forest,Clay,422.0,Average,2.93,7,1.78,3.25,0
5508,5.64,120.6,32.4,67.2,590.7,3.04,203.6,Forest,Clay,484.0,Good,3.33,1,2.67,1.8,0
5509,10.0,58.1,31.0,88.9,1442.9,0.61,23.3,Agricultural,Clay,610.0,Average,4.93,0,2.94,5.05,1
5510,3.03,95.9,28.5,81.5,340.2,1.22,166.7,Urban,Clay,1190.0,Average,2.95,1,5.65,8.45,0
5511,6.03,140.7,34.6,70.1,27.7,5.11,10.1,Urban,Clay,1200.0,Average,3.34,1,3.44,6.43,0
5512,6.8,153.9,26.7,84.6,612.2,0.53,104.7,Urban,Loamy,522.0,,2.91,1,4.95,5.75,0
5513,3.2,159.2,23.7,85.2,755.2,0.0,31.8,Agricultural,Clay,1882.0,Average,6.42,2,2.61,1.95,0
5514,7.52,207.2,24.2,55.2,227.3,0.9,294.2,Forest,Sandy,497.0,Poor,5.27,0,5.56,1.14,0
5515,7.01,254.4,28.1,80.6,115.4,3.63,49.2,Agricultural,Clay,63.0,Good,7.65,3,3.88,5.42,0
5516,0.42,134.5,32.3,66.1,801.1,6.63,52.3,Urban,Clay,644.0,Poor,2.24,1,4.08,3.41,1
5517,7.37,164.1,26.6,60.2,308.7,0.0,4.6,Wetland,Sandy,218.0,Poor,2.09,1,5.12,3.86,0
5518,8.25,344.6,28.4,64.6,1048.6,5.4,102.2,Agricultural,Sandy,457.0,Average,6.51,3,3.38,7.06,1
5519,2.77,244.8,29.6,82.5,41.5,4.98,61.0,Agricultural,Clay,840.0,Average,7.21,2,3.13,6.22,0
5520,4.24,235.2,33.1,77.4,356.0,6.47,33.3,Forest,Loamy,1310.0,Poor,5.01,1,3.61,4.45,1
5521,3.59,265.0,19.5,71.7,85.2,4.55,203.0,Urban,Sandy,1174.0,Average,4.51,1,6.86,2.17,0
5522,6.49,32.4,24.5,83.0,187.7,4.23,122.1,Forest,Silty,939.0,Poor,6.97,1,5.9,5.39,0
5523,7.42,257.1,21.3,56.1,325.9,4.91,89.6,Urban,Sandy,387.0,Good,6.04,2,7.04,5.2,0
5524,6.03,52.5,32.5,77.6,372.0,4.15,101.0,Agricultural,Loamy,2750.0,Average,1.81,2,7.3,5.02,1
5525,3.14,144.6,30.0,55.8,341.7,5.73,74.3,Forest,Silty,978.0,Poor,1.54,2,2.64,0.69,1
5526,8.26,79.0,25.3,70.6,549.5,4.56,21.1,Urban,Clay,643.0,Average,5.18,2,1.25,4.36,1
5527,0.0,203.5,29.2,91.3,494.7,7.38,12.4,Agricultural,Clay,146.0,Average,6.57,2,3.01,6.98,1
5528,5.58,114.0,21.4,54.6,632.7,4.19,58.1,Urban,Sandy,1586.0,Average,6.19,0,6.91,3.88,0
5529,5.17,199.3,24.6,52.0,344.6,6.18,85.9,Forest,Silty,567.0,Good,8.72,2,2.25,7.06,0
5530,8.39,283.9,31.4,64.7,441.2,3.37,25.6,Agricultural,Sandy,412.0,Good,1.39,2,4.67,4.78,1
5531,5.52,351.3,25.0,64.3,234.5,0.36,113.8,Agricultural,Clay,234.0,Average,5.8,2,4.18,3.42,0
5532,5.0,169.5,25.0,69.4,622.6,3.85,112.1,Agricultural,Clay,1082.0,Poor,7.23,1,4.51,5.17,0
5533,3.34,145.6,25.0,86.0,458.7,6.45,102.0,Agricultural,Loamy,1603.0,Average,,1,4.19,5.54,0
5534,4.85,89.7,29.3,44.8,664.8,6.22,276.3,Wetland,Sandy,219.0,Poor,10.0,0,1.7,3.78,0
5535,4.03,301.1,31.8,85.2,561.2,3.82,376.3,Barren,Silty,192.0,Average,6.7,1,9.09,4.27,0
5536,4.37,101.3,29.1,60.6,538.9,3.12,179.4,Urban,Clay,424.0,Poor,1.83,2,3.91,4.16,1
5537,4.18,101.0,29.1,72.4,146.3,7.52,442.8,Urban,Sandy,1847.0,Good,2.27,0,6.46,5.46,0
5538,10.0,125.0,24.0,,319.1,4.88,60.8,Agricultural,Clay,1318.0,Average,4.92,2,5.57,5.11,1
5539,5.92,154.6,29.0,69.2,171.2,8.4,343.2,Wetland,Silty,1043.0,Good,5.07,2,6.59,4.95,0
5540,3.95,184.2,27.5,64.5,384.4,6.63,160.6,Agricultural,Clay,828.0,Average,8.8,2,2.83,3.01,0
5541,8.82,123.0,24.0,68.6,493.4,8.8,431.3,Urban,Loamy,441.0,Average,4.06,1,4.58,1.76,1
5542,5.45,161.5,20.7,52.6,16.1,5.06,1.5,Forest,Sandy,423.0,Poor,7.59,1,7.1,8.49,0
5543,2.85,139.5,25.0,55.0,1286.3,4.62,413.6,Wetland,Loamy,629.0,Average,10.0,1,5.17,8.8,0
5544,7.63,258.5,25.8,51.8,637.7,7.11,219.9,Urban,Loamy,265.0,Average,4.74,0,6.58,4.82,1
5545,4.29,179.6,24.1,56.9,188.4,4.91,744.3,Forest,Silty,1063.0,Average,6.26,3,4.13,5.22,0
5546,4.21,84.7,28.4,63.8,429.6,3.92,415.4,Agricultural,Sandy,1338.0,Poor,7.33,1,10.0,3.51,0
5547,2.16,167.6,19.9,76.3,232.2,7.32,24.2,Agricultural,Silty,185.0,Poor,7.57,1,2.29,7.7,1
5548,6.38,95.7,22.7,59.9,313.1,6.13,322.9,Wetland,Sandy,424.0,Good,5.55,0,4.73,4.71,0
5549,3.44,87.0,28.9,68.9,395.5,0.53,158.8,Agricultural,Loamy,228.0,Average,7.94,1,5.34,4.01,0
5550,3.48,155.1,27.5,73.5,446.0,5.04,113.6,Urban,Sandy,1861.0,Good,8.58,2,0.21,2.56,0
5551,4.76,330.2,29.9,80.7,446.7,7.7,26.3,Forest,Silty,849.0,Average,7.9,2,7.25,4.68,1
5552,2.77,276.6,27.6,84.3,472.5,5.51,269.8,Wetland,Loamy,1407.0,Good,5.51,1,4.82,2.41,0
5553,3.52,271.7,23.4,64.3,479.3,0.31,151.1,Wetland,Sandy,228.0,Good,5.65,1,8.6,7.93,0
5554,6.54,190.9,24.9,78.4,556.5,5.6,40.6,Wetland,Sandy,538.0,Average,3.44,5,5.03,4.59,1
5555,4.91,215.7,27.9,69.5,430.8,6.1,199.9,Urban,Clay,796.0,Average,0.37,3,7.43,5.26,1
5556,5.47,102.4,27.6,67.0,197.2,2.7,251.3,Agricultural,Sandy,46.0,Poor,3.59,0,3.2,6.92,0
5557,4.71,206.9,22.9,46.3,758.3,3.23,11.8,Agricultural,Clay,176.0,Average,2.63,2,4.12,5.87,1
5558,9.03,161.4,27.9,72.1,261.6,8.07,93.5,Barren,Sandy,1436.0,Average,4.23,2,3.51,6.34,1
5559,5.42,170.1,25.0,93.2,410.7,,195.0,Barren,Sandy,1327.0,Poor,9.09,2,3.72,4.14,0
5560,4.23,119.4,35.4,79.4,379.8,6.61,429.9,Wetland,Clay,102.0,Poor,6.45,2,3.61,7.23,0
5561,5.74,255.5,20.8,77.5,444.3,6.53,48.8,Barren,Loamy,909.0,Average,5.67,0,7.45,6.4,1
5562,8.57,169.3,29.0,,236.6,,76.2,Agricultural,Silty,153.0,Average,8.0,1,5.02,4.8,0
5563,5.57,280.9,22.0,64.2,208.2,8.26,62.7,Urban,Silty,506.0,Poor,8.42,0,5.09,5.43,1
5564,6.96,290.7,17.7,54.5,287.1,3.33,116.5,Urban,Loamy,359.0,Poor,5.46,1,4.33,5.88,0
5565,5.21,157.9,25.4,66.6,605.6,3.15,45.0,Wetland,Loamy,418.0,Poor,0.32,1,4.66,3.44,1
5566,3.85,127.8,29.2,53.9,290.2,2.85,52.5,Agricultural,Silty,1692.0,Good,3.54,0,0.0,1.76,0
5567,4.75,102.0,20.8,69.2,631.2,6.65,30.1,Urban,Silty,403.0,Average,3.8,2,4.44,4.93,1
5568,7.96,262.6,27.9,68.4,392.6,4.17,142.6,Wetland,Silty,300.0,Good,5.58,0,7.23,9.02,0
5569,4.28,104.6,26.4,67.8,239.5,5.21,118.8,Agricultural,Sandy,2560.0,Average,1.07,2,3.85,3.0,1
5570,4.92,330.0,32.2,52.1,912.8,5.7,317.2,Wetland,Sandy,1043.0,Average,7.0,1,1.13,3.51,0
5571,4.87,205.5,17.3,55.4,158.4,4.17,132.7,Urban,Loamy,668.0,Average,2.74,1,6.59,8.14,0
5572,4.16,67.6,33.2,60.6,472.2,1.6,89.7,Urban,Clay,1397.0,Good,6.72,3,6.76,2.51,0
5573,6.86,,24.4,59.2,745.5,6.34,76.0,Urban,Silty,645.0,Average,6.35,2,0.0,8.15,1
5574,2.7,65.1,21.5,87.4,526.4,5.52,22.7,Forest,Silty,2535.0,Good,5.09,0,3.38,2.17,0
5575,2.69,263.12840252078837,25.7,83.8,165.8,1.47,86.8,Urban,Clay,726.0,Average,,3,4.3,2.24,0
5576,7.15,260.5,36.6,69.4,271.8,1.17,473.0,Urban,Clay,772.0,Poor,0.45,2,5.42,5.67,1
5577,6.71,201.8,28.8,62.3,444.2,5.51,599.8,Agricultural,Clay,711.0,Good,2.76,1,3.16,7.95,0
5578,7.72,194.1,26.6,,670.4,2.87,66.8,Forest,Sandy,574.0,Poor,9.67,1,1.3,4.45,0
5579,2.37,123.2,31.1,64.6,329.8,5.82,11.2,Agricultural,Loamy,632.0,Good,5.62,2,6.33,5.28,0
5580,2.41,86.8,27.5,72.0,191.8,1.74,116.2,Agricultural,Sandy,1320.0,Poor,3.34,1,6.12,6.37,0
5581,6.7,122.6,30.5,61.8,1085.5,4.99,192.7,Forest,Loamy,588.0,Poor,4.42,1,1.31,3.8,1
5582,3.74,165.4,24.5,59.4,326.3,8.19,512.8,Agricultural,Loamy,370.0,Poor,10.0,2,2.81,5.75,0
5583,7.62,83.6,27.4,61.3,293.6,3.11,238.4,Urban,Loamy,902.0,Average,2.99,4,5.51,6.3,1
5584,7.62,,24.4,68.9,371.7,2.22,133.4,Urban,Sandy,1036.0,Poor,6.92,1,5.27,4.95,0
5585,4.67,229.6,30.8,92.2,438.9,6.02,383.7,Urban,Clay,595.0,Good,7.26,0,4.9,3.65,0
5586,6.84,79.0,22.4,62.1,261.3,3.29,117.9,Urban,Loamy,2073.0,Poor,7.72,1,4.95,6.97,0
5587,2.61,172.9,22.1,81.5,540.3,1.53,25.5,Wetland,Clay,1317.0,Average,4.01,3,5.94,6.98,1
5588,7.37,112.2,21.7,92.0,395.0,7.78,32.1,Forest,Loamy,331.0,Average,0.83,2,5.98,6.95,1
5589,4.69,173.2,28.8,71.1,313.2,3.39,172.6,Agricultural,Clay,181.0,Poor,3.84,3,10.0,6.08,1
5590,3.22,95.1,22.4,81.7,189.9,5.31,73.3,Forest,Silty,745.0,Poor,3.76,0,4.24,4.6,0
5591,2.25,229.2,36.4,79.6,289.0,0.45,15.7,Forest,Clay,1239.0,Good,1.96,2,5.55,2.46,0
5592,4.44,183.2,26.9,84.4,173.9,3.74,350.4,Urban,Sandy,782.0,,8.63,0,5.83,4.77,0
5593,2.2,77.0,21.0,45.5,116.9,4.37,44.4,Agricultural,Sandy,427.0,Good,7.22,1,4.36,8.94,0
5594,5.32,171.7,23.6,79.0,490.7,4.59,383.1,Urban,Sandy,926.0,Good,7.33,1,3.31,7.54,0
5595,6.14,196.9,23.3,44.8,425.4,6.92,182.3,Forest,Clay,275.0,Average,2.95,1,6.6,3.37,0
5596,7.9,171.3,25.9,68.9,440.6,,43.8,Forest,Silty,254.0,Poor,5.12,0,4.53,9.72,1
5597,7.01,187.0,29.7,88.7,451.1,1.43,29.1,Agricultural,Loamy,447.0,Good,0.0,0,4.82,3.39,0
5598,6.14,123.1,20.2,69.4,441.6,8.03,73.2,Agricultural,Loamy,1075.0,Average,4.14,1,6.13,3.54,1
5599,5.5,285.7,24.7,70.8,307.3,3.68,104.2,Agricultural,Clay,1593.0,Poor,4.98,0,2.49,5.15,0
5600,5.16,170.3,22.4,79.2,351.4,4.06,68.4,Forest,Clay,1821.0,Average,6.37,3,2.06,3.75,0
5601,5.62,131.4,28.0,72.7,53.2,7.34,218.0,Forest,Clay,281.0,Poor,5.49,0,6.65,5.52,0
5602,5.95,81.9,30.6,71.8,515.9,5.74,265.2,Urban,Silty,539.0,Good,7.62,2,5.7,6.06,0
5603,7.27,106.0,27.5,55.2,330.9,3.01,264.6,Barren,Sandy,74.0,Poor,1.52,0,6.43,1.6,0
5604,7.47,295.1,23.2,64.2,437.4,3.54,10.5,Urban,Sandy,1263.0,Average,1.66,0,5.54,7.24,1
5605,7.22,85.0,23.2,36.2,160.1,2.3,99.4,Barren,Sandy,215.0,Average,5.75,0,8.31,6.46,0
5606,4.93,140.5,28.1,55.2,189.4,6.9,0.2,Agricultural,Sandy,485.0,Poor,3.63,1,6.05,6.03,1
5607,6.5,144.4,22.0,69.7,370.5,3.41,548.9,Agricultural,Loamy,2419.0,Average,5.96,1,5.26,6.06,0
5608,7.73,155.0,24.7,79.0,1049.9,9.93,401.0,Agricultural,Loamy,1164.0,Average,2.95,0,1.03,5.23,1
5609,4.17,111.8,26.1,65.5,1033.2,6.33,65.0,Agricultural,Silty,2777.0,Average,7.39,1,7.79,9.85,1
5610,0.0,171.1,26.5,68.0,135.7,4.46,214.3,Barren,Silty,326.0,Average,7.53,1,6.62,4.86,0
5611,5.31,121.2,19.9,75.1,120.1,6.8,45.1,Agricultural,Sandy,1560.0,Poor,4.92,1,7.34,4.95,1
5612,1.6,181.9,28.6,67.9,652.6,1.84,94.6,Agricultural,Clay,2376.0,Poor,8.0,2,7.18,6.95,0
5613,2.6,191.5,19.8,60.3,272.2,6.35,20.3,Urban,Clay,2635.0,Average,4.09,1,9.46,0.58,1
5614,1.45,173.2,35.0,78.9,301.3,5.18,207.8,Urban,Loamy,1056.0,Poor,6.06,2,5.39,6.12,0
5615,8.98,243.5,22.7,93.5,286.3,5.61,30.5,Wetland,Loamy,599.0,Poor,2.72,1,6.51,6.2,1
5616,3.84,201.6,21.0,43.1,206.9,5.66,1.7,Agricultural,Sandy,435.0,Poor,6.74,1,3.72,5.01,0
5617,7.4,68.1,20.0,69.9,231.4,6.54,195.1,Agricultural,Clay,743.0,Poor,5.67,1,6.02,1.61,1
5618,0.0,119.3,31.4,81.2,242.3,5.07,14.8,Urban,Clay,245.0,Good,9.33,1,3.64,4.55,0
5619,3.88,233.4,28.1,58.6,445.2,3.53,365.3,Wetland,Sandy,899.0,Average,6.44,0,7.28,5.12,0
5620,4.52,251.9,36.0,96.2,243.9,4.44,83.7,Agricultural,Clay,1151.0,Good,5.08,1,5.76,9.6,0
5621,3.76,104.9,14.2,68.5,952.1,0.43,51.5,Agricultural,Sandy,632.0,Average,5.22,2,4.8,5.89,0
5622,2.53,133.9,22.4,52.4,425.7,2.09,3.4,Wetland,Clay,698.0,Poor,3.87,0,8.61,4.24,0
5623,5.05,51.0,20.8,66.1,727.0,2.42,166.2,Urban,Clay,589.0,Average,5.9,1,10.0,4.09,1
5624,1.94,75.5,28.9,,312.5,3.94,31.7,Wetland,Loamy,456.0,Poor,6.58,1,5.27,4.86,0
5625,4.58,240.6,30.2,78.3,251.5,3.96,190.2,Barren,Silty,932.0,Good,1.61,0,7.1,6.26,0
5626,5.31,135.0,23.2,59.4,451.8,4.56,24.3,Agricultural,Sandy,517.0,Average,2.38,1,8.45,1.5,0
5627,4.01,149.9,23.2,66.6,299.4,,553.8,Urban,Silty,355.0,Average,5.79,0,7.63,5.31,0
5628,5.4,140.9,28.2,73.1,196.5,1.99,82.4,Urban,Clay,920.0,Poor,5.75,1,8.14,7.54,1
5629,6.4,146.8,25.3,53.1,163.9,2.24,13.2,Agricultural,Loamy,346.0,Poor,7.97,0,1.8,3.95,0
5630,1.49,128.4,26.2,61.7,644.2,4.89,227.9,Forest,Silty,654.0,Poor,6.92,1,4.24,5.68,0
5631,3.67,124.5,24.0,57.0,242.6,3.48,47.8,Barren,Loamy,31.0,Poor,3.41,0,2.46,7.09,0
5632,7.09,226.9,20.3,58.9,719.3,3.4,146.4,Urban,Sandy,317.0,Average,1.58,2,0.0,7.77,1
5633,6.42,226.4,28.0,58.6,428.3,8.38,167.8,Urban,Sandy,145.0,Poor,5.72,1,5.52,3.1,1
5634,3.7,121.6,31.0,84.7,320.7,5.68,132.0,Urban,Loamy,1405.0,Poor,8.92,1,8.41,0.83,0
5635,2.54,33.9,26.9,74.9,517.5,0.85,206.0,Agricultural,Loamy,382.0,Good,7.03,3,6.05,2.35,0
5636,2.08,218.0,28.2,71.4,285.4,2.38,158.1,Wetland,Loamy,646.0,Average,6.06,0,5.27,5.01,0
5637,2.64,169.8,29.5,85.7,719.6,1.9,230.9,Urban,Sandy,2109.0,Average,,2,3.05,7.04,0
5638,7.45,102.8,24.2,73.7,714.8,2.04,5.0,Urban,Silty,1321.0,Average,6.63,2,6.28,6.98,1
5639,5.42,192.0,25.4,68.5,334.2,4.06,179.9,Barren,Clay,773.0,Average,2.76,0,6.5,5.97,0
5640,6.56,101.9,27.7,,909.2,7.11,46.1,Agricultural,Clay,1074.0,Average,1.68,1,6.02,9.02,1
5641,4.81,105.4,23.7,58.9,436.8,5.16,87.1,Urban,Clay,1160.0,Poor,5.37,1,4.53,4.44,1
5642,3.66,89.9,15.6,59.4,784.0,5.63,39.2,Forest,Clay,685.0,Average,3.3,3,8.63,7.01,1
5643,1.28,271.6,23.6,77.7,298.1,3.43,122.5,Forest,Clay,1237.0,Average,7.08,2,0.14,4.79,0
5644,7.41,126.3,27.5,73.2,279.3,3.1,79.2,Forest,Sandy,760.0,Average,2.57,2,5.45,3.99,0
5645,1.66,77.6,19.5,84.8,778.6,6.71,243.7,Wetland,Sandy,729.0,Poor,4.65,0,4.79,6.81,0
5646,6.01,93.0,27.9,78.7,390.4,5.49,104.0,Forest,Sandy,340.0,Poor,,0,0.24,5.54,0
5647,8.8,189.3,26.9,100.0,579.8,3.91,75.3,Agricultural,Loamy,989.0,Average,6.23,0,5.6,5.32,0
5648,9.06,66.4,24.1,,841.7,6.61,28.5,Urban,Clay,2321.0,Average,4.6,0,4.95,5.89,1
5649,1.96,115.0,27.6,69.7,273.7,0.0,17.3,Agricultural,Loamy,745.0,Average,4.48,0,3.26,4.69,0
5650,4.27,147.2,31.7,88.0,535.7,3.91,193.3,Agricultural,Loamy,950.0,Average,6.64,2,6.53,3.35,0
5651,3.07,195.2,28.2,64.5,679.7,4.2,241.0,Wetland,Loamy,1375.0,Average,6.25,2,5.96,7.85,0
5652,4.39,186.0,26.1,41.8,683.2,7.18,82.3,Wetland,Loamy,776.0,Poor,6.52,3,4.87,2.75,1
5653,2.51,217.8,24.6,,36.6,6.08,28.4,Forest,Clay,770.0,Good,4.55,0,7.8,3.58,0
5654,1.85,290.3,22.9,89.8,663.7,4.95,125.6,Urban,Silty,582.0,Average,1.38,1,4.67,8.89,1
5655,2.72,600.0,25.8,63.0,418.0,0.96,232.8,Wetland,Clay,631.0,Average,3.84,1,4.53,2.32,0
5656,0.44,109.8,20.6,70.6,788.5,5.01,202.6,Agricultural,Sandy,345.0,Poor,3.33,1,6.5,3.35,0
5657,2.76,,32.3,65.2,259.4,5.13,316.4,Forest,Loamy,268.0,Average,4.49,1,5.21,4.67,0
5658,5.04,177.1,24.1,70.6,456.4,4.13,201.8,Urban,Sandy,307.0,Good,3.09,1,1.55,3.9,0
5659,5.41,48.1,27.4,68.8,387.9,2.93,285.0,Urban,Clay,286.0,Good,2.15,0,2.72,3.0,0
5660,4.29,151.2,23.6,55.2,494.1,5.14,249.9,Agricultural,Sandy,581.0,Average,2.15,3,5.22,5.12,0
5661,5.19,200.2,30.7,64.1,413.2,6.0,52.9,Agricultural,Clay,378.0,Average,0.0,1,9.08,4.94,1
5662,6.27,123.6,26.3,66.3,220.7,5.18,8.2,Agricultural,Sandy,662.0,Average,7.68,1,0.92,2.91,0
5663,8.51,252.0,23.9,78.0,487.9,4.46,575.4,Urban,Silty,326.0,Poor,4.37,3,1.91,4.54,0
5664,1.56,76.7,25.1,76.1,289.8,7.08,9.3,Urban,Loamy,306.0,Average,2.03,0,8.25,3.8,1
5665,5.0,139.3,22.8,80.9,612.0,5.1,86.1,Barren,Loamy,1097.0,Good,3.03,3,1.07,1.37,1
5666,2.2,112.9,26.9,66.0,361.1,8.14,22.6,Forest,Loamy,1214.0,Poor,4.45,1,2.51,6.52,1
5667,9.43,215.5,32.6,53.1,418.9,7.34,67.4,Forest,Loamy,641.0,Poor,4.81,1,7.76,6.33,1
5668,8.66,126.9,26.6,70.2,419.0,3.64,301.2,Wetland,Clay,257.0,Average,4.63,2,5.62,5.07,1
5669,1.46,99.8,21.4,81.5,346.5,3.63,28.2,Urban,Loamy,764.0,Good,5.03,0,3.75,4.98,0
5670,3.48,376.0,27.0,96.4,262.7,6.79,29.8,Forest,Clay,1127.0,Average,1.8,0,4.99,3.8,0
5671,4.23,78.0,32.2,74.0,599.3,4.45,144.3,Urban,Silty,363.0,Average,3.53,1,5.62,4.76,0
5672,3.94,116.5,29.0,80.4,405.8,7.48,94.7,Agricultural,Clay,381.0,Average,7.91,2,4.64,7.49,0
5673,5.77,222.6,32.8,72.8,552.2,6.18,125.7,Forest,Silty,118.0,Poor,3.61,1,3.11,4.73,1
5674,4.45,71.8,27.6,72.5,171.5,4.23,45.9,Urban,Loamy,972.0,Good,4.99,0,3.7,1.41,0
5675,3.04,128.5,28.9,63.1,604.7,0.0,55.3,Agricultural,Sandy,380.0,Average,6.96,2,4.73,3.53,0
5676,4.88,141.0,27.4,83.8,399.9,5.28,300.2,Barren,Loamy,668.0,Average,5.42,0,9.59,8.66,0
5677,1.84,213.1,27.4,71.2,391.5,3.79,483.6,Agricultural,Clay,442.0,Average,2.12,2,9.75,4.34,0
5678,8.79,127.8,24.0,75.5,361.8,3.28,63.7,Urban,Silty,1814.0,Average,5.32,2,7.8,6.84,1
5679,2.61,80.7,26.4,63.6,525.3,6.36,85.1,Barren,Clay,1003.0,Poor,4.43,0,4.97,5.16,1
5680,8.31,,29.4,84.3,124.6,5.6,55.1,Urban,Sandy,621.0,Average,6.54,1,4.31,7.25,1
5681,6.77,137.0,23.7,82.3,386.5,3.68,48.0,Agricultural,Loamy,676.0,Average,0.0,2,0.02,2.21,1
5682,2.02,124.0,21.8,55.9,615.2,4.49,99.1,Agricultural,Loamy,964.0,Good,2.76,1,5.1,6.26,0
5683,1.91,183.1,23.3,87.2,1013.2,7.98,51.6,Wetland,Sandy,796.0,Poor,7.31,0,6.27,4.74,1
5684,4.17,241.5,31.1,89.7,564.4,5.77,201.9,Urban,Silty,1508.0,Poor,5.1,0,8.83,6.0,1
5685,0.67,122.0,28.4,72.7,428.3,5.73,580.0,Forest,Silty,684.0,Poor,4.42,0,2.9,7.52,0
5686,2.61,127.1,22.2,57.5,180.6,6.47,339.3,Agricultural,Silty,977.0,Poor,4.27,2,3.26,0.31,0
5687,2.41,62.8,18.5,62.2,485.3,6.39,118.2,Urban,Loamy,1769.0,Good,7.55,1,1.9,7.0,0
5688,7.48,72.2,31.3,66.7,477.2,6.16,32.4,Urban,Sandy,234.0,Poor,4.27,1,5.44,9.99,1
5689,5.28,252.5,20.3,70.3,925.0,3.5,11.9,Urban,Sandy,463.0,Average,10.0,0,1.0,1.26,0
5690,4.57,211.6,24.5,59.9,692.9,6.39,331.0,Forest,Sandy,327.0,Average,5.8,0,4.34,5.2,0
5691,4.75,241.6,29.1,69.4,342.1,2.59,100.4,Forest,Silty,566.0,Average,8.56,1,2.41,5.14,0
5692,5.73,165.9,29.2,66.5,271.3,4.93,598.6,Urban,Clay,232.0,Average,9.18,1,7.61,8.86,0
5693,4.53,424.2,28.9,41.6,514.6,7.1,254.9,Agricultural,Loamy,471.0,Average,5.74,0,2.6,2.97,0
5694,4.14,117.9,23.5,71.2,339.6,5.59,42.6,Urban,Sandy,40.0,Average,6.74,1,2.95,4.98,0
5695,5.01,117.8,27.2,82.1,418.1,3.59,1.5,Wetland,Loamy,947.0,Poor,2.43,0,6.04,9.44,1
5696,5.02,28.5,30.0,56.5,243.5,5.73,385.0,Agricultural,Sandy,942.0,Average,,1,4.46,3.8,0
5697,4.5,220.7,19.0,61.3,705.6,1.41,182.4,Forest,Loamy,644.0,Poor,2.72,1,0.34,5.82,0
5698,5.05,226.3,24.1,56.4,449.7,5.2,90.7,Wetland,Clay,335.0,Good,8.82,1,0.0,4.9,0
5699,3.86,128.7,33.9,75.3,273.3,7.63,199.4,Urban,Clay,911.0,,9.02,1,5.16,3.74,0
5700,1.89,225.2,32.6,69.8,519.8,1.25,54.1,Agricultural,Sandy,892.0,Average,5.5,1,5.85,4.8,0
5701,4.25,94.9,25.3,83.0,371.9,3.56,45.1,Urban,Clay,124.0,Good,6.76,0,4.48,8.22,0
5702,5.46,88.3,29.7,80.2,81.5,2.26,33.4,Agricultural,Sandy,454.0,Average,9.1,1,1.68,4.93,0
5703,7.92,255.0,30.8,77.3,407.3,7.94,31.3,Urban,Clay,316.0,Poor,0.72,2,7.24,6.13,1
5704,4.35,152.9,24.5,81.8,492.5,7.76,8.9,Wetland,Sandy,199.0,Average,2.12,1,4.52,5.09,0
5705,3.51,405.4,29.0,52.9,275.3,6.62,51.1,Urban,Clay,1164.0,Average,1.8,3,3.5,6.57,1
5706,3.77,45.8,21.6,87.0,432.6,3.8,201.9,Urban,Sandy,244.0,Average,4.4,0,5.96,3.59,0
5707,4.12,79.0,29.4,78.1,687.2,7.01,75.8,Wetland,Loamy,2088.0,Good,4.66,0,5.75,5.85,0
5708,9.13,150.8,23.7,,302.7,5.96,37.8,Urban,Sandy,1193.0,Average,3.53,2,8.57,7.35,1
5709,4.65,144.9,26.6,78.9,183.6,2.59,43.0,Agricultural,Clay,25.0,Good,2.91,0,0.0,2.13,0
5710,4.4,168.5,23.0,71.4,595.3,4.43,88.2,Agricultural,Loamy,2269.0,Average,1.0,0,6.48,7.6,1
5711,6.55,220.3,27.7,89.8,275.0,2.38,23.6,Agricultural,Loamy,1213.0,Average,5.27,0,4.45,4.52,0
5712,3.65,327.4,34.1,63.8,429.3,5.51,149.4,Agricultural,Loamy,400.0,Poor,3.33,1,2.23,5.92,0
5713,0.71,53.6,21.0,70.6,822.0,4.44,85.9,Agricultural,Clay,524.0,Good,3.46,0,8.56,7.58,0
5714,5.93,75.53240119544496,26.2,58.1,127.9,3.09,172.7,Urban,Clay,1333.0,Average,3.11,2,6.31,3.83,0
5715,7.13,224.1,25.7,40.4,318.1,5.65,80.0,Forest,Silty,1176.0,Average,5.38,1,3.33,6.07,0
5716,2.74,154.5,25.0,87.6,584.9,3.69,538.3,Forest,Clay,861.0,Poor,4.86,4,4.19,5.39,0
5717,3.6,143.1,34.5,62.9,452.5,5.3,89.6,Forest,Clay,763.0,Good,2.87,0,6.21,5.09,0
5718,6.42,79.6,27.7,60.4,392.1,4.13,68.6,Forest,Loamy,152.0,Poor,2.66,0,5.03,6.17,0
5719,4.99,,31.6,40.0,423.5,3.53,0.4,Wetland,Clay,575.0,Poor,9.55,1,6.7,5.12,0
5720,4.61,115.3,28.1,77.5,272.4,6.42,109.1,Urban,Silty,2172.0,Average,7.51,1,5.28,4.53,0
5721,3.54,108.4,26.8,79.1,214.7,8.69,53.7,Forest,Loamy,460.0,Average,6.84,2,4.59,4.44,0
5722,6.86,19.8,35.1,57.8,94.0,5.37,743.3,Agricultural,Clay,1607.0,Average,0.42,1,1.97,4.23,0
5723,6.43,89.2,24.6,,225.3,4.16,133.0,Forest,Sandy,1038.0,Poor,10.0,0,2.62,0.75,0
5724,7.4,157.6,33.9,80.1,120.6,2.91,296.3,Agricultural,Clay,891.0,Poor,4.97,0,2.1,1.96,0
5725,5.54,236.8,28.1,58.3,291.9,1.48,265.1,Agricultural,Clay,1762.0,Good,2.89,0,8.66,5.41,0
5726,3.36,120.8,28.3,58.5,607.3,2.38,248.9,Agricultural,Silty,917.0,Poor,4.82,0,9.9,5.61,0
5727,4.91,182.8,25.7,91.5,320.7,4.77,108.6,Agricultural,Silty,1392.0,Poor,3.43,3,2.09,3.79,1
5728,1.55,126.7,29.9,68.4,408.0,0.3,16.0,Urban,Loamy,660.0,Poor,7.08,0,8.24,3.67,0
5729,6.75,123.3,29.1,51.4,872.3,5.79,87.8,Urban,Loamy,493.0,Average,6.64,1,6.37,6.81,1
5730,6.2,206.6,27.3,51.4,142.2,4.64,170.1,Forest,Sandy,785.0,Good,1.39,1,3.53,6.36,0
5731,4.48,,23.4,72.9,274.6,6.13,200.5,Forest,Loamy,600.0,Good,2.69,1,8.52,3.54,0
5732,7.26,161.9,27.2,68.1,664.1,4.03,11.2,Forest,Sandy,348.0,Average,,2,7.38,7.29,1
5733,0.0,114.3,22.0,83.7,1200.6,,6.4,Forest,Clay,349.0,Poor,6.92,1,3.25,5.05,0
5734,1.93,198.5,32.6,56.0,429.2,6.9,175.0,Forest,Loamy,905.0,Poor,5.55,1,3.06,3.96,0
5735,3.0,223.1,36.8,79.8,439.3,7.32,113.9,Forest,Loamy,1081.0,Average,1.33,1,6.41,4.45,1
5736,6.31,194.9,25.6,52.0,77.6,3.85,61.2,Barren,Sandy,159.0,Good,3.44,2,6.58,2.89,1
5737,8.44,99.5,29.7,78.0,866.2,2.48,39.5,Forest,Sandy,212.0,Good,6.82,3,5.61,4.55,1
5738,0.67,48.5,25.3,63.4,315.7,4.52,48.7,Urban,Sandy,75.0,Good,4.42,1,10.0,2.96,0
5739,4.03,139.5,30.8,64.5,324.5,5.5,43.6,Forest,Sandy,211.0,Average,5.77,0,4.11,5.88,0
5740,3.53,105.8,32.1,79.4,106.5,0.35,76.0,Forest,Sandy,1404.0,Good,5.7,0,4.07,5.81,0
5741,3.64,90.5,26.1,81.6,373.5,5.72,230.5,Urban,Clay,486.0,Average,6.25,0,5.1,5.52,0
5742,4.5,277.3,27.1,46.9,808.3,5.1,226.4,Forest,Clay,528.0,Poor,3.17,0,5.88,3.45,1
5743,2.96,72.2,31.3,64.1,698.4,5.97,127.1,Barren,Clay,680.0,Poor,2.72,0,6.33,4.15,1
5744,1.03,86.2,24.3,60.1,435.5,7.0,77.7,Forest,Clay,448.0,Good,6.69,2,7.48,0.0,1
5745,6.75,182.6,38.4,63.2,186.8,6.51,402.5,Forest,Clay,588.0,Average,7.0,1,7.07,5.42,0
5746,9.61,116.7,25.2,72.1,420.6,6.17,259.8,Agricultural,Clay,902.0,Average,7.29,2,3.05,3.88,0
5747,6.5,109.6,28.2,54.6,693.9,4.2,35.8,Wetland,Loamy,1453.0,Average,7.01,0,7.91,7.45,0
5748,7.56,258.1,19.4,70.7,126.3,4.18,76.0,Urban,Silty,971.0,Good,4.16,0,0.25,3.87,0
5749,6.07,126.1,26.5,67.8,573.7,0.54,4.0,Urban,Clay,1201.0,Average,4.67,1,5.43,3.61,0
5750,5.73,338.6,29.6,70.9,511.4,5.22,7.3,Agricultural,Sandy,252.0,Average,5.63,0,9.76,8.37,0
5751,1.33,186.6,21.6,47.2,220.1,2.72,684.0,Urban,Clay,460.0,Poor,5.19,0,6.96,6.11,0
5752,2.07,135.9,24.9,59.8,835.9,7.19,38.3,Agricultural,Clay,1056.0,Average,2.73,1,5.13,7.42,0
5753,4.21,,22.0,68.2,833.2,3.99,13.0,Urban,Clay,823.0,Average,7.22,1,8.34,5.8,1
5754,2.79,135.1,27.6,63.6,605.1,1.87,20.5,Urban,Sandy,747.0,Good,4.47,0,5.48,4.66,0
5755,5.11,122.7,22.7,96.3,575.0,5.99,26.6,Urban,Clay,333.0,Average,0.0,0,4.5,2.21,1
5756,3.3,174.6,32.5,52.4,677.3,5.69,15.1,Wetland,Loamy,1273.0,Average,5.2,1,2.42,6.53,1
5757,6.59,153.3,25.2,67.4,626.1,1.72,84.3,Urban,Clay,230.0,Average,3.97,0,5.72,3.2,0
5758,4.38,140.5,19.1,69.3,442.9,5.46,332.3,Forest,Clay,1044.0,Poor,2.86,1,3.28,6.89,1
5759,5.13,135.3,25.3,68.2,549.0,4.59,250.4,Forest,Loamy,467.0,,5.27,0,5.75,5.04,0
5760,2.55,93.7,26.4,82.5,296.6,4.98,101.7,Forest,Loamy,2229.0,Good,3.87,2,4.68,5.86,0
5761,4.79,124.0,23.8,57.4,751.6,4.63,605.9,Urban,Clay,470.0,Average,2.16,1,6.66,3.51,0
5762,6.27,193.4,22.7,65.2,180.3,4.73,45.1,Urban,Loamy,1026.0,Poor,8.13,0,5.11,6.92,0
5763,3.69,135.6,25.1,68.7,287.2,4.82,34.9,Urban,Loamy,367.0,Poor,4.49,0,7.51,7.06,1
5764,3.14,,27.3,89.0,397.1,7.2,134.1,Agricultural,Sandy,790.0,Good,4.8,1,5.25,4.05,0
5765,2.68,429.7,22.8,77.3,319.5,4.67,68.0,Forest,Sandy,1359.0,Good,4.81,1,7.91,5.82,0
5766,4.92,86.4,28.5,50.8,312.5,5.21,214.7,Wetland,Sandy,1404.0,Average,4.19,2,1.09,3.11,0
5767,2.03,168.3,25.0,67.8,209.6,2.74,160.1,Forest,Clay,575.0,Good,2.74,0,7.67,7.47,0
5768,0.0,98.9,28.1,71.3,426.3,4.75,23.3,Wetland,Loamy,505.0,Poor,6.47,1,4.6,3.68,0
5769,2.64,106.0,22.5,63.4,488.4,4.36,194.4,Barren,Clay,1762.0,Poor,6.03,1,10.0,7.69,1
5770,5.79,227.8,27.7,68.8,699.4,4.82,76.5,Urban,Loamy,405.0,Poor,4.72,0,7.26,3.21,1
5771,6.25,136.2,26.5,63.4,280.3,5.1,16.7,Agricultural,Silty,857.0,Average,6.61,3,6.21,5.65,1
5772,3.86,116.0,28.4,82.2,111.0,6.87,191.2,Wetland,Sandy,325.0,Good,7.69,0,3.86,3.55,0
5773,4.07,48.3,27.3,70.3,586.4,5.74,41.1,Forest,Clay,472.0,Average,,0,4.07,3.52,0
5774,9.08,192.1,28.0,77.3,58.2,5.81,173.5,Urban,Loamy,279.0,Average,6.16,1,4.86,8.24,0
5775,0.01,164.8,24.4,50.6,175.3,2.68,42.4,Agricultural,Loamy,458.0,Poor,9.0,0,2.26,5.38,0
5776,3.79,118.7,30.7,66.1,1225.5,4.55,36.9,Forest,Loamy,852.0,Average,4.36,1,6.32,5.83,0
5777,5.49,167.3,36.9,80.4,815.2,6.13,228.2,Agricultural,Loamy,993.0,Good,6.05,2,5.12,5.07,1
5778,4.71,83.0,31.3,59.9,143.2,1.38,20.5,Agricultural,Sandy,1075.0,Poor,4.43,2,4.5,6.18,0
5779,7.48,117.8,23.7,70.0,186.2,4.59,120.6,Forest,Sandy,316.0,Average,5.51,0,5.46,2.45,0
5780,6.75,215.9,29.0,68.2,182.3,3.95,57.1,Urban,Loamy,265.0,Poor,5.68,1,7.26,8.67,1
5781,5.65,111.6,24.1,82.5,684.0,5.25,327.4,Agricultural,Loamy,432.0,Average,2.62,0,5.98,9.89,0
5782,7.76,120.3,28.1,64.0,631.0,6.13,350.9,Urban,Sandy,359.0,Average,5.88,0,6.35,6.24,0
5783,2.64,181.4,28.1,58.3,629.3,0.0,156.9,Forest,Sandy,754.0,Good,4.76,0,7.67,8.04,0
5784,6.18,69.5,29.8,72.1,181.7,2.13,189.1,Forest,Loamy,1129.0,Poor,6.29,1,4.36,5.63,0
5785,3.98,,29.7,68.9,646.3,1.35,506.3,Agricultural,Clay,1170.0,Poor,6.63,2,4.77,5.06,0
5786,5.4,121.8,24.6,67.2,511.7,5.87,20.2,Forest,Clay,242.0,Average,3.67,1,5.75,4.54,1
5787,4.48,147.8,31.1,51.9,693.8,7.21,191.3,Forest,Silty,200.0,Good,2.74,1,4.97,3.53,0
5788,6.03,88.7,20.3,73.3,533.0,5.49,1100.2,Forest,Clay,477.0,Average,3.49,2,2.36,4.58,0
5789,5.03,141.5,25.0,64.4,1221.3,3.01,81.0,Wetland,Loamy,1527.0,Good,4.25,0,5.76,10.0,0
5790,0.99,225.0,28.5,84.5,263.8,0.18,464.3,Forest,Clay,132.0,Average,2.81,0,6.0,4.89,0
5791,5.06,159.7,21.6,72.7,412.1,5.46,31.1,Forest,Loamy,1191.0,Poor,1.23,1,5.12,5.6,1
5792,0.17,324.1,31.4,66.4,495.1,6.01,363.2,Agricultural,Clay,889.0,Average,9.16,3,1.85,5.34,0
5793,4.48,288.7,24.8,69.1,218.8,7.62,10.8,Agricultural,Loamy,218.0,Average,3.54,1,0.0,4.7,1
5794,6.11,91.0,22.9,74.4,568.9,5.68,35.5,Agricultural,Clay,716.0,Poor,1.89,1,5.17,5.48,1
5795,5.71,84.7,28.7,68.8,462.0,3.86,93.1,Agricultural,Silty,124.0,Average,3.87,1,5.34,2.88,0
5796,5.83,172.4,23.2,69.3,783.0,4.36,193.5,Forest,Sandy,1288.0,Average,0.88,0,10.0,0.63,0
5797,0.26,184.8,31.0,67.6,1078.0,5.3,264.4,Urban,Sandy,835.0,Good,4.97,1,4.16,0.0,0
5798,7.85,51.2,28.6,73.4,896.1,5.33,17.3,Agricultural,Silty,256.0,Average,8.2,0,3.58,5.2,1
5799,6.02,197.9,31.5,63.3,376.9,4.97,84.0,Agricultural,Loamy,206.0,Poor,7.78,1,6.04,5.7,1
5800,5.67,219.0,24.0,77.2,266.7,4.84,260.9,Urban,Loamy,182.0,Good,0.0,0,0.77,4.7,0
5801,4.83,208.0,26.8,74.0,766.2,3.23,446.1,Agricultural,Loamy,832.0,Average,2.97,3,6.2,6.9,0
5802,2.41,76.8,25.1,63.6,342.1,7.39,30.2,Agricultural,Loamy,636.0,Average,1.14,3,3.54,6.16,1
5803,5.46,60.3,24.3,64.4,149.6,5.08,28.2,Urban,Sandy,1619.0,Average,2.62,1,6.1,5.8,1
5804,3.21,175.2,30.3,55.1,433.1,5.02,43.2,Forest,Sandy,1693.0,Poor,4.88,3,3.55,4.67,0
5805,5.17,86.0,33.0,65.2,641.7,7.34,116.3,Urban,Sandy,189.0,Average,2.19,0,0.0,6.84,1
5806,5.0,301.3,24.8,82.4,485.5,3.86,50.4,Urban,Silty,944.0,Average,0.65,1,3.5,6.35,1
5807,5.9,135.8,20.4,87.7,960.3,5.02,95.5,Barren,Loamy,1024.0,Average,4.34,3,3.98,2.69,1
5808,3.52,41.0,32.7,62.7,113.3,5.94,143.2,Urban,Loamy,318.0,Poor,6.56,1,6.98,4.93,0
5809,7.07,246.4,21.4,44.1,77.8,4.83,224.9,Wetland,Clay,1569.0,Poor,2.61,2,6.51,2.81,1
5810,6.97,126.9,33.4,73.8,168.4,4.24,41.5,Agricultural,Sandy,1112.0,Poor,6.35,0,3.9,8.86,0
5811,6.99,143.0,29.4,55.6,250.5,6.59,9.5,Wetland,Clay,126.0,Average,4.17,1,1.26,5.36,1
5812,4.65,127.0,32.5,68.1,775.0,7.06,45.2,Agricultural,Sandy,90.0,Average,3.71,0,6.44,3.04,1
5813,4.31,265.4,26.8,65.4,645.7,4.99,81.5,Agricultural,Loamy,791.0,Average,9.13,0,5.81,4.17,0
5814,7.31,246.2,26.9,62.1,805.3,2.12,165.4,Agricultural,Clay,701.0,Poor,5.56,0,1.9,6.24,0
5815,7.53,291.3,27.4,47.3,396.7,1.63,809.7,Wetland,Sandy,591.0,Poor,5.11,1,4.16,5.64,0
5816,5.34,205.0,26.3,81.3,230.2,1.54,133.8,Forest,Sandy,837.0,Poor,4.77,1,3.5,8.77,0
5817,1.91,153.9,27.0,78.1,229.5,4.67,366.2,Agricultural,Silty,1386.0,Average,7.22,1,4.87,4.53,0
5818,5.29,170.4,29.5,69.7,309.4,1.14,66.3,Agricultural,Clay,172.0,Good,5.61,2,6.09,6.63,0
5819,6.56,266.9,26.6,81.2,436.9,5.51,179.1,Agricultural,Sandy,755.0,Average,4.77,1,2.64,8.56,0
5820,2.25,123.9,25.1,62.7,396.9,6.49,410.7,Urban,Loamy,1311.0,Average,1.35,1,4.99,5.0,0
5821,4.79,157.8,29.9,63.2,139.5,3.34,55.4,Agricultural,Loamy,550.0,Poor,5.23,2,4.14,4.4,0
5822,6.47,72.9,27.6,70.1,473.2,6.15,128.2,Agricultural,Clay,152.0,Poor,5.49,0,9.25,4.67,0
5823,6.74,163.3,21.9,80.9,245.5,0.25,197.6,Agricultural,Clay,1298.0,Average,5.01,3,6.11,7.06,0
5824,4.54,318.2,28.7,70.1,123.6,6.35,8.8,Agricultural,Clay,2663.0,Average,3.71,0,0.0,1.32,1
5825,3.39,207.9,31.0,70.7,469.8,4.74,81.6,Agricultural,Silty,1178.0,Good,3.17,1,4.1,0.17,0
5826,8.2,112.6,28.6,65.2,602.8,6.65,580.2,Wetland,Loamy,1094.0,Average,5.69,2,6.74,3.41,0
5827,2.49,84.9,25.3,76.8,588.1,4.03,3.6,Wetland,Clay,960.0,Poor,8.88,0,3.3,2.57,0
5828,4.34,40.1,17.8,67.6,521.0,2.95,198.1,Agricultural,Sandy,1370.0,Good,5.61,1,3.73,9.49,0
5829,5.43,145.2,26.8,70.7,258.1,4.16,124.2,Forest,Sandy,1095.0,Poor,3.44,2,6.41,3.96,0
5830,8.6,191.9,29.3,57.5,153.7,4.89,136.6,Forest,Sandy,344.0,Poor,3.87,5,2.8,2.64,1
5831,8.13,106.1,30.2,58.0,298.8,3.63,31.8,Urban,Loamy,2394.0,Average,0.57,2,7.81,6.27,1
5832,4.55,181.3,22.3,63.4,1245.2841112864514,3.67,104.1,Forest,Sandy,219.0,Average,5.39,2,3.79,6.02,0
5833,1.56,206.4,34.9,73.7,1291.6,5.35,211.3,Urban,Silty,523.0,Poor,4.95,1,8.53,3.92,1
5834,5.62,95.7,29.6,76.7,165.3,5.56,247.8,Forest,Loamy,927.0,Poor,1.97,0,5.38,6.79,0
5835,6.26,103.7,23.2,66.3,183.6,2.88,209.6,Agricultural,Loamy,463.0,,5.16,1,1.37,4.73,0
5836,6.33,107.5,28.0,58.0,349.6,7.72,106.1,Forest,Loamy,3539.0,Poor,4.95,2,6.16,3.04,1
5837,0.14,109.6,27.8,71.7,623.1,4.75,38.4,Forest,Clay,1902.0,Good,1.89,2,1.59,2.25,0
5838,3.63,216.4,24.3,69.0,333.8,6.83,465.1,Agricultural,Loamy,465.0,Poor,1.09,0,4.82,6.49,0
5839,3.04,222.3,27.6,71.0,3649.7469511912454,7.44,161.3,Wetland,Loamy,666.0,Good,6.26,0,2.54,2.63,1
5840,6.07,308.5,32.2,76.0,455.5,4.27,471.1,Barren,Silty,254.0,Average,7.87,1,5.14,2.97,0
5841,6.35,91.5,23.1,61.2,785.1,2.63,27.1,Barren,Loamy,2336.0,Poor,,0,6.58,5.69,1
5842,6.63,140.4,24.9,84.3,251.9,0.95,10.5,Agricultural,Loamy,854.0,Poor,2.2,1,3.75,2.48,1
5843,4.74,65.6,24.9,59.8,245.9,2.02,42.4,Forest,Loamy,1152.0,Average,3.53,1,2.03,6.51,0
5844,7.83,334.7,33.1,59.8,190.1,,44.1,Agricultural,Sandy,916.0,Poor,2.98,0,5.08,10.0,1
5845,2.19,120.3,28.9,76.5,426.6,1.96,46.4,Urban,Loamy,1771.0,Average,0.0,2,7.45,4.95,0
5846,7.2,,24.2,79.4,285.4,6.08,64.8,Urban,Silty,1553.0,Average,4.7,0,4.05,2.93,1
5847,3.54,193.6,31.7,59.0,130.9,1.38,26.4,Barren,Sandy,318.0,Average,6.9,2,0.0,5.01,0
5848,5.2,224.1,23.5,67.0,401.4,4.41,10.0,Wetland,Clay,460.0,Average,3.88,1,4.4,4.94,1
5849,7.13,149.1,25.6,80.9,422.6,0.83,528.2,Urban,Clay,300.0,Poor,7.87,1,4.71,6.61,0
5850,7.03,78.1,29.5,64.8,398.2,8.22,95.7,Agricultural,Loamy,429.0,Average,1.9,3,4.47,4.17,1
5851,5.94,343.7,23.9,73.8,324.1,7.92,161.9,Urban,Clay,854.0,Average,6.3,1,1.4,10.0,0
5852,5.28,229.3,24.6,62.6,1221.2,3.67,43.1,Urban,Loamy,315.0,Average,4.7,0,4.0,4.32,1
5853,3.88,46.1,32.2,69.4,487.8,2.83,33.9,Agricultural,Silty,534.0,Average,6.64,1,7.16,6.03,1
5854,3.74,189.4,22.8,59.3,510.6,0.79,80.5,Forest,Clay,1778.0,Poor,3.57,0,1.33,8.51,0
5855,3.39,116.0,29.6,46.5,147.8,3.42,30.1,Forest,Clay,591.0,Average,4.52,2,1.4,3.51,0
5856,3.57,100.5,26.6,88.0,235.5,4.06,10.6,Wetland,Sandy,216.0,Average,4.28,0,5.99,3.04,0
5857,8.5,425.5,21.1,59.2,369.8,3.59,94.1,Forest,Sandy,226.0,Poor,3.58,4,6.62,4.81,1
5858,3.49,230.2,27.3,71.9,68.8,5.13,85.5,Forest,Loamy,450.0,Average,3.2,2,7.19,4.74,0
5859,1.91,,23.8,58.0,618.5,8.74,298.0,Agricultural,Clay,405.0,Average,4.62,0,3.8,2.74,0
5860,6.68,182.6,30.1,81.1,369.2,5.14,102.7,Forest,Clay,946.0,Average,5.73,0,5.48,5.35,1
5861,4.74,239.7,27.5,72.8,432.0,7.72,50.8,Urban,Loamy,1708.0,Average,4.86,0,6.9,4.35,0
5862,2.64,262.9,27.3,94.5,1095.7,7.14,10.8,Barren,Sandy,616.0,Average,4.89,2,2.87,4.61,1
5863,7.1,140.9,31.4,77.8,110.4,6.52,38.6,Urban,Sandy,844.0,Average,8.06,1,2.41,2.25,0
5864,6.96,124.5,23.7,85.4,530.9,2.96,173.3,Agricultural,Sandy,576.0,Average,2.89,0,3.29,3.03,1
5865,8.11,100.9,31.3,67.1,355.7,9.68,28.3,Urban,Loamy,976.0,Average,5.82,0,4.71,5.34,1
5866,8.75,226.9,20.8,83.4,153.5,4.13,187.2,Agricultural,Clay,753.0,Poor,1.38,1,5.94,6.58,1
5867,4.54,194.1,24.2,67.7,583.0,3.48,80.1,Agricultural,Clay,1172.0,Poor,3.77,0,10.0,1.92,1
5868,1.12,143.6,32.1,59.5,400.4,1.0,125.5,Agricultural,Clay,894.0,Average,4.37,0,3.75,4.92,0
5869,7.38,180.1,27.1,82.6,691.0,4.56,51.3,Agricultural,Loamy,258.0,Good,7.91,1,7.47,4.83,0
5870,3.81,281.1,28.9,47.0,595.7,2.43,80.2,Agricultural,Clay,885.0,Average,6.0,1,7.6,7.92,0
5871,4.99,74.6,30.7,54.9,672.2,3.78,287.9,Agricultural,Sandy,271.0,Good,3.59,2,0.6,5.47,0
5872,4.73,81.0,35.8,82.4,455.4,4.11,325.3,Barren,Silty,724.0,Average,4.15,1,1.24,5.76,0
5873,9.15,246.2,30.5,64.8,354.4,5.19,97.9,Agricultural,Sandy,786.0,Average,9.75,1,7.75,0.1,0
5874,4.8,116.7,32.9,80.9,1011.9,4.31,48.2,Forest,Clay,272.0,Average,8.38,0,5.88,3.52,0
5875,3.69,262.8,22.1,64.4,518.3,6.18,40.9,Agricultural,Sandy,164.0,Poor,2.27,1,4.41,4.06,1
5876,5.0,54.4,28.2,60.8,664.8,4.52,38.3,Urban,Silty,485.0,Average,7.71,3,3.44,8.13,1
5877,4.34,118.8,22.2,86.9,518.4,0.93,129.9,Agricultural,Sandy,243.0,Good,2.27,1,4.11,2.85,0
5878,5.04,164.5,30.8,70.3,475.3,4.33,175.4,Agricultural,Silty,776.0,Average,6.18,0,3.91,8.1,0
5879,4.1,225.5,27.6,66.4,437.9,7.01,161.3,Barren,Loamy,356.0,Average,5.07,2,4.12,6.93,1
5880,4.35,254.8,33.3,77.6,691.9,4.96,263.6,Wetland,Loamy,162.0,Average,9.62,1,8.56,8.81,0
5881,2.59,237.9,29.7,74.5,107.0,3.72,217.8,Urban,Silty,813.0,Poor,4.55,0,1.41,4.11,0
5882,3.34,205.0,29.0,69.7,323.3,5.82,80.8,Urban,Clay,1000.0,Poor,2.47,1,5.49,3.39,1
5883,7.03,142.2,21.0,89.0,355.3,10.06,245.3,Forest,Sandy,873.0,Average,4.03,4,7.77,3.54,1
5884,6.41,118.9,19.4,65.5,39.4,4.61,13.8,Urban,Loamy,262.0,Poor,6.39,1,3.66,6.28,0
5885,4.77,527.665837167929,28.1,66.6,252.2,9.53,90.6,Urban,Clay,171.0,Average,8.79,0,1.86,6.44,0
5886,5.34,267.3,23.1,77.4,257.9,3.16,348.7,Forest,Sandy,876.0,Good,3.84,2,5.83,3.54,0
5887,5.43,127.8,24.7,73.1,309.5,5.15,238.6,Forest,Silty,383.0,Good,3.01,1,7.1,3.59,0
5888,4.47,61.1,28.7,72.2,171.4,2.09,14.0,Urban,Clay,966.0,Good,6.12,1,4.26,5.41,0
5889,4.88,96.8,29.0,61.0,339.1,3.37,309.6,Wetland,Clay,1844.0,Average,5.06,0,6.52,6.69,0
5890,5.98,270.2,32.9,79.2,267.4,0.59,71.8,Agricultural,Clay,178.0,Good,,0,2.43,0.34,0
5891,6.36,213.6,25.1,68.0,371.4,5.99,310.0,Urban,Silty,677.0,Poor,7.6,1,6.12,6.14,0
5892,5.32,386.7,22.8,82.2,439.7,1.24,209.5,Forest,Clay,797.0,Average,8.38,3,1.02,1.58,0
5893,2.51,256.8,23.4,84.0,748.5,3.83,396.9,Forest,Clay,781.0,Average,7.47,0,6.05,5.69,0
5894,7.11,103.5,31.0,71.3,186.6,4.38,77.4,Agricultural,Sandy,1009.0,Average,6.9,0,6.14,4.77,0
5895,0.0,86.6,30.7,65.8,252.9,7.59,422.7,Agricultural,Sandy,181.0,Good,6.21,0,5.26,1.91,0
5896,0.52,124.2,24.8,70.4,107.2,2.81,220.4,Forest,Sandy,541.0,Average,2.23,2,1.18,5.59,0
5897,7.19,218.3,21.4,77.3,687.7,8.09,57.0,Urban,Sandy,176.0,Poor,2.07,3,4.92,3.54,1
5898,10.0,139.4,27.1,75.2,483.5,5.89,132.6,Agricultural,Loamy,664.0,Average,3.58,1,6.54,6.33,1
5899,2.79,184.7,24.5,66.2,98.4,5.56,63.2,Urban,Sandy,425.0,Poor,3.93,0,5.46,2.43,1
5900,3.87,,31.4,63.4,646.6,3.54,101.1,Urban,Sandy,187.0,Poor,4.33,0,6.5,5.51,0
5901,7.22,80.0,24.6,92.4,436.6,2.09,116.5,Forest,Loamy,38.0,Good,3.22,0,7.46,7.62,0
5902,4.15,212.9,23.7,67.4,787.7,2.16,222.1,Agricultural,Clay,1093.0,Good,7.55,0,7.14,5.94,0
5903,3.56,125.5,16.8,86.0,586.5,5.03,179.5,Agricultural,Clay,270.0,Poor,5.47,0,6.23,6.28,0
5904,4.53,118.0,26.3,59.3,91.7,8.01,515.1,Urban,Loamy,665.0,Poor,6.86,0,7.75,7.74,0
5905,6.68,129.5,27.1,59.2,796.1,3.86,55.6,Barren,Clay,157.0,Average,10.0,1,4.55,5.76,0
5906,4.73,139.4,26.0,40.0,811.3,6.38,332.6,Wetland,Loamy,637.0,Poor,3.41,0,3.71,6.08,0
5907,6.48,206.0,32.6,65.8,114.4,0.94,114.4,Agricultural,Loamy,1240.0,Average,8.9,1,5.7,7.38,0
5908,7.47,252.6,21.8,59.4,526.0,4.4,183.0,Agricultural,Loamy,407.0,Good,4.68,3,0.79,4.43,1
5909,5.8,82.8,28.6,59.6,173.5,6.82,255.0,Agricultural,Loamy,1272.0,Poor,2.71,0,0.0,2.71,0
5910,6.18,127.2,20.0,46.7,495.3,4.7,114.1,Urban,Sandy,373.0,Good,5.89,0,7.6,7.18,0
5911,4.72,164.6,25.5,34.1,204.9,3.7,46.1,Forest,Loamy,430.0,Good,7.33,0,5.22,2.95,0
5912,8.11,190.9,26.4,72.0,395.9,5.76,23.7,Agricultural,Silty,624.0,Poor,7.17,2,2.46,5.94,1
5913,3.19,196.4,23.2,62.6,630.1,7.29,270.6,Forest,Loamy,450.0,Poor,2.0,0,5.56,4.73,1
5914,6.86,181.9,27.1,47.7,143.5,7.49,5.3,Wetland,Sandy,1431.0,Average,2.49,1,6.04,6.04,1
5915,2.6,273.0,29.4,67.4,492.6,5.95,102.1,Agricultural,Sandy,1663.0,Average,4.63,0,1.71,2.43,0
5916,2.7,205.2,24.8,87.6,343.1,5.93,244.4,Agricultural,Clay,755.0,Good,4.14,2,3.8,7.08,0
5917,7.43,80.7,30.9,77.8,338.6,3.48,850.3,Urban,Sandy,1138.0,Average,0.0,1,0.0,3.17,0
5918,6.59,111.1,23.4,72.5,428.9,6.01,396.0,Urban,Sandy,1021.0,Poor,1.73,1,2.85,6.83,1
5919,5.37,109.8,31.7,81.1,211.7,4.15,466.3,Agricultural,Clay,1267.0,Poor,6.88,2,3.09,4.98,0
5920,5.0,174.9,36.7,61.2,288.0,5.99,122.4,Wetland,Silty,1181.0,Good,4.32,0,6.25,5.44,0
5921,3.64,69.9,24.7,70.0,181.9,6.05,1.5,Agricultural,Sandy,2453.0,Poor,7.99,3,4.04,4.06,1
5922,4.53,161.9,33.4,62.8,213.9,5.49,45.6,Urban,Silty,414.0,Average,,1,6.08,6.99,1
5923,6.23,128.5,29.9,78.1,161.8,4.84,324.4,Forest,Sandy,1326.0,Good,2.29,1,6.09,2.02,0
5924,7.33,122.6,30.2,83.5,530.8,6.9,40.1,Agricultural,Loamy,2302.0,Poor,4.83,0,3.48,6.12,1
5925,6.21,176.5,22.5,81.6,205.4,6.5,200.1,Urban,Sandy,1019.0,Good,0.15,1,6.95,0.33,1
5926,2.29,93.6,23.3,68.5,356.8,8.43,197.2,Urban,Sandy,1302.0,Poor,4.37,4,2.88,4.66,1
5927,0.23,351.1,25.8,66.2,384.5,4.26,32.1,Barren,Clay,1267.0,Poor,6.13,0,8.75,1.59,1
5928,3.86,101.6,28.4,71.0,144.8,0.0,157.3,Agricultural,Loamy,1639.0,Average,3.76,0,0.0,5.41,0
5929,6.7,145.4,28.0,81.4,886.0,,100.2,Wetland,Loamy,257.0,Average,8.43,1,3.54,3.02,0
5930,2.88,343.4,33.5,68.6,304.3,4.2,234.6,Urban,Sandy,864.0,Good,5.66,0,6.67,5.32,0
5931,6.62,134.3,25.7,46.3,538.6,8.25,70.8,Urban,Loamy,679.0,Good,6.47,0,8.76,5.87,1
5932,10.0,215.9,29.8,69.2,170.0,5.46,100.2,Agricultural,Sandy,313.0,Good,3.09,2,4.87,6.8,0
5933,1.34,142.9,35.0,75.9,500.2,2.7,20.0,Agricultural,Clay,742.0,Average,2.3,1,0.0,4.18,0
5934,1.63,96.2,26.5,79.7,351.8,3.72,25.9,Urban,Sandy,2269.0,Good,7.16,3,2.33,4.99,0
5935,0.86,57.1,22.7,100.0,138.5,,33.8,Urban,Sandy,650.0,Poor,9.5,2,2.98,4.78,0
5936,2.67,209.3,24.6,73.4,433.0,3.28,179.4,Urban,Sandy,506.0,Average,4.31,0,6.78,7.57,0
5937,6.01,123.1,28.2,68.5,246.6,1.68,328.0,Urban,Loamy,1683.0,Good,7.67,2,5.63,5.03,0
5938,3.55,289.0,30.0,76.8,160.8,3.84,2.2,Wetland,Clay,346.0,Average,6.4,1,3.58,0.66,0
5939,9.01,89.2,27.3,82.8,147.4,4.2,42.4,Agricultural,Sandy,907.0,Poor,6.85,2,5.14,2.65,0
5940,6.7,95.2,19.6,80.0,544.5,0.11,249.1,Urban,Silty,989.0,Poor,2.68,0,0.0,3.48,0
5941,6.54,182.4,26.8,75.1,310.0,2.04,60.5,Agricultural,Loamy,1434.0,Good,4.6,2,4.17,0.0,0
5942,9.14,199.3,26.2,74.5,220.4,2.41,52.5,Agricultural,Loamy,1696.0,Poor,4.61,1,8.34,4.48,1
5943,8.68,166.3,24.9,61.3,163.3,2.44,833.2,Forest,Sandy,669.0,Average,4.59,2,5.3,5.43,0
5944,7.61,99.9,22.2,56.8,490.8,,161.6,Forest,Silty,1249.0,Average,1.55,0,3.38,4.68,0
5945,5.51,140.2,29.3,74.9,221.5,5.5,145.8,Agricultural,Sandy,413.0,Average,7.6,0,4.62,1.36,0
5946,10.0,189.6,34.0,68.7,121.7,7.42,345.6,Urban,Clay,598.0,Poor,4.38,0,2.97,4.06,1
5947,3.46,,26.2,76.4,215.1,5.64,319.9,Agricultural,Clay,748.0,Good,6.93,2,3.95,5.94,0
5948,10.0,228.9,23.3,50.8,412.6,6.22,230.7,Agricultural,Loamy,352.0,Good,3.36,1,5.21,7.93,1
5949,6.6,50.9,31.6,60.2,801.0,2.19,3.3,Agricultural,Sandy,751.0,Average,3.37,2,4.39,5.52,1
5950,7.6,77.0,29.4,61.3,453.3,8.09,111.7,Forest,Clay,635.0,Good,4.53,2,7.99,5.56,1
5951,5.6,84.4,28.6,74.0,357.7,4.35,222.1,Agricultural,Sandy,1959.0,Good,6.26,2,6.54,3.09,0
5952,6.83,73.3,26.5,71.2,700.1,6.88,84.8,Agricultural,Clay,246.0,Poor,3.08,1,7.43,6.25,1
5953,2.96,218.4,19.2,85.0,477.7,1.15,82.4,Urban,Sandy,763.0,Good,9.31,1,4.59,5.69,0
5954,3.67,220.0,24.2,37.5,238.4,4.52,81.4,Agricultural,Sandy,192.0,Average,4.7,1,7.66,4.22,0
5955,7.53,93.8,29.9,60.5,358.4,2.7,432.8,Barren,Clay,66.0,Poor,4.54,0,5.23,3.25,0
5956,2.51,78.5,26.6,37.9,270.1,5.33,178.3,Urban,Loamy,344.0,Poor,8.01,2,2.01,1.3,0
5957,5.27,257.7,29.8,76.4,411.8,4.34,167.4,Agricultural,Clay,681.0,Poor,5.83,2,1.36,5.09,1
5958,3.28,187.2,28.9,76.2,1081.1,5.62,165.8,Agricultural,Sandy,77.0,Good,10.0,0,9.92,3.99,0
5959,5.81,261.4,26.2,76.2,294.5,4.99,206.3,Agricultural,Clay,495.0,Poor,10.0,2,7.36,1.69,0
5960,3.44,236.9,21.9,59.0,594.8,3.89,110.0,Forest,Clay,472.0,Average,9.18,0,7.62,6.19,0
5961,6.1,175.9,29.1,75.0,777.9,4.42,94.9,Agricultural,Sandy,1765.0,Poor,4.97,2,6.54,3.3,1
5962,9.72,199.7,29.3,43.7,756.9,5.47,30.3,Forest,Sandy,1503.0,Poor,0.0,0,5.08,2.6,1
5963,10.0,29.0,32.5,80.8,831.1,5.13,158.9,Urban,Silty,430.0,Average,0.0,3,6.23,2.38,1
5964,6.39,278.1,24.1,64.3,834.4,5.64,31.8,Forest,Loamy,773.0,Good,5.64,2,8.32,6.7,1
5965,8.62,148.1,20.5,45.8,463.8,7.12,174.8,Forest,Loamy,746.0,Poor,5.94,0,4.83,2.76,1
5966,6.82,138.5,32.0,73.1,1027.6,7.1,39.3,Wetland,Silty,463.0,Poor,4.88,1,8.35,4.11,1
5967,3.49,194.7,28.0,,750.6,4.53,130.6,Forest,Loamy,1083.0,Poor,7.29,2,2.8,6.37,0
5968,2.47,205.4,26.6,66.5,428.8,4.6,281.9,Forest,Clay,613.0,Average,8.03,1,7.26,6.32,0
5969,4.69,97.3,28.4,91.3,559.4,6.63,57.7,Agricultural,Loamy,64.0,Poor,5.75,1,3.19,7.74,1
5970,2.27,129.6,24.6,56.6,354.5,5.73,67.1,Urban,Loamy,857.0,Average,8.79,3,2.98,2.24,0
5971,5.8,142.5,23.6,58.4,343.0,6.89,138.1,Agricultural,Silty,364.0,Good,7.75,1,5.22,3.81,0
5972,1.28,85.5,30.6,58.8,269.2,2.5,319.7,Agricultural,Silty,961.0,Good,5.3,2,2.32,6.46,0
5973,8.07,185.2,26.3,74.3,655.9,4.1,541.5,Urban,Clay,1699.0,Poor,2.77,1,8.2,6.28,1
5974,4.51,88.7,26.1,60.0,435.0,2.05,245.0,Forest,Clay,1576.0,Average,6.47,2,3.86,7.29,0
5975,6.04,101.0,23.5,59.6,610.8,6.53,58.3,Agricultural,Sandy,2105.0,Average,7.25,4,4.26,6.11,1
5976,4.57,141.8,29.9,80.4,206.9,0.5,0.7,Agricultural,Sandy,614.0,Average,5.64,4,4.43,3.97,0
5977,3.25,,24.3,63.8,467.0,7.28,440.5,Barren,Sandy,456.0,Average,6.35,1,6.94,0.0,0
5978,6.43,101.6,27.3,81.5,763.4,3.24,83.9,Agricultural,Clay,263.0,Average,4.37,3,0.0,5.28,0
5979,6.01,183.9,28.4,85.7,281.5,2.95,36.8,Urban,Sandy,689.0,Good,3.79,2,7.07,6.25,1
5980,4.06,213.6,26.5,44.4,709.0,4.8,167.8,Forest,Clay,1562.0,Good,5.62,3,2.35,6.67,1
5981,6.08,99.6,34.2,89.7,648.1,6.51,31.8,Forest,Sandy,1324.0,Average,4.66,0,2.1,5.98,0
5982,6.66,308.7,24.9,76.1,1145.1,4.24,177.9,Forest,Loamy,1114.0,Average,3.83,2,3.72,2.78,0
5983,6.6,111.3,30.3,53.4,426.7,1.34,448.4,Agricultural,Loamy,190.0,Good,4.03,0,6.21,3.79,0
5984,7.06,132.3,26.5,54.7,157.3,7.01,17.0,Forest,Sandy,1247.0,Average,5.16,0,4.15,4.8,0
5985,4.07,163.2,28.0,55.7,496.9,4.54,82.8,Forest,Sandy,633.0,Poor,8.1,3,6.42,2.81,1
5986,4.86,236.4,20.6,76.3,331.2,5.52,90.7,Urban,Sandy,1082.0,Poor,6.55,0,2.83,6.37,0
5987,6.85,126.9,21.2,75.3,600.8,2.96,139.4,Forest,Loamy,470.0,Poor,2.91,0,3.18,5.21,1
5988,5.49,169.7,29.2,86.8,241.1,5.39,195.2,Forest,Sandy,260.0,Average,4.53,1,7.46,9.35,0
5989,5.02,187.4,22.1,80.2,427.8,6.47,462.1,Wetland,Clay,1108.0,Average,3.19,0,4.36,5.37,0
5990,7.69,154.1,27.0,72.4,551.9,3.44,230.1,Forest,Clay,589.0,Average,4.88,1,4.02,5.14,0
5991,3.43,83.8,24.9,84.3,206.5,2.28,39.8,Forest,Loamy,56.0,Poor,10.0,0,7.39,7.13,0
5992,1.98,108.1,29.6,47.1,390.5,5.59,36.6,Urban,Clay,196.0,Good,2.88,0,2.89,6.79,0
5993,4.38,97.2,28.3,98.6,204.1,5.72,85.8,Urban,Clay,1041.0,Poor,5.12,0,8.91,5.26,1
5994,5.43,173.8,27.3,55.0,330.8,4.61,230.0,Urban,Sandy,2115.0,Good,7.86,0,6.35,6.02,0
5995,6.61,49.8,29.8,53.0,302.7,3.41,0.0,Barren,Sandy,1684.0,Good,4.21,2,9.26,6.75,1
5996,6.35,85.3,28.3,67.5,404.1,2.35,74.4,Urban,Clay,89.0,Poor,4.54,0,6.46,5.06,1
5997,1.51,258.9,21.5,80.1,231.1,3.74,309.6,Agricultural,Loamy,978.0,Poor,7.74,1,3.38,7.57,0
5998,4.15,191.8,24.9,66.6,1018.6,5.78,178.4,Agricultural,Sandy,654.0,,3.49,1,8.0,9.59,1
5999,2.39,201.5,27.5,61.8,319.4,3.78,8.8,Forest,Clay,1049.0,Average,4.59,2,5.27,4.38,0
6000,3.85,249.9,27.7,61.6,408.1,2.72,230.5,Forest,Clay,813.0,Poor,6.83,0,2.26,8.97,0
