TEMP,HUMIDITY,CLOUD_COVER,JAN,FEB,MAR,APR,MAY,JUN,JUL,AUG,SEP,OCT,NOV,DEC,JUN_SEP,ANNUAL,FLOOD
30.1,75.0,32.0,0.0,13.5,2.3,28.1,66.1,130.5,267.3,349.5,198.9,80.0,24.2,26.5,946.3,1186.9,0
28.7,71.0,39.0,4.4,12.7,10.9,31.0,88.5,325.0,336.0,176.2,260.9,52.8,15.9,13.3,1098.1,1327.6,0
30.4,75.0,34.0,26.4,1.8,7.6,39.8,77.5,265.5,322.4,266.0,167.5,106.8,50.7,13.4,1021.4,1345.3,1
32.4,77.0,36.0,18.0,15.3,19.5,27.9,69.6,242.1,315.6,290.6,207.8,111.6,50.3,15.7,1056.1,1384.0,0
28.5,74.0,51.0,44.7,39.3,43.3,37.5,120.4,330.5,389.2,314.3,257.0,96.5,44.5,45.4,1291.1,1762.6,1
28.5,74.0,,28.5,25.0,50.2,56.7,42.5,363.7,290.1,320.3,160.3,127.5,48.3,28.5,1134.4,1541.6,1
32.5,70.0,28.0,0.0,0.0,0.0,11.6,84.2,79.1,248.7,298.6,312.5,72.6,6.1,8.5,938.9,1122.0,0
30.7,70.0,45.0,27.5,27.0,9.9,56.7,39.7,287.7,313.1,291.7,205.1,61.8,44.2,32.3,1097.6,1396.7,0
28.0,66.0,44.0,0.0,22.6,26.6,13.0,50.7,174.7,264.8,261.9,199.6,61.9,23.5,19.1,901.0,1118.3,0
30.2,84.0,29.0,17.5,20.4,19.4,54.7,75.0,293.3,346.3,272.2,262.4,124.3,23.5,12.7,1174.1,1521.5,1
28.0,67.0,,12.5,21.3,18.6,60.6,64.3,264.2,264.4,251.7,238.4,94.9,18.6,16.8,1018.7,1326.3,1
28.0,70.0,50.0,28.7,15.5,39.3,43.3,102.9,307.8,336.4,348.5,214.5,88.7,42.7,40.5,1207.1,1608.7,1
29.5,70.0,29.0,0.0,0.0,0.0,0.0,23.8,207.5,279.0,227.5,180.9,43.5,19.8,0.0,894.9,982.1,0
24.8,79.0,31.0,16.6,10.0,31.3,28.5,73.6,155.4,321.3,337.5,130.7,75.5,33.5,8.4,944.9,1222.3,0
25.2,72.0,46.0,30.5,30.5,36.8,45.2,68.4,245.2,292.4,301.1,185.0,88.9,30.7,22.8,1023.7,1377.5,0
27.8,81.0,40.0,39.9,35.0,32.4,60.8,94.9,301.4,308.7,278.8,242.3,87.9,56.8,33.4,1131.1,1572.0,1
26.8,70.0,42.0,5.5,27.0,42.2,26.3,67.1,314.2,314.2,324.3,218.4,44.9,23.8,11.6,1171.0,1419.3,0
29.7,76.0,41.0,22.5,20.8,33.7,63.5,81.7,205.3,331.9,257.6,264.8,128.3,50.5,40.0,1059.6,1500.6,0
27.0,69.0,41.0,19.0,17.4,14.9,16.0,53.4,310.9,304.1,321.4,189.0,108.7,54.7,0.0,1125.4,1409.6,1
25.9,87.0,27.0,31.0,24.6,40.4,22.9,68.6,233.2,421.1,311.1,146.4,67.0,34.5,32.0,1111.8,1432.8,0
32.2,67.0,46.0,3.0,15.7,23.5,47.3,74.7,278.9,249.6,254.4,246.6,92.4,38.6,6.7,1029.5,1331.4,0
28.5,76.0,47.0,38.4,37.1,46.6,28.3,109.5,252.6,326.7,341.3,285.2,88.0,41.7,30.9,1205.8,1626.3,1
29.1,78.0,36.0,4.4,16.4,52.1,37.8,63.2,275.2,220.8,326.9,245.6,88.7,33.9,7.1,1068.5,1372.1,0
25.9,76.0,38.0,19.8,22.3,23.6,76.8,57.0,313.5,336.7,361.5,197.0,85.8,34.8,18.0,1208.8,1546.8,1
27.8,73.0,26.0,6.4,0.0,0.0,11.1,58.5,168.7,219.3,322.2,223.2,55.5,3.9,6.3,933.4,1075.0,0
29.2,73.0,42.0,12.4,24.9,28.2,26.6,74.3,227.6,298.3,323.5,359.3,145.1,64.6,25.1,1208.7,,1
26.5,74.0,43.0,17.3,27.7,41.7,43.3,95.6,279.2,296.7,233.6,214.2,88.0,35.3,17.4,1023.6,1390.0,1
29.8,73.0,38.0,18.9,22.2,4.7,32.2,49.7,389.9,324.7,429.8,138.8,67.6,34.8,23.9,1283.1,1537.2,1
27.7,80.0,47.0,32.1,54.8,31.7,66.3,63.8,241.9,306.2,238.0,203.0,100.3,36.2,57.3,989.2,1431.7,1
28.4,87.0,35.0,33.1,32.8,39.3,66.1,82.5,395.4,297.5,368.3,251.3,139.3,58.4,42.0,1312.5,1806.2,1
27.7,71.0,43.0,22.2,27.4,8.1,24.9,57.1,372.6,398.6,317.4,130.2,51.1,46.1,36.7,1218.8,1492.3,1
33.1,66.0,30.0,0.0,0.0,0.0,23.3,36.4,222.6,295.1,189.9,175.6,38.9,0.0,0.0,883.2,981.9,0
29.0,73.0,38.0,10.9,20.5,24.8,35.7,55.1,241.4,274.1,280.6,214.9,124.0,0.0,21.3,1011.0,1303.3,1
26.7,89.0,37.0,52.2,54.2,44.3,74.9,116.0,253.1,326.1,316.6,300.3,127.3,60.7,42.8,1196.2,1768.6,1
30.8,69.0,40.0,11.0,0.0,0.3,20.1,56.8,248.8,401.3,358.3,251.6,87.4,22.8,15.6,1260.1,1474.1,1
26.3,84.0,35.0,33.7,35.3,39.3,67.0,89.6,199.2,312.5,265.2,255.5,159.9,55.3,36.3,1032.5,1549.0,1
29.5,84.0,37.0,32.5,34.5,50.8,52.1,93.4,276.0,288.8,295.0,122.9,116.4,74.3,42.4,982.7,1479.0,0
24.7,71.0,45.0,24.0,17.9,11.1,44.3,79.9,348.3,274.9,160.5,247.4,78.3,31.4,18.5,1031.2,1336.6,1
26.1,77.0,35.0,15.2,30.0,31.4,25.0,70.7,227.6,278.3,391.8,232.9,84.1,20.9,20.2,1130.6,1428.2,1
29.4,84.0,25.0,17.3,11.4,28.8,21.6,78.8,245.4,272.9,226.5,210.1,60.2,14.6,10.1,954.9,1197.7,0
30.6,72.0,52.0,31.8,32.3,52.3,64.1,74.9,187.2,254.0,329.8,142.9,142.2,53.2,21.6,914.0,1386.4,1
29.4,73.0,49.0,31.1,36.2,51.8,47.3,115.6,298.2,260.1,301.7,182.6,122.0,53.4,43.6,1042.7,1543.6,0
28.7,71.0,28.0,0.0,0.0,19.4,0.2,40.7,249.9,235.6,259.7,122.9,93.5,0.0,0.0,868.2,1022.0,0
28.3,68.0,44.0,12.3,14.5,16.0,24.9,41.4,261.1,343.1,334.6,106.9,117.9,36.9,16.5,1045.7,1326.1,1
25.7,70.0,34.0,0.0,11.3,7.1,27.4,57.8,232.1,271.1,370.9,183.9,63.6,19.6,4.7,1058.0,1249.5,0
27.4,67.0,40.0,0.0,10.4,6.0,15.7,41.2,232.1,285.8,292.8,152.3,54.6,18.7,8.8,963.0,1118.4,0
28.0,74.0,40.0,20.7,4.2,25.6,37.2,86.9,291.2,389.8,331.6,321.7,92.3,22.8,19.3,1334.3,1643.3,1
31.3,69.0,36.0,2.1,0.0,22.7,20.6,99.6,243.8,373.1,294.5,177.8,53.6,9.6,5.6,1089.2,1303.0,0
29.8,75.0,32.0,12.7,4.9,0.0,3.4,45.7,268.7,284.5,340.4,249.6,85.5,0.0,13.2,1143.2,1308.6,0
25.1,65.0,32.0,0.0,0.0,0.0,0.0,46.0,241.2,241.5,232.6,98.8,87.7,2.2,0.0,814.1,950.1,0
29.7,76.0,31.0,10.1,0.0,27.6,30.8,26.7,313.6,249.9,344.2,167.9,77.6,22.1,23.7,1075.6,1294.2,0
28.2,79.0,31.0,17.8,36.8,30.6,24.6,77.5,295.6,350.0,352.8,202.8,92.1,30.7,18.3,1201.2,1529.5,1
27.5,62.0,37.0,0.0,0.0,0.0,19.5,24.1,242.4,269.5,324.6,130.9,59.5,7.9,0.0,967.4,1078.3,0
30.3,76.0,32.0,2.0,12.8,24.1,40.2,51.1,337.1,280.4,245.3,174.6,103.7,28.2,4.3,1037.4,1303.9,1
31.3,81.0,43.0,40.6,51.9,49.8,68.0,72.4,307.5,285.6,304.6,214.6,97.7,53.1,45.9,1112.3,1591.7,1
31.0,67.0,50.0,24.1,42.9,43.2,63.0,90.8,338.0,270.0,310.1,195.7,41.3,36.8,29.5,1113.8,1485.5,1
27.2,84.0,33.0,28.1,38.0,35.7,47.0,103.1,306.4,342.2,223.5,296.5,114.8,26.1,29.5,1168.6,1590.9,1
28.3,77.0,40.0,8.5,35.8,42.5,53.0,80.7,168.9,241.3,392.7,227.2,124.9,33.2,32.6,1030.1,1441.2,0
29.7,70.0,42.0,14.7,17.4,46.8,26.4,51.1,330.2,368.1,287.7,220.0,99.6,29.0,14.1,1205.9,1505.0,1
31.1,74.0,42.0,39.9,24.1,35.2,71.6,109.0,274.6,285.2,313.7,231.5,81.2,28.4,30.6,1105.0,1524.9,1
27.9,77.0,39.0,20.5,22.6,30.9,67.2,63.4,265.5,309.4,264.9,236.0,70.0,48.7,33.7,1075.9,1432.9,1
28.6,74.0,44.0,20.0,22.2,40.0,45.9,37.6,286.3,240.6,223.8,207.1,113.2,32.9,36.0,957.8,1305.5,0
26.6,77.0,42.0,31.8,26.3,32.1,53.4,93.0,254.8,323.1,268.8,199.4,107.3,46.4,32.7,1046.0,1469.1,0
26.4,68.0,,0.0,0.0,14.7,20.1,16.7,241.3,259.1,271.5,176.3,55.7,0.2,0.0,948.2,1055.6,0
30.8,75.0,45.0,39.3,32.2,38.6,48.0,104.6,242.2,321.8,343.9,266.9,150.4,53.8,27.9,1174.8,1669.5,1
32.0,66.0,45.0,0.0,0.0,14.3,22.1,57.4,325.1,393.3,294.4,245.7,61.3,35.8,17.8,1258.5,1467.1,1
28.8,73.0,32.0,7.9,6.5,0.6,32.5,69.1,240.8,307.7,297.1,176.2,121.4,25.3,24.6,1021.7,1309.6,1
31.2,69.0,38.0,8.7,6.7,22.0,24.9,87.0,228.0,251.3,259.5,223.6,79.8,0.0,4.3,962.3,1195.7,0
29.8,70.0,43.0,14.1,19.4,30.9,37.4,46.0,209.3,267.5,319.0,191.4,44.3,44.5,21.8,987.3,1245.7,0
27.6,81.0,36.0,29.5,25.6,28.8,36.8,70.5,286.6,357.5,387.8,213.3,97.3,60.1,25.4,1245.2,1619.2,1
29.8,81.0,47.0,54.8,74.2,59.4,46.0,100.1,301.9,419.5,362.5,210.3,145.6,55.8,41.8,1294.2,1871.9,1
32.4,78.0,57.0,65.0,71.9,49.9,80.8,143.8,324.4,369.9,380.0,234.8,123.9,75.8,55.6,1309.1,1975.7,1
28.9,67.0,32.0,0.0,0.0,0.0,19.7,30.6,177.3,325.1,280.9,234.2,26.9,0.0,0.0,1017.4,1094.7,0
32.4,72.0,27.0,0.0,0.0,2.3,8.1,33.9,147.7,322.4,178.6,180.0,61.7,0.0,4.6,828.7,939.3,0
23.2,81.0,40.0,33.5,32.1,58.1,71.2,98.6,313.4,414.1,248.4,225.1,87.6,40.1,19.2,1201.0,1641.4,1
30.8,75.0,44.0,28.6,22.9,27.3,39.6,71.5,354.7,206.0,329.4,147.9,115.3,36.5,28.9,1037.9,1408.4,0
29.2,88.0,36.0,42.8,34.5,36.4,49.5,100.3,230.8,377.2,316.6,213.3,136.5,52.9,35.8,1137.8,1626.6,1
28.3,76.0,50.0,39.8,47.5,39.0,60.2,65.0,373.4,395.0,341.5,215.1,89.6,44.5,36.9,1325.1,1747.6,1
29.2,75.0,27.0,6.9,0.0,0.0,16.4,96.7,258.0,212.1,369.6,145.1,54.8,3.6,11.4,984.8,1174.6,0
24.6,72.0,44.0,20.7,32.1,41.8,50.6,49.4,266.0,263.3,338.5,207.4,115.3,36.3,26.0,1075.2,1447.5,1
28.5,75.0,33.0,0.0,19.2,30.7,18.9,56.8,231.3,252.2,356.2,173.9,61.7,14.0,3.5,1013.6,1218.3,0
29.8,73.0,52.0,34.9,52.0,48.2,74.4,92.4,206.9,289.3,318.5,226.6,85.9,59.5,36.3,1041.2,1524.8,0
32.3,78.0,54.0,54.0,48.8,71.8,96.2,145.9,351.9,318.7,280.8,243.1,98.1,75.8,49.5,1194.5,1834.5,1
27.9,80.0,32.0,27.2,24.2,25.7,36.9,45.9,219.7,327.0,289.0,159.4,101.2,61.0,20.1,995.1,1337.4,0
27.2,,34.0,1.6,4.9,2.8,31.8,91.5,198.9,343.7,225.1,163.9,79.5,25.3,1.2,931.6,1170.3,0
27.9,66.0,45.0,3.2,9.2,13.7,17.3,80.1,309.6,369.9,375.4,198.5,67.9,27.9,28.2,1253.3,1500.8,1
31.0,63.0,35.0,5.3,0.0,0.0,18.3,48.7,126.8,230.1,306.2,223.7,60.5,0.0,0.0,886.9,1019.8,0
29.7,77.0,38.0,23.7,37.5,13.1,54.2,56.9,182.8,265.9,326.8,218.2,134.8,40.1,24.3,993.7,1378.3,0
27.8,67.0,38.0,9.8,4.4,9.2,30.0,66.0,243.6,373.5,346.3,154.8,50.2,18.5,0.1,1118.2,1306.5,0
30.1,61.0,23.0,0.0,0.0,0.0,0.0,0.0,220.5,293.2,117.2,162.4,0.0,0.0,0.0,793.3,793.3,0
29.2,76.0,38.0,23.7,15.8,33.9,3.9,99.7,291.1,319.4,328.5,281.2,105.8,43.8,25.2,1220.2,1572.0,1
31.1,89.0,32.0,43.9,30.4,45.1,49.5,72.8,265.6,360.6,236.2,263.5,109.4,35.4,44.9,1125.8,1557.4,1
27.5,74.0,34.0,17.5,6.2,13.2,20.3,60.5,392.0,301.0,282.4,217.4,65.0,19.9,13.6,1192.8,1409.1,1
28.3,79.0,50.0,56.1,49.6,45.9,55.9,91.5,280.1,374.1,304.5,265.3,138.9,69.3,43.1,1223.9,1774.1,1
28.1,74.0,28.0,4.0,0.0,4.7,18.5,32.2,229.3,271.8,310.4,246.8,93.0,8.5,9.7,1058.3,1229.0,0
25.8,73.0,45.0,22.9,28.3,39.8,40.4,95.2,226.6,336.5,313.6,258.8,45.2,37.9,34.8,1135.5,1480.0,1
29.7,80.0,36.0,20.0,14.1,20.2,34.7,90.3,276.4,229.0,377.6,235.1,83.3,37.9,34.9,1118.1,1453.6,1
29.6,72.0,36.0,9.7,1.0,14.9,14.3,86.2,285.8,260.7,247.1,240.1,139.9,12.0,20.1,1033.7,1331.8,0
29.0,76.0,44.0,37.7,38.6,39.5,41.6,49.6,341.4,284.6,346.3,166.5,119.8,59.3,36.5,1138.8,1561.4,1
28.5,76.0,41.0,23.0,32.6,24.6,58.3,101.1,187.9,297.3,309.2,142.2,116.7,27.6,39.6,936.6,1360.2,0
25.9,70.0,43.0,23.7,15.1,16.3,27.3,120.3,246.7,254.6,195.4,207.3,119.5,34.0,21.2,903.9,1281.3,0
28.1,80.0,46.0,54.2,37.5,51.9,56.4,88.6,312.2,305.6,264.3,230.7,118.0,62.6,43.8,1112.8,1625.8,1
28.2,73.0,35.0,0.1,2.2,3.1,21.9,100.3,284.7,211.5,273.7,167.9,102.3,11.0,10.3,937.9,1189.1,1
27.2,69.0,33.0,0.0,0.0,5.5,19.1,44.7,240.4,322.9,334.5,217.2,88.0,10.9,0.0,1115.0,1283.1,0
28.6,77.0,29.0,4.3,13.6,3.4,30.9,33.0,280.2,295.4,307.3,106.6,93.9,9.5,4.2,989.5,1182.3,0
29.9,69.0,31.0,0.0,1.8,9.0,0.0,40.3,191.9,184.1,198.7,152.3,58.3,23.1,7.5,727.0,867.1,0
33.1,74.0,62.0,54.0,57.2,88.6,90.5,134.2,388.9,303.1,325.1,221.4,137.5,59.5,63.6,1238.4,1923.5,1
29.4,74.0,48.0,43.8,26.8,31.4,70.2,71.2,332.6,348.2,425.0,144.4,93.3,40.2,36.8,1250.2,1663.8,1
29.6,81.0,27.0,14.0,15.7,22.9,18.0,53.6,181.6,273.0,292.1,262.9,85.9,10.9,16.7,1009.6,1247.4,0
28.8,77.0,27.0,2.1,0.0,1.5,10.1,68.7,187.7,255.0,257.8,125.6,47.6,0.5,28.6,826.1,985.3,0
24.8,74.0,42.0,10.7,21.1,39.6,36.8,77.3,209.6,312.7,325.7,180.7,77.4,56.3,16.1,1028.8,1364.1,1
28.9,79.0,42.0,22.7,46.8,27.5,44.1,99.9,315.5,348.8,352.5,259.1,101.1,54.7,29.4,1275.8,1702.2,1
29.1,82.0,42.0,42.0,49.4,51.6,62.5,99.6,214.1,248.6,288.3,253.9,91.2,56.5,31.8,1005.0,1489.5,1
34.4,77.0,36.0,0.9,22.3,16.3,14.6,82.6,244.8,346.0,322.1,153.1,80.4,25.1,19.1,1066.1,1327.4,1
28.6,74.0,37.0,21.3,6.0,18.1,19.8,59.6,283.2,260.2,269.1,228.9,84.1,39.1,18.2,1041.4,1307.6,1
29.7,66.0,41.0,1.5,7.5,0.0,41.3,62.4,244.2,296.7,319.5,200.8,87.9,7.9,2.1,1061.2,1271.8,0
28.9,68.0,39.0,29.5,15.1,18.8,12.5,40.1,262.8,296.5,288.4,293.6,102.3,28.1,2.3,1141.3,1390.1,0
26.4,72.0,20.0,0.0,0.0,0.0,13.1,59.0,164.6,241.6,281.2,181.4,41.6,0.0,0.0,868.7,982.4,0
31.5,70.0,36.0,1.1,16.4,15.1,26.9,44.9,280.3,236.2,233.6,181.2,111.0,9.9,1.6,931.3,1158.2,1
30.7,73.0,31.0,0.0,13.5,3.8,0.0,77.8,211.5,278.1,227.6,146.7,98.7,24.3,5.7,863.8,1087.5,0
30.7,74.0,39.0,24.8,33.1,22.7,44.4,67.1,243.9,409.3,346.6,168.3,104.4,42.2,28.7,1168.2,1535.6,1
27.0,77.0,62.0,78.4,70.2,73.3,83.4,123.8,322.9,278.1,335.2,212.6,143.6,87.0,73.2,1148.8,1881.8,1
32.1,74.0,41.0,7.3,28.1,19.8,34.9,65.5,271.1,416.9,311.9,267.1,103.4,22.8,30.4,1267.0,1579.3,1
25.9,77.0,35.0,1.9,30.5,25.3,39.1,50.9,262.5,295.6,273.4,202.0,120.9,25.8,27.9,1033.6,1355.9,1
30.3,74.0,45.0,22.6,34.2,49.9,53.3,47.7,231.3,324.7,354.7,238.0,133.2,44.5,32.9,1148.8,1567.0,1
33.8,62.0,42.0,0.5,0.0,0.0,24.3,29.7,224.3,225.6,235.5,248.9,104.2,0.6,0.0,934.4,1093.6,0
26.8,68.0,41.0,11.2,6.6,25.9,41.3,55.7,252.3,255.9,274.3,86.1,83.2,38.7,4.0,868.6,1135.3,0
27.8,73.0,43.0,30.4,26.7,43.8,46.7,81.0,191.2,286.6,342.4,264.3,110.7,8.0,21.7,1084.5,1453.4,0
29.2,67.0,,18.8,21.1,27.2,31.9,103.6,248.0,260.7,371.4,215.9,137.0,34.1,27.2,1095.9,1496.8,1
27.9,78.0,29.0,0.0,9.5,0.0,21.9,53.7,273.9,290.1,252.2,212.2,67.0,16.5,16.5,1028.4,1213.4,1
25.6,83.0,42.0,48.9,53.8,52.0,97.3,79.4,216.7,312.6,430.7,189.7,109.0,22.9,47.8,1149.7,1660.7,1
29.2,81.0,31.0,11.2,3.3,19.3,46.5,43.9,326.4,423.8,311.0,168.8,93.2,16.0,26.4,1230.0,1489.9,1
26.7,73.0,42.0,3.9,35.3,45.7,68.4,84.6,334.8,245.0,234.5,227.0,117.5,42.5,13.7,1041.4,1452.9,1
30.0,83.0,31.0,23.4,34.2,29.5,58.9,104.9,198.7,323.4,318.6,314.5,120.1,37.6,36.7,1155.2,1600.4,1
27.0,75.0,35.0,18.1,11.1,10.8,34.7,92.1,331.5,321.7,264.6,241.9,81.0,45.7,11.4,1159.7,1464.6,1
32.4,72.0,36.0,6.0,14.3,2.5,30.6,76.2,244.1,237.8,307.2,248.9,44.3,40.5,1.2,1038.0,1253.8,0
27.3,70.0,46.0,16.9,23.6,38.5,40.2,88.4,288.6,356.8,293.1,197.0,101.8,40.8,20.1,1135.5,1505.7,1
28.3,72.0,45.0,21.9,36.0,24.5,22.3,112.2,240.9,294.3,302.5,181.2,75.2,42.0,46.1,1018.9,1399.1,1
30.8,72.0,28.0,0.0,3.5,0.0,12.8,54.2,288.4,138.1,214.7,142.5,30.4,8.4,0.0,783.6,892.9,0
26.3,75.0,38.0,6.4,9.0,33.8,51.7,85.1,284.5,351.8,349.6,180.2,60.6,0.3,17.6,1166.2,1430.7,1
29.5,75.0,32.0,0.7,14.1,8.6,19.2,55.0,206.6,234.4,214.3,99.0,89.6,4.7,7.9,754.4,954.0,0
31.9,74.0,28.0,1.2,0.0,3.5,21.9,24.8,177.9,229.1,207.7,149.4,106.0,13.2,0.0,764.1,934.8,0
25.5,77.0,36.0,20.6,21.7,24.8,48.2,59.3,182.7,354.3,314.3,177.8,94.0,40.4,14.7,1029.0,1352.8,1
29.4,81.0,36.0,28.1,24.0,40.6,35.9,81.6,282.1,301.0,394.8,203.9,107.1,45.3,30.9,1181.8,1575.3,1
29.6,80.0,57.0,54.4,79.4,75.3,77.0,118.6,338.9,412.5,316.9,253.3,167.0,66.7,74.0,1321.6,2034.0,1
30.7,65.0,41.0,0.0,11.9,5.4,8.4,94.1,281.4,368.2,316.3,201.9,37.0,26.8,6.1,1167.8,1357.6,1
26.3,59.0,27.0,0.0,0.0,0.0,0.0,18.8,200.7,218.5,299.5,146.5,50.2,0.0,0.0,865.2,934.2,0
26.1,80.0,33.0,20.6,11.5,22.5,23.7,97.8,200.6,361.8,341.5,178.0,93.9,45.5,19.4,1081.8,1416.8,1
30.1,66.0,46.0,23.2,11.7,4.0,21.0,58.1,219.3,261.5,268.7,108.4,101.0,38.7,10.4,858.0,1126.0,0
29.7,73.0,55.0,31.6,49.9,53.0,80.4,92.2,351.8,472.4,255.1,202.5,106.3,51.7,46.8,1281.8,1793.7,1
29.6,67.0,25.0,0.0,0.0,2.1,0.0,4.6,194.5,229.6,123.2,117.4,30.8,4.1,0.0,664.8,706.4,0
29.8,63.0,23.0,0.0,0.0,0.0,0.0,4.0,216.7,320.4,223.6,169.8,42.3,0.0,0.0,930.4,976.6,0
27.5,77.0,53.0,58.6,57.9,47.9,62.6,114.1,234.4,394.2,391.9,274.5,164.8,69.7,50.9,1295.1,1921.7,1
29.5,79.0,41.0,27.8,42.2,29.7,65.5,86.6,294.9,345.4,241.2,258.6,127.9,50.8,48.6,1140.1,1619.2,1
29.6,71.0,31.0,0.0,1.4,10.0,31.5,69.7,215.6,250.6,311.4,214.9,58.1,9.3,5.8,992.5,1178.4,0
27.4,58.0,42.0,0.0,0.0,0.0,17.4,45.6,289.6,272.9,206.9,166.0,28.5,0.0,0.0,935.4,1026.8,0
33.1,71.0,17.0,0.0,0.0,0.0,0.0,18.6,258.1,136.4,251.8,132.1,3.5,0.0,0.0,778.4,800.5,0
30.0,76.0,38.0,35.7,30.9,17.2,36.6,117.4,237.1,327.9,335.5,170.8,127.3,46.2,26.3,1071.2,1508.9,1
26.4,65.0,41.0,2.8,3.2,8.5,6.3,53.7,238.6,316.6,237.3,117.8,51.7,10.3,0.0,910.3,1046.9,0
30.4,75.0,45.0,29.6,36.8,21.2,73.1,108.1,244.5,332.8,314.7,259.4,96.7,55.5,39.5,1151.4,1611.8,1
26.9,74.0,30.0,3.2,1.1,9.0,11.5,47.6,167.5,117.2,251.5,177.7,108.6,24.4,0.0,714.0,919.4,0
30.7,77.0,39.0,23.3,18.2,39.1,51.4,92.6,221.2,242.5,339.3,152.3,58.1,34.8,30.0,955.3,,0
31.5,75.0,31.0,0.0,6.6,0.0,37.3,78.2,260.5,254.7,293.2,152.4,116.9,36.3,0.0,960.9,1236.1,0
27.2,68.0,40.0,12.0,10.9,0.0,18.7,64.6,268.3,317.9,283.7,151.4,74.1,16.1,4.7,1021.3,1222.3,0
31.1,81.0,31.0,19.6,15.6,40.6,50.3,25.7,271.0,330.2,383.2,204.7,64.1,50.9,17.9,1189.1,1473.7,0
29.9,73.0,35.0,7.5,8.5,8.3,36.6,62.8,235.8,292.2,320.8,240.4,76.2,27.6,4.2,1089.2,1321.0,1
30.8,74.0,30.0,0.0,0.0,19.0,41.3,80.2,296.9,333.7,235.6,169.9,57.5,15.4,0.8,1036.1,1250.4,0
33.2,68.0,43.0,21.2,22.8,16.3,25.2,76.3,259.3,244.2,280.8,94.4,96.8,15.1,22.1,878.8,1174.6,0
28.5,71.0,45.0,26.3,21.6,26.4,25.6,84.9,304.7,352.6,291.6,197.5,79.8,34.9,18.3,1146.4,1464.2,1
27.3,69.0,36.0,0.0,15.0,11.8,14.3,21.0,147.8,323.9,280.1,178.4,27.6,13.0,7.8,930.2,1040.6,0
27.0,73.0,38.0,20.8,28.0,11.0,35.3,53.4,42.1,330.5,434.2,187.7,82.3,12.7,8.1,994.4,1246.0,0
27.2,84.0,26.0,11.4,17.8,23.7,36.1,78.6,276.0,299.5,311.9,172.2,56.5,27.8,16.9,1059.6,1328.3,1
28.8,66.0,36.0,0.0,0.0,0.0,9.1,57.0,160.4,398.6,150.7,188.6,73.9,0.0,0.0,898.4,1038.4,0
29.8,64.0,38.0,0.0,0.0,0.0,0.0,72.3,226.3,317.6,236.5,181.0,38.3,15.0,0.0,961.4,1087.0,0
29.6,83.0,59.0,58.4,63.8,83.0,98.2,124.7,301.0,309.5,235.5,256.5,135.4,103.3,65.1,1102.5,1834.4,1
30.8,73.0,29.0,0.4,0.0,1.0,40.3,59.7,328.9,306.5,252.5,200.2,76.2,0.0,3.5,1088.0,1269.1,0
29.0,70.0,50.0,13.2,41.8,33.2,53.4,83.1,294.8,367.9,187.5,193.5,97.5,63.3,39.8,1043.7,1469.1,1
32.2,80.0,46.0,32.8,46.5,37.5,69.9,77.9,296.7,302.3,267.0,205.7,123.9,56.1,45.0,1071.8,1561.2,1
28.4,70.0,,0.0,15.9,32.7,36.7,19.7,300.8,370.2,196.6,256.9,101.8,13.1,9.1,1124.5,1353.5,1
35.0,85.0,52.0,63.7,49.6,80.2,89.2,128.0,329.7,382.3,361.7,274.6,110.5,88.5,68.6,1348.2,2026.5,1
30.4,78.0,41.0,28.0,22.6,45.8,60.4,87.7,249.0,183.7,304.2,251.4,102.6,38.8,32.6,988.3,1406.9,0
27.1,71.0,41.0,11.2,23.9,17.7,38.5,56.4,317.7,326.8,306.4,254.0,5.6,27.8,18.7,1204.9,1404.8,1
26.6,87.0,38.0,35.3,48.9,33.3,59.8,66.2,227.6,314.2,312.5,252.3,124.8,53.7,26.4,1106.6,1555.0,1
30.1,70.0,48.0,14.8,26.0,50.7,34.6,91.8,287.0,351.4,218.3,251.0,91.7,29.4,18.6,1107.7,1465.5,1
28.5,78.0,47.0,43.7,47.5,46.4,57.0,89.7,199.9,391.7,344.8,153.9,90.4,63.7,36.2,1090.3,1564.9,1
30.6,,33.0,6.0,26.5,9.9,34.2,76.5,266.6,317.1,396.9,204.6,93.3,22.0,14.6,1185.2,1468.2,1
30.0,82.0,27.0,15.3,14.0,24.0,29.0,105.1,268.4,407.7,311.5,189.6,117.1,10.6,17.3,1177.2,1509.6,1
28.8,83.0,36.0,24.1,34.8,49.9,55.0,43.4,368.4,315.5,281.5,291.7,94.3,52.8,39.3,1257.1,1650.6,1
27.1,74.0,32.0,5.6,8.7,11.0,29.5,45.2,163.1,336.7,196.4,230.9,55.6,4.7,9.3,927.1,1096.7,0
25.7,69.0,37.0,12.6,24.3,22.0,32.2,53.0,214.2,345.5,224.5,158.8,81.3,3.4,0.0,943.0,1171.9,0
28.0,77.0,48.0,44.3,25.8,57.4,75.0,123.7,329.8,328.8,340.9,241.4,81.2,68.9,54.2,1240.9,1771.4,1
30.9,70.0,34.0,0.0,7.5,0.0,19.9,21.3,262.4,340.7,336.2,191.5,57.5,0.0,12.2,1131.0,1249.3,0
29.5,86.0,38.0,43.5,43.5,41.7,45.7,135.1,296.3,300.7,331.5,246.8,147.0,28.6,34.3,1175.4,1694.7,1
26.3,75.0,38.0,15.3,24.7,33.8,33.1,74.9,209.6,286.8,338.6,156.4,93.8,39.7,22.9,991.4,1329.5,1
29.4,72.0,45.0,23.3,20.9,3.1,43.7,76.3,235.7,239.5,339.2,224.4,51.2,34.6,21.4,1038.8,1313.3,1
29.8,75.0,20.0,0.0,0.0,0.0,0.0,35.8,298.3,294.3,289.2,159.5,14.9,0.0,0.0,1041.3,1092.0,0
27.1,66.0,33.0,0.0,0.0,0.0,25.1,34.7,230.6,302.9,225.2,186.1,67.5,0.0,0.0,944.8,1072.0,0
29.3,,40.0,7.1,33.3,7.6,27.1,81.4,271.0,371.2,290.5,157.8,102.0,23.2,25.4,1090.5,1397.6,0
29.1,81.0,48.0,40.5,57.9,52.4,73.0,82.0,287.1,390.9,274.2,207.1,83.0,54.4,57.4,1159.2,1659.7,1
26.5,70.0,34.0,0.0,0.0,2.4,35.4,60.9,178.9,276.9,275.0,236.8,85.2,31.7,4.4,967.7,1187.7,0
29.8,68.0,23.0,0.0,0.0,0.0,0.0,22.1,271.2,199.1,269.0,112.5,83.1,0.0,0.0,851.7,956.9,0
30.2,77.0,43.0,17.8,30.0,26.6,57.5,70.4,303.3,351.6,403.0,171.6,152.8,50.9,35.1,1229.4,1670.5,1
31.4,81.0,33.0,11.7,10.0,51.3,40.1,128.1,393.2,383.0,220.4,204.1,104.7,44.1,35.3,1200.8,1626.1,1
31.3,78.0,28.0,7.1,6.2,31.5,23.6,69.2,194.9,346.1,308.7,156.1,93.5,11.7,8.4,1005.8,,1
26.0,80.0,33.0,12.1,28.1,14.6,29.9,86.5,309.4,379.3,380.1,164.4,40.9,21.9,15.1,1233.2,1482.2,1
26.9,69.0,37.0,6.3,0.0,25.0,42.2,80.0,175.1,284.5,321.2,191.9,129.7,29.4,0.0,972.7,1285.3,0
30.1,65.0,33.0,0.0,0.0,0.0,1.7,12.8,239.9,253.2,309.5,103.5,46.8,0.0,0.0,906.0,967.3,0
30.1,83.0,20.0,0.0,9.3,10.7,30.8,92.4,301.1,253.2,311.5,142.0,54.1,10.1,7.4,1007.8,1222.6,0
30.1,72.0,45.0,28.4,20.3,29.6,20.7,28.0,154.2,314.8,373.5,300.6,91.8,48.8,21.0,1143.2,1432.0,1
37.5,72.0,48.0,35.1,30.5,29.0,62.8,68.2,262.3,318.9,240.5,234.3,141.4,44.0,39.8,1056.0,1506.8,1
30.3,82.0,43.0,33.6,57.4,58.4,74.2,87.4,255.6,349.0,236.2,193.0,171.8,35.0,41.2,1033.8,1593.0,0
31.5,77.0,29.0,8.8,14.3,13.7,26.6,72.0,211.8,292.6,280.0,209.2,83.5,41.4,7.3,993.7,1261.2,1
31.1,77.0,36.0,11.1,21.1,20.2,35.3,77.4,284.2,305.0,167.7,228.5,118.0,26.6,20.9,985.4,1315.9,1
30.4,,38.0,44.4,44.7,37.6,68.4,95.3,350.2,292.0,390.0,273.3,119.7,53.8,43.8,1305.6,1813.1,1
28.3,70.0,43.0,5.1,18.8,13.3,62.7,70.0,252.9,366.7,361.0,194.5,64.3,33.3,20.1,1175.0,1462.4,0
30.7,80.0,43.0,22.9,36.1,27.8,36.0,72.6,293.5,336.8,287.1,266.1,149.1,59.7,49.4,1183.5,1637.2,1
27.3,74.0,32.0,1.1,0.0,11.3,33.6,29.3,255.5,288.7,257.7,97.5,63.6,42.7,0.0,899.4,1081.1,0
28.5,76.0,39.0,20.2,40.5,16.2,30.3,90.7,266.3,271.4,292.0,158.7,134.6,16.3,28.1,988.3,1365.3,0
27.9,83.0,42.0,38.8,46.2,46.3,61.8,110.9,227.1,257.1,320.0,234.4,149.5,66.9,46.4,1038.6,1605.4,1
29.2,77.0,50.0,33.7,49.4,63.9,60.2,129.9,349.2,416.7,325.6,243.0,133.6,67.1,47.4,1334.5,1919.7,1
34.1,77.0,44.0,29.2,34.9,51.4,47.3,71.6,293.6,360.7,339.8,176.4,153.1,45.8,42.4,1170.5,1646.1,1
24.9,80.0,44.0,41.2,36.1,45.7,58.9,107.9,305.7,236.6,304.0,235.7,169.8,63.4,42.4,1081.9,1647.3,1
30.5,72.0,39.0,12.0,13.9,18.5,18.8,61.7,213.0,353.2,342.1,169.3,83.0,38.6,19.2,1077.7,1343.5,1
25.5,69.0,49.0,25.3,14.0,49.6,56.2,102.6,243.5,374.1,324.7,196.3,78.6,22.2,32.5,1138.7,1519.6,1
28.0,68.0,41.0,1.8,28.4,19.4,5.7,82.6,242.5,309.7,247.0,238.3,35.6,43.2,6.2,1037.5,1260.4,0
31.4,62.0,31.0,0.0,0.0,0.0,2.5,35.2,136.6,366.9,328.4,201.9,107.1,0.0,0.0,1033.8,1178.7,0
29.1,86.0,49.0,51.8,55.9,53.9,77.3,109.4,213.4,369.2,257.4,201.3,125.2,62.6,62.2,1041.3,1639.7,1
26.6,67.0,44.0,14.3,9.9,21.3,16.3,84.6,222.4,220.4,280.1,147.8,113.8,22.3,12.3,870.6,1165.5,0
27.4,73.0,34.0,15.1,18.9,20.9,28.0,73.5,279.3,322.5,336.7,172.1,62.1,43.7,6.0,1110.6,1378.8,1
30.5,72.0,34.0,7.2,6.5,4.1,4.7,44.7,212.5,313.1,236.5,187.2,116.9,14.7,10.2,949.2,1158.2,0
27.4,76.0,40.0,21.4,16.1,32.9,43.5,51.4,212.0,281.8,316.0,178.4,80.5,37.6,26.7,988.1,1298.2,0
29.5,79.0,42.0,29.0,46.2,36.6,36.1,82.4,233.4,362.6,339.7,265.0,78.4,65.4,39.4,1200.7,1614.2,1
29.1,79.0,40.0,37.9,38.4,34.8,55.1,114.9,249.6,224.5,254.7,230.2,99.4,41.0,32.5,959.0,1413.0,0
27.6,71.0,40.0,0.6,19.3,0.0,20.9,89.9,237.5,366.4,282.8,215.3,73.7,12.9,2.2,1102.0,1321.5,1
33.7,73.0,52.0,30.2,46.7,42.8,52.6,70.8,402.1,280.3,303.9,166.0,127.9,48.0,41.3,1152.3,1612.6,1
30.4,76.0,47.0,32.4,57.8,52.3,59.1,67.2,338.6,271.5,278.6,273.1,109.3,67.0,39.1,1161.8,1646.1,1
24.5,73.0,40.0,26.3,36.9,17.1,27.1,96.9,317.8,304.6,424.9,74.5,107.1,32.3,21.3,1121.7,1486.7,0
29.4,84.0,46.0,54.4,48.9,58.9,70.7,83.7,360.7,372.4,282.1,273.9,119.1,89.6,49.7,1289.1,1864.1,1
27.5,77.0,30.0,0.0,23.2,6.6,9.0,72.4,197.3,312.0,340.5,234.2,65.6,31.1,0.6,1084.0,1292.5,0
30.9,78.0,41.0,26.7,35.3,39.8,56.8,71.9,207.0,279.6,281.4,194.7,89.6,36.5,37.2,962.8,1356.5,0
27.3,78.0,52.0,44.1,56.0,53.8,90.2,136.3,233.1,313.6,261.0,291.3,175.1,64.6,49.8,1099.0,1769.0,1
28.7,81.0,36.0,21.1,16.3,24.4,80.3,66.4,345.2,253.8,307.8,209.0,107.4,31.6,31.2,1115.7,1494.4,1
30.1,75.0,31.0,12.4,6.2,24.9,25.7,82.5,219.5,286.1,317.2,192.4,30.0,11.6,5.3,1015.3,1214.0,0
30.9,66.0,33.0,0.0,0.0,4.7,17.9,47.1,164.6,347.9,316.8,188.7,50.4,57.1,0.0,1017.9,1195.1,0
26.4,76.0,29.0,16.1,12.8,4.2,1.8,63.2,224.5,297.9,368.8,331.6,80.6,30.4,2.6,1222.8,1434.6,1
28.3,70.0,32.0,2.0,7.0,7.4,33.4,11.0,227.3,342.0,441.2,240.9,116.5,20.7,0.0,1251.4,1449.4,1
28.0,71.0,35.0,11.7,0.0,15.4,32.3,13.9,262.8,385.3,292.5,219.6,103.7,10.5,9.8,1160.2,1357.6,0
27.6,78.0,27.0,0.3,6.8,17.4,18.2,54.6,262.8,263.7,240.5,147.9,56.0,37.8,2.2,915.0,1108.3,0
32.9,81.0,38.0,29.2,42.4,20.5,65.2,90.3,229.9,314.2,331.7,221.9,165.9,58.6,34.7,1097.6,1604.4,0
29.9,74.0,45.0,16.1,29.1,44.7,44.5,60.1,310.3,452.9,287.2,176.0,101.8,65.2,33.9,1226.4,1621.8,1
26.2,76.0,31.0,2.6,15.6,8.1,21.3,40.0,216.6,388.5,335.5,228.8,113.0,43.8,5.1,1169.4,1418.9,1
31.0,84.0,50.0,62.5,64.4,62.0,84.3,124.8,295.0,253.3,258.4,249.9,104.7,55.9,52.0,1056.5,1667.2,1
33.7,75.0,42.0,34.8,30.1,57.8,31.6,90.7,307.2,342.6,436.8,158.8,39.4,26.1,46.8,1245.4,1602.7,1
31.3,90.0,46.0,55.7,65.4,74.6,96.9,116.8,274.3,359.6,389.3,253.3,104.4,67.6,63.4,1276.4,1921.3,1
25.7,77.0,33.0,9.7,5.9,15.7,19.9,83.2,226.3,357.2,189.9,159.4,6.3,16.3,20.6,932.8,1110.4,0
27.9,63.0,45.0,2.2,0.0,0.0,10.8,34.9,280.9,253.7,237.3,195.2,131.2,22.3,21.9,967.1,1190.4,1
31.8,79.0,29.0,0.0,18.5,30.7,18.9,57.7,207.6,254.4,332.1,156.1,90.2,18.0,19.1,950.3,1203.3,0
27.4,76.0,45.0,36.7,35.2,25.5,61.1,120.0,255.8,286.4,375.2,218.2,83.9,71.9,32.6,1135.7,1602.6,1
30.0,82.0,39.0,28.6,36.3,31.4,47.0,90.8,310.0,295.1,235.6,253.2,120.7,72.3,36.9,1093.8,1557.7,1
30.7,78.0,,29.4,30.6,34.7,34.8,88.5,389.0,374.9,347.4,213.6,110.7,45.9,27.3,1324.9,1726.9,1
27.0,73.0,29.0,0.0,0.0,17.8,9.3,97.7,274.9,220.7,158.7,164.0,87.1,35.1,6.7,818.3,1071.9,0
28.9,67.0,31.0,0.0,0.0,1.7,6.6,14.0,258.0,244.6,256.8,181.1,92.2,19.9,0.0,940.6,1075.1,0
21.9,73.0,43.0,21.7,22.1,27.2,27.6,92.7,296.0,209.5,361.3,238.2,89.6,31.4,20.7,1104.9,1438.0,1
26.7,69.0,30.0,0.0,0.0,0.0,0.0,77.9,175.6,345.0,232.6,124.8,42.6,0.0,0.0,878.0,998.5,0
28.4,71.0,42.0,12.6,24.5,16.6,60.9,64.1,267.0,386.9,203.2,212.3,111.3,28.0,8.0,1069.3,1395.5,0
26.3,78.0,27.0,0.0,5.4,12.4,13.7,76.2,247.4,279.4,287.5,248.3,99.1,11.3,14.9,1062.5,1295.3,0
32.6,84.0,45.0,52.2,52.9,57.3,65.7,85.0,312.3,326.7,289.5,260.4,127.1,67.1,53.6,1189.0,,1
25.9,76.0,28.0,14.6,17.3,18.1,17.0,42.7,252.8,323.6,312.9,189.0,130.8,17.5,6.1,1078.3,1342.4,1
28.0,67.0,42.0,7.9,9.6,23.5,21.7,69.5,272.7,390.3,230.5,220.6,70.9,22.6,3.2,1114.0,1342.9,0
29.3,77.0,43.0,38.6,35.9,42.5,58.1,101.6,258.5,350.1,260.8,236.0,83.1,51.9,21.9,1105.3,1538.9,1
32.2,81.0,32.0,8.5,13.2,23.0,51.0,97.0,267.8,272.7,177.4,238.5,105.1,20.0,30.3,956.5,1304.5,0
25.8,70.0,43.0,16.5,16.4,29.6,31.5,101.6,192.7,213.1,300.1,109.1,73.3,35.1,18.5,814.9,1137.6,1
31.6,73.0,40.0,7.6,24.3,22.5,21.6,70.1,243.8,244.5,282.1,131.5,103.8,26.1,26.7,901.9,1204.4,0
29.0,74.0,34.0,0.0,0.0,4.0,43.1,86.7,329.3,307.2,213.9,238.0,62.0,25.2,7.7,1088.4,1317.0,0
26.8,69.0,30.0,0.0,0.0,0.0,8.5,37.8,252.1,245.3,275.8,106.9,54.6,16.1,0.0,880.1,997.0,0
30.0,,22.0,4.5,0.0,2.8,35.8,68.0,238.8,301.7,329.6,198.1,117.3,0.0,3.7,1068.2,1300.4,0
29.4,73.0,41.0,25.8,21.5,34.3,11.3,77.3,367.5,280.0,280.7,187.4,83.1,29.8,27.1,1115.6,1425.7,0
27.7,77.0,25.0,0.1,9.5,3.4,20.5,62.1,168.4,229.7,288.8,138.4,53.2,11.8,7.6,825.2,993.4,0
29.2,69.0,39.0,0.0,11.5,0.7,48.8,69.3,189.8,230.2,296.7,206.5,110.1,14.6,6.4,923.1,1184.6,0
28.2,71.0,36.0,3.2,19.6,12.4,20.6,27.7,344.0,393.5,209.9,198.8,53.5,30.6,12.7,1146.3,1326.7,1
29.2,78.0,43.0,35.2,27.9,40.9,50.1,65.3,280.3,381.1,427.1,312.8,90.5,39.2,44.7,1401.3,1795.0,1
30.5,72.0,36.0,8.4,11.1,15.9,30.5,64.1,238.7,405.8,254.7,163.9,96.4,15.3,9.2,1063.1,1313.9,0
32.5,84.0,35.0,16.8,35.3,47.8,44.9,52.9,210.6,359.0,344.7,281.4,130.1,38.1,30.5,1195.7,1592.0,1
26.3,72.0,44.0,14.3,15.8,38.6,37.7,93.0,291.0,290.6,341.0,222.3,126.9,49.5,35.1,1144.9,1555.8,1
33.7,75.0,41.0,22.1,33.3,23.7,38.5,95.0,297.5,397.0,289.5,177.9,78.9,31.7,20.4,1161.9,1505.5,1
24.7,80.0,41.0,37.9,55.2,34.4,46.1,95.1,218.4,326.6,343.8,254.6,123.5,54.1,41.6,1143.4,1631.4,1
28.7,65.0,42.0,0.0,5.3,0.0,37.1,35.0,239.7,310.7,291.7,212.9,65.7,41.1,4.9,1054.9,1244.0,1
30.3,63.0,26.0,0.0,0.0,0.0,0.0,51.8,195.7,261.6,162.0,155.8,29.1,0.0,0.0,775.2,856.0,0
29.6,65.0,44.0,7.1,9.7,27.5,29.0,101.7,265.1,124.2,261.7,203.0,111.1,34.3,18.0,854.0,1192.5,0
27.6,82.0,43.0,48.4,38.9,45.4,71.3,99.5,225.0,432.9,281.1,199.7,102.9,76.7,22.5,1138.7,1644.4,1
28.5,71.0,30.0,0.0,0.0,0.0,10.8,59.2,307.9,318.5,242.2,141.8,76.0,21.3,0.0,1010.4,1177.7,0
27.9,89.0,36.0,49.1,41.8,66.1,55.1,103.4,339.8,359.2,243.8,263.6,123.3,59.2,51.6,1206.3,1755.8,1
27.7,71.0,38.0,2.0,0.3,20.5,21.2,74.0,233.4,299.7,348.7,183.3,56.6,31.1,15.6,1065.2,1286.4,1
30.9,75.0,37.0,0.1,32.0,26.8,35.4,68.0,248.5,320.2,383.3,196.8,114.6,15.0,13.3,1148.8,1454.0,1
29.8,83.0,41.0,37.1,42.3,35.3,47.5,94.5,277.7,299.4,371.9,237.8,129.2,45.8,44.4,1186.8,1662.8,1
27.5,86.0,49.0,69.2,61.4,75.0,75.2,134.3,263.4,393.2,409.9,258.1,86.5,68.9,43.9,1324.6,1939.2,1
31.0,86.0,47.0,68.7,67.7,55.3,71.4,159.5,278.2,274.2,312.6,178.3,139.5,99.5,66.3,1043.3,1771.2,1
29.7,81.0,28.0,18.1,6.4,8.1,57.9,39.4,242.5,318.6,250.5,255.3,68.1,17.6,17.4,1066.9,1299.9,1
30.8,80.0,43.0,40.6,34.1,40.7,23.9,90.1,370.9,365.9,267.0,227.7,139.6,42.3,39.8,1231.5,1682.7,1
30.4,78.0,49.0,46.6,47.1,44.7,61.4,75.0,340.7,326.7,356.0,219.5,82.5,46.1,46.8,1242.8,1693.0,1
27.2,79.0,41.0,27.0,42.6,36.2,72.1,118.2,327.8,348.7,319.6,235.8,97.5,53.1,38.3,1231.8,1716.9,1
27.8,71.0,47.0,23.6,31.6,17.2,46.1,67.8,289.9,260.1,295.1,220.2,108.7,41.3,27.4,1065.4,1429.0,0
30.6,69.0,54.0,46.2,37.8,49.4,61.8,58.9,216.3,269.9,382.9,252.3,109.2,60.8,20.8,1121.4,1566.3,0
30.3,74.0,46.0,21.9,33.0,47.7,50.6,97.2,272.1,338.6,327.9,238.6,123.5,52.5,50.0,1177.2,1653.4,1
29.0,73.0,40.0,29.3,22.6,3.9,28.4,106.3,314.8,352.1,242.8,233.7,53.4,14.8,29.0,1143.4,1431.2,0
29.3,71.0,46.0,20.2,27.4,39.6,15.9,91.1,198.6,205.3,258.3,268.6,139.1,28.1,15.5,930.8,1307.7,0
31.8,78.0,39.0,36.2,20.4,24.5,48.1,84.7,305.6,351.9,340.2,250.4,113.7,57.0,25.8,1248.1,1658.4,1
27.7,80.0,38.0,16.9,31.6,43.8,38.9,91.4,400.9,290.6,363.6,206.0,137.2,40.8,29.3,1261.2,1691.0,1
30.2,75.0,35.0,16.5,6.2,18.1,22.2,95.1,315.2,295.2,318.8,146.3,108.7,41.1,23.4,1075.5,1406.7,1
28.6,83.0,51.0,52.3,61.8,65.5,72.2,95.7,381.0,272.8,443.2,318.3,132.9,71.4,43.9,1415.3,2011.1,1
28.5,67.0,31.0,0.0,0.0,0.0,27.9,39.8,244.0,230.9,356.8,161.3,29.9,0.0,0.0,993.0,1090.6,0
31.4,73.0,50.0,36.1,57.7,53.5,83.3,80.3,332.6,387.4,335.0,198.1,95.3,45.8,23.3,1253.1,1728.5,1
30.8,70.0,42.0,21.5,16.1,8.0,36.0,45.0,218.9,310.4,239.8,120.2,128.1,16.8,14.1,889.3,1175.0,0
30.8,63.0,27.0,0.0,0.0,0.0,0.0,19.4,259.8,243.0,170.0,171.2,80.6,0.0,0.0,844.1,944.1,0
31.9,74.0,41.0,8.4,22.3,38.4,26.3,97.6,301.4,308.4,272.9,212.1,79.9,37.8,24.0,1094.8,1429.6,1
29.0,73.0,21.0,0.0,0.0,0.0,7.8,48.5,243.1,306.6,300.9,99.0,0.0,3.3,0.0,949.6,1009.3,0
30.5,83.0,43.0,43.1,60.2,74.0,85.2,111.7,361.2,365.2,424.7,249.2,113.5,39.7,40.8,1400.4,1968.6,1
28.3,78.0,45.0,40.8,34.7,38.1,53.4,94.3,251.8,326.9,335.6,199.0,104.2,51.2,44.4,1113.3,1574.4,1
29.7,68.0,33.0,0.4,0.0,9.4,0.0,58.3,227.5,353.4,335.6,298.9,61.6,0.8,0.0,1215.3,1345.7,0
28.7,85.0,39.0,40.5,50.5,46.9,69.0,80.0,291.3,394.2,301.8,200.4,129.2,48.2,48.4,1187.6,1700.5,1
29.2,81.0,54.0,74.0,51.2,78.5,91.0,108.0,247.6,379.0,370.3,224.6,156.1,75.8,60.8,1221.5,1917.0,1
30.3,77.0,34.0,16.2,13.9,21.3,15.4,73.2,271.9,312.7,337.2,160.0,114.2,22.8,12.8,1081.7,1371.6,1
27.2,73.0,30.0,0.0,0.0,1.5,20.5,59.0,148.9,332.8,158.6,240.9,84.5,30.0,0.4,881.2,1077.2,0
33.6,68.0,50.0,10.5,25.8,43.5,48.8,84.8,326.0,337.3,274.4,191.6,53.4,52.7,30.4,1129.3,,0
26.8,72.0,54.0,37.3,47.9,41.5,58.5,91.6,287.0,398.0,369.5,191.8,105.9,68.6,25.0,1246.3,1722.6,1
26.3,81.0,38.0,27.7,27.9,23.3,40.9,77.9,246.8,379.4,321.3,247.2,163.0,39.5,36.6,1194.7,1631.3,1
31.5,85.0,46.0,61.3,54.4,55.4,85.8,171.8,252.7,287.5,259.2,176.5,138.0,57.1,59.1,975.9,1658.6,1
30.7,83.0,49.0,58.3,57.5,67.8,69.8,127.7,286.7,284.4,188.7,267.7,138.8,70.6,58.1,1027.5,1676.1,1
30.4,71.0,32.0,0.0,1.8,18.5,0.0,60.9,280.5,250.5,251.4,262.8,81.6,10.8,0.0,1045.1,1218.7,1
30.4,67.0,34.0,0.0,0.0,0.5,0.0,42.7,267.5,346.0,263.2,202.9,77.8,0.1,0.0,1079.6,1200.8,0
29.0,75.0,48.0,40.6,41.7,55.4,70.3,81.2,241.4,235.6,258.9,248.9,50.6,36.1,34.7,984.9,1395.4,0
27.0,63.0,51.0,26.4,24.0,7.6,41.6,66.6,212.7,332.9,297.5,238.4,83.2,28.7,31.5,1081.4,1391.0,1
29.2,76.0,43.0,35.5,34.5,31.0,49.5,89.3,309.5,345.2,332.8,290.3,102.5,38.6,31.5,1277.8,1690.0,1
27.5,73.0,31.0,6.3,6.8,4.3,14.9,17.6,205.5,365.0,314.1,239.6,107.2,23.5,0.7,1124.2,1305.6,0
31.1,71.0,54.0,37.7,27.5,43.1,50.9,60.8,285.5,343.0,175.6,242.0,113.4,60.2,40.3,1046.1,1479.9,1
28.7,64.0,34.0,0.0,0.0,0.0,0.0,28.1,237.6,200.2,184.6,211.5,19.6,14.0,0.0,833.9,895.6,0
27.2,77.0,35.0,26.2,23.0,30.1,31.0,75.3,278.4,253.6,273.5,161.3,102.0,16.1,24.5,966.9,1295.1,0
28.3,71.0,41.0,3.1,22.6,16.4,8.4,64.0,306.0,237.9,322.0,233.7,68.7,33.6,15.0,1099.6,1331.4,1
29.9,67.0,,18.4,18.7,29.6,32.4,105.8,196.7,283.9,324.6,160.9,65.8,27.5,27.6,966.2,1291.8,1
27.8,57.0,45.0,0.0,0.0,0.0,6.5,15.6,130.1,274.2,292.6,158.7,44.3,0.0,6.6,855.6,928.5,0
27.2,74.0,41.0,23.4,18.8,18.1,47.7,60.4,234.2,245.5,273.2,66.7,109.0,30.3,31.5,819.5,1158.7,0
29.5,85.0,42.0,56.2,53.7,52.3,65.9,131.8,390.5,429.6,302.4,249.5,152.9,74.2,68.1,1372.0,2027.1,1
29.5,84.0,38.0,32.2,48.3,42.6,66.5,94.6,393.2,252.5,269.8,193.0,124.1,47.5,34.7,1108.5,1599.1,1
27.9,71.0,42.0,0.0,15.3,20.9,51.8,88.3,361.3,391.4,335.2,250.6,106.4,49.4,32.0,1338.4,1702.6,1
28.0,70.0,18.0,0.0,0.0,0.0,2.9,66.2,204.6,336.3,191.8,172.8,57.0,0.0,0.0,905.5,1031.6,0
29.5,77.0,36.0,25.3,22.0,25.8,43.6,59.1,165.0,366.9,342.3,253.6,95.5,28.3,23.8,1127.8,1451.2,1
25.8,68.0,40.0,9.7,7.4,8.1,25.5,58.4,121.5,258.8,292.5,141.6,97.8,34.3,14.3,814.4,1069.9,0
25.9,76.0,29.0,6.6,4.5,22.9,11.4,52.8,214.4,318.7,275.6,234.9,17.7,23.5,2.1,1043.7,1185.3,1
27.4,79.0,41.0,29.2,40.4,26.7,60.3,47.3,265.5,249.8,268.3,311.2,109.2,35.2,35.1,1094.7,1478.1,1
28.5,81.0,36.0,16.6,32.4,26.6,67.0,75.6,343.3,376.5,223.2,246.2,75.7,64.1,37.1,1189.2,1584.1,1
29.7,73.0,52.0,42.1,59.2,72.8,62.1,110.6,330.7,328.6,275.4,258.6,142.1,56.1,35.3,1193.3,1773.7,1
32.2,73.0,51.0,29.5,32.4,32.8,79.2,102.0,293.7,306.6,292.1,228.8,107.5,51.4,52.6,1121.2,1608.7,1
30.9,69.0,34.0,14.3,3.9,0.0,0.0,64.2,192.9,218.4,134.4,158.2,72.6,1.5,0.0,703.8,860.3,0
28.6,69.0,37.0,6.8,1.0,16.5,8.4,49.7,194.4,148.5,265.8,221.5,39.6,31.4,20.7,830.1,1004.1,0
29.0,73.0,37.0,6.4,7.0,0.0,41.3,52.9,270.0,243.7,339.6,128.2,111.4,32.2,22.0,981.5,1254.7,0
26.8,76.0,34.0,7.3,15.1,16.8,35.4,92.6,295.5,374.0,320.1,178.4,102.9,34.8,14.5,1168.0,1487.3,1
29.0,79.0,40.0,28.9,33.7,58.1,65.4,74.7,296.2,300.4,275.8,134.9,118.5,38.5,29.4,1007.3,1454.4,1
28.4,69.0,32.0,0.0,19.5,0.0,13.0,54.1,181.3,278.0,270.9,146.5,47.9,18.2,0.0,876.8,1029.5,0
29.7,83.0,29.0,27.5,20.1,5.8,28.2,76.9,299.4,352.9,261.3,232.5,74.3,44.5,20.5,1146.2,1444.0,1
27.2,72.0,43.0,21.1,13.6,11.6,37.0,103.8,288.0,422.9,303.2,227.3,100.2,26.6,22.2,1241.5,1577.6,1
30.1,74.0,43.0,18.1,29.2,40.0,25.6,98.4,210.1,398.5,388.3,211.3,81.6,22.0,37.0,1208.2,1560.3,1
32.4,70.0,32.0,10.5,0.0,13.6,1.9,24.5,197.3,232.1,326.6,188.1,81.3,17.4,14.1,944.0,1107.3,0
28.8,59.0,45.0,0.0,0.0,0.0,26.3,25.8,277.5,173.0,299.8,94.7,15.6,0.0,0.0,845.1,912.8,0
29.9,79.0,33.0,23.2,20.1,30.8,47.5,83.6,249.1,453.6,263.4,185.2,79.8,33.8,13.2,1151.3,1483.4,1
30.5,78.0,40.0,22.5,36.8,48.3,51.8,81.1,359.8,458.5,345.9,181.7,147.3,37.0,26.0,1346.0,1796.8,1
28.1,72.0,45.0,26.1,34.0,48.1,22.5,69.1,295.8,329.5,200.4,178.5,109.2,52.8,24.7,1004.2,1390.7,0
29.5,74.0,38.0,17.5,14.0,19.5,30.7,90.3,233.2,233.8,275.4,227.0,94.2,25.3,9.8,969.4,1270.6,0
29.0,77.0,42.0,13.7,30.6,12.8,34.1,87.5,273.2,381.6,337.7,175.1,153.4,57.1,22.4,1167.6,1579.2,1
29.2,65.0,34.0,4.1,0.0,0.0,22.1,44.0,236.5,276.5,305.9,145.8,4.6,0.0,7.8,964.7,1047.4,0
27.3,,36.0,15.1,0.0,7.5,17.8,75.4,209.7,293.0,318.7,95.9,59.4,31.8,10.2,917.3,1134.6,0
29.1,79.0,36.0,19.2,27.9,26.8,29.4,69.9,217.2,371.1,314.5,194.2,87.4,62.1,18.7,1096.9,1438.4,0
30.1,66.0,32.0,0.0,0.0,0.0,7.0,73.0,270.2,301.7,250.2,122.6,83.1,0.0,0.0,944.7,1107.7,0
32.2,76.0,37.0,20.4,17.3,35.8,29.9,56.8,309.1,241.5,323.8,206.2,114.5,36.1,11.2,1080.5,1402.5,1
31.1,66.0,26.0,0.0,0.0,0.0,13.6,43.9,254.0,251.3,195.5,118.0,29.1,23.8,0.0,818.9,929.3,0
33.7,77.0,34.0,17.2,21.8,19.7,25.6,98.1,342.7,349.1,240.4,204.1,114.3,30.2,11.0,1136.3,,1
27.3,74.0,36.0,12.9,28.8,29.4,14.6,38.9,226.6,337.0,290.0,189.9,76.3,27.1,27.6,1043.5,1299.2,0
30.9,64.0,36.0,0.0,0.0,0.0,0.0,37.5,326.5,300.1,274.4,249.6,94.7,13.9,0.0,1150.7,1296.8,0
29.4,81.0,36.0,38.4,15.0,34.4,46.4,104.6,222.2,377.8,195.9,234.2,76.0,42.3,10.3,1030.1,1397.6,0
33.8,70.0,38.0,10.7,8.2,22.3,19.5,84.3,195.5,279.5,307.6,108.4,78.1,0.7,18.9,891.0,1133.7,0
27.2,69.0,42.0,2.8,14.3,18.9,14.1,62.8,159.4,316.9,331.0,139.3,73.9,39.8,11.7,946.6,1185.0,1
27.2,75.0,45.0,40.7,34.5,57.4,64.1,70.1,250.3,122.3,300.3,217.3,131.2,20.8,18.0,890.1,1326.9,0
27.7,81.0,33.0,34.5,20.8,14.0,49.4,95.5,238.7,289.4,434.1,164.6,83.3,31.4,21.9,1126.8,1477.7,1
24.3,68.0,28.0,9.0,0.0,0.0,3.5,62.5,257.7,324.6,219.2,35.2,57.7,13.3,0.0,836.8,982.8,0
27.8,74.0,30.0,0.0,6.5,6.3,37.0,32.3,259.0,272.2,254.7,246.3,88.3,11.3,6.8,1032.2,1220.8,0
27.3,77.0,34.0,16.3,25.7,25.8,42.4,45.3,193.8,281.4,266.5,231.8,103.0,21.1,31.8,973.5,1284.9,0
29.3,78.0,35.0,1.7,5.8,38.1,28.5,77.9,241.8,250.9,289.0,226.8,115.6,44.0,14.6,1008.5,1334.7,0
29.8,75.0,32.0,10.8,6.4,13.2,13.9,74.0,231.0,361.6,262.3,164.1,86.7,11.2,9.8,1019.0,1245.0,0
33.1,72.0,28.0,0.0,0.0,0.0,22.4,41.6,139.9,320.5,186.0,196.8,57.1,0.0,0.0,843.3,964.5,0
31.1,69.0,34.0,12.2,0.0,12.2,21.6,65.4,187.8,341.3,240.1,150.1,63.1,15.1,0.0,919.4,1108.9,0
27.7,75.0,39.0,12.8,35.8,33.5,41.0,59.8,221.6,210.4,288.3,213.2,94.6,31.8,29.1,933.6,1272.2,0
27.0,68.0,43.0,0.0,8.7,0.0,20.6,23.5,334.6,296.2,357.1,154.4,92.0,10.9,17.5,1142.3,1315.5,1
30.1,56.0,34.0,0.0,0.0,0.0,0.0,14.7,223.7,246.4,370.9,221.4,39.5,0.0,0.0,1062.5,1116.7,0
26.1,77.0,35.0,0.4,23.6,7.3,27.1,72.5,297.6,294.4,368.7,130.5,91.7,36.8,22.6,1091.2,1373.2,0
33.0,79.0,31.0,19.4,11.7,13.8,32.2,62.9,176.0,271.4,243.4,253.9,50.5,24.1,10.9,944.7,1170.1,0
31.6,60.0,38.0,0.0,0.0,0.0,21.6,16.0,294.9,258.4,218.8,171.0,75.9,0.0,0.0,943.1,1056.6,0
28.0,68.0,31.0,0.0,0.0,4.3,1.3,7.9,305.8,335.2,255.0,152.2,68.7,9.8,0.0,1048.1,1140.1,0
25.2,78.0,43.0,16.2,44.0,41.0,33.9,77.5,167.9,213.0,411.3,225.3,132.8,62.1,45.1,1017.5,1470.2,1
32.0,86.0,24.0,13.6,16.5,10.3,23.6,89.2,222.4,417.8,281.6,234.2,91.2,27.8,32.1,1156.1,1460.3,1
28.7,74.0,35.0,22.7,5.8,25.4,41.5,89.7,281.9,333.6,207.6,256.1,41.1,32.5,19.0,1079.2,1357.0,0
31.7,70.0,40.0,12.7,20.2,2.5,32.9,88.6,290.2,302.3,255.7,208.9,75.8,31.6,13.0,1057.1,1334.3,1
25.5,73.0,39.0,7.7,15.0,24.9,33.1,53.3,222.3,364.0,333.5,159.5,84.6,40.2,19.8,1079.3,1357.7,0
27.7,82.0,60.0,72.0,71.1,71.1,86.1,104.1,300.4,280.1,387.2,259.7,165.8,87.7,75.3,1227.4,1960.5,1
29.0,70.0,41.0,11.7,15.8,14.9,37.4,76.5,223.7,266.7,275.0,278.4,34.8,15.7,6.4,1043.8,1257.1,0
29.1,69.0,30.0,0.0,0.0,1.6,0.0,57.3,240.7,277.3,304.2,235.2,65.6,0.0,0.0,1057.5,1182.1,0
28.0,71.0,37.0,0.0,28.7,18.8,30.3,69.6,317.4,383.5,149.8,232.5,94.4,25.7,0.0,1083.2,,1
30.4,68.0,24.0,0.0,0.0,0.0,0.0,0.0,179.2,268.8,257.6,197.4,35.1,13.4,0.0,903.0,951.5,0
26.7,75.0,37.0,0.0,27.7,21.6,24.6,53.1,315.4,337.4,340.3,231.9,92.3,24.6,31.5,1225.0,1500.3,1
28.7,84.0,31.0,19.4,23.4,34.5,36.8,78.8,226.4,284.0,251.1,261.5,83.7,49.1,34.0,1023.1,1382.6,1
29.3,76.0,45.0,28.1,26.8,34.6,47.5,96.7,230.4,356.2,258.5,196.5,88.8,43.1,27.6,1041.5,1434.7,0
30.1,72.0,34.0,8.5,6.9,12.2,22.8,73.7,293.4,399.0,170.1,127.4,68.2,19.7,5.8,990.0,1207.9,0
30.6,72.0,37.0,9.0,12.7,20.2,31.6,66.7,304.5,363.5,376.0,196.9,66.0,42.0,5.1,1241.0,1494.2,1
26.5,65.0,33.0,0.0,0.0,0.0,0.0,47.8,278.0,276.3,219.4,134.4,78.3,10.4,0.0,908.2,1044.7,0
25.6,79.0,52.0,43.3,52.8,40.2,61.5,107.9,223.8,386.7,340.2,188.7,107.8,51.3,62.5,1139.5,1666.8,1
31.8,74.0,35.0,11.2,15.8,19.9,24.9,78.3,229.0,339.3,319.6,162.2,62.0,17.7,17.8,1050.0,1297.7,0
29.7,73.0,53.0,39.2,45.7,50.4,77.9,101.1,330.1,365.2,402.5,336.6,159.0,69.9,62.7,1434.4,2040.2,1
27.4,93.0,45.0,64.8,76.4,69.6,76.4,125.7,316.7,431.1,335.5,260.5,168.4,86.1,81.9,1343.8,2093.2,1
32.4,76.0,42.0,22.8,31.9,20.8,48.6,76.2,212.5,387.9,270.3,227.9,55.1,27.8,31.2,1098.6,1412.9,1
29.3,69.0,41.0,15.0,8.3,31.2,47.3,66.0,279.6,296.8,294.4,139.4,65.3,14.6,17.8,1010.2,1275.7,0
31.6,71.0,41.0,9.7,12.7,25.7,18.0,78.5,219.5,347.3,363.3,115.8,94.9,37.2,15.2,1045.9,,1
29.1,81.0,23.0,2.7,0.0,8.1,28.1,63.7,347.1,275.4,268.5,151.5,86.5,30.3,0.0,1042.6,1262.1,0
33.5,75.0,36.0,31.0,30.9,9.2,24.0,76.2,343.6,253.2,233.2,263.3,51.3,28.8,27.0,1093.3,1371.8,0
32.9,65.0,45.0,0.0,10.9,6.6,21.7,89.7,286.0,286.6,193.4,207.8,111.8,52.5,18.9,973.9,1286.0,0
28.5,80.0,38.0,13.4,29.4,48.2,38.6,88.5,348.1,318.6,232.4,240.1,123.8,53.1,29.3,1139.2,1563.5,1
31.1,70.0,27.0,0.0,0.0,0.0,0.0,28.4,235.0,181.7,311.5,204.6,73.4,0.0,0.0,932.8,1034.7,0
30.4,85.0,38.0,33.8,65.7,40.7,91.9,111.9,326.3,385.8,295.6,197.6,148.1,44.4,52.1,1205.3,1793.9,1
32.0,80.0,52.0,50.9,47.8,65.5,83.5,81.1,379.7,182.4,293.2,300.9,139.7,56.7,63.2,1156.1,1744.4,1
26.9,71.0,48.0,20.2,26.0,25.3,59.6,59.8,284.9,484.3,259.9,182.9,112.6,45.4,17.7,1212.0,1578.5,1
30.5,82.0,38.0,30.5,38.9,54.6,58.5,94.3,263.6,417.7,312.5,280.9,146.5,41.7,37.5,1274.7,1777.4,1
31.3,74.0,46.0,42.2,37.2,49.9,30.1,94.7,180.6,308.7,290.5,234.3,131.9,64.5,31.1,1014.2,1495.8,1
25.1,79.0,35.0,27.0,31.3,22.9,45.3,50.7,261.0,316.2,279.8,125.1,74.6,53.2,32.5,982.0,1319.6,0
26.4,77.0,24.0,3.3,13.9,0.0,29.3,43.7,286.7,309.6,349.7,147.7,87.2,19.0,7.6,1093.7,1297.7,0
24.5,69.0,31.0,0.0,0.0,0.0,1.2,34.3,288.4,251.1,355.6,96.1,49.8,0.0,4.9,991.1,1081.3,0
28.4,70.0,51.0,20.4,24.2,21.8,61.2,74.9,302.3,336.2,211.2,266.9,117.2,36.5,23.7,1116.7,1496.4,1
30.6,80.0,36.0,1.9,25.5,18.2,53.1,98.5,239.8,311.0,318.6,208.5,111.5,54.7,21.3,1077.9,1462.5,0
32.3,72.0,36.0,0.5,12.5,15.4,49.2,76.1,143.3,296.3,236.9,91.7,47.4,15.2,18.9,768.3,1003.5,0
29.2,72.0,36.0,14.7,26.5,10.7,22.0,61.6,224.8,312.9,267.6,208.9,79.0,35.5,5.3,1014.2,1269.4,0
32.6,68.0,53.0,32.9,20.6,22.3,35.6,72.9,257.1,245.0,321.7,189.6,110.4,49.5,19.6,1013.4,1377.4,1
26.0,77.0,51.0,43.2,57.6,49.2,60.7,73.0,272.8,342.4,307.7,163.2,109.1,60.6,52.3,1086.1,1591.7,1
25.3,,56.0,73.6,78.2,85.9,111.0,157.2,352.8,378.6,362.2,334.3,156.7,80.4,72.4,1427.9,2243.3,1
28.9,68.0,37.0,0.0,9.7,12.3,0.0,66.8,354.2,302.7,314.0,189.8,95.1,13.9,17.3,1160.8,1376.0,1
29.8,74.0,40.0,20.2,20.8,6.6,13.8,59.5,270.4,300.7,310.7,190.4,92.8,35.9,24.0,1072.1,1345.7,0
28.9,82.0,26.0,17.1,7.3,16.7,32.1,80.4,244.1,374.3,248.5,178.0,91.6,38.4,15.3,1044.9,1343.7,1
24.5,74.0,50.0,23.7,45.6,29.8,51.3,90.2,267.3,310.4,275.1,153.5,146.2,41.0,36.6,1006.3,1470.7,0
28.8,77.0,29.0,7.8,13.6,21.4,25.5,54.7,257.2,314.0,196.9,131.7,92.2,17.2,21.1,899.9,1153.5,0
26.1,68.0,40.0,12.9,16.2,20.2,36.7,69.1,204.8,378.2,230.9,248.2,85.4,20.9,11.3,1062.2,1334.9,0
30.5,77.0,29.0,2.1,8.3,3.4,18.8,45.6,257.0,295.6,394.2,169.1,56.4,28.4,5.1,1115.9,1284.0,1
29.8,73.0,33.0,9.4,2.0,3.1,1.3,51.9,273.6,311.7,232.9,189.8,95.6,7.9,0.4,1007.9,1179.6,0
26.9,80.0,31.0,38.1,6.1,18.0,60.1,73.0,272.1,304.8,221.4,108.6,98.9,14.8,18.0,906.9,1234.0,0
27.9,81.0,33.0,20.6,31.0,5.9,29.4,66.4,291.6,390.6,315.0,147.1,128.5,44.5,16.6,1144.2,1487.0,1
26.7,90.0,34.0,46.1,49.4,53.4,50.3,111.4,311.9,322.5,311.6,255.4,119.2,39.8,54.2,1201.4,1725.2,1
28.9,77.0,34.0,8.5,9.7,18.7,47.6,106.8,161.9,386.4,278.1,216.4,44.0,44.8,2.9,1042.8,1325.8,0
31.1,76.0,45.0,33.5,30.7,48.7,47.4,71.9,312.0,320.8,388.7,295.9,64.5,45.1,33.9,1317.4,1693.1,1
26.8,75.0,29.0,4.7,0.3,0.0,20.2,22.7,209.1,244.4,307.8,246.4,94.4,0.0,8.9,1007.8,1159.0,0
30.1,72.0,40.0,15.8,5.3,15.0,40.0,29.2,198.9,350.0,258.5,188.8,74.9,23.4,19.9,996.2,1219.7,1
27.8,76.0,48.0,29.2,33.9,29.3,70.4,89.4,221.7,314.1,287.8,243.7,123.3,56.9,34.7,1067.2,1534.4,1
27.3,72.0,34.0,5.1,0.0,0.4,19.4,45.1,272.2,335.6,249.2,174.2,81.3,12.0,11.7,1031.3,1206.2,0
28.8,75.0,32.0,18.1,6.1,1.6,44.6,65.6,239.2,137.6,332.1,283.9,77.2,21.6,2.3,992.8,1230.0,1
26.7,82.0,36.0,32.6,26.1,46.0,23.4,86.7,181.5,324.3,286.1,265.7,101.6,52.9,31.8,1057.6,1458.6,0
27.8,68.0,47.0,25.7,8.0,18.0,47.1,40.9,289.3,285.4,189.0,210.6,71.4,30.6,26.2,974.3,1242.3,0
26.4,81.0,40.0,32.1,53.2,42.2,43.9,52.7,199.8,265.2,306.2,228.0,108.6,37.8,40.7,999.2,1410.5,1
33.3,82.0,34.0,31.4,38.4,28.6,61.9,86.3,278.1,287.2,211.3,275.4,85.8,36.8,23.0,1052.0,1444.2,1
29.1,73.0,42.0,22.2,16.8,14.3,41.7,77.7,278.1,280.6,421.7,231.1,85.7,52.0,32.6,1211.5,1554.4,1
27.5,61.0,29.0,0.0,0.0,0.0,0.0,16.7,263.9,262.3,189.2,225.3,37.1,5.4,0.0,940.8,1000.0,0
29.5,70.0,43.0,17.7,21.5,28.2,43.2,37.1,358.2,228.2,280.8,101.5,84.5,6.0,24.1,968.7,1231.0,0
28.8,82.0,41.0,30.1,50.5,32.9,68.7,102.4,207.9,352.0,328.0,243.8,136.1,66.1,53.2,1131.7,,1
28.5,74.0,36.0,6.3,7.9,26.5,39.1,91.8,253.5,388.4,269.7,173.2,83.2,29.4,23.3,1084.8,1392.3,0
30.4,68.0,31.0,0.0,0.9,0.0,0.0,49.8,219.0,301.1,247.4,253.2,89.8,15.3,1.2,1020.7,1177.6,0
30.7,71.0,31.0,0.0,0.0,0.0,10.0,33.9,264.7,339.3,295.3,250.4,109.2,4.2,0.3,1149.6,1307.3,0
27.8,79.0,42.0,23.7,25.5,45.5,53.2,89.1,290.1,393.9,396.7,219.7,129.6,27.0,42.6,1300.3,1736.4,1
27.7,77.0,48.0,48.0,48.4,40.0,59.1,67.3,265.2,408.8,359.1,293.7,128.0,61.6,44.3,1326.8,1823.5,1
28.4,73.0,33.0,8.4,17.1,11.2,32.8,80.0,224.6,411.0,364.6,269.0,87.0,7.5,0.0,1269.2,1513.1,1
23.9,72.0,42.0,12.2,41.5,21.7,13.6,74.4,201.4,282.8,232.1,206.1,114.4,16.1,23.2,922.5,1239.7,0
25.7,72.0,21.0,0.0,0.0,0.0,4.0,0.0,279.3,231.9,273.4,276.2,57.2,0.0,0.0,1060.9,1122.1,0
32.0,68.0,33.0,0.0,1.4,0.0,9.3,41.8,263.1,334.8,276.8,176.4,92.4,15.0,0.5,1051.1,1211.5,0
32.6,84.0,38.0,33.4,36.7,25.7,46.9,101.3,332.5,374.5,332.4,212.3,127.4,53.7,39.0,1251.7,1715.7,1
28.5,72.0,31.0,0.0,7.3,11.2,9.1,46.3,225.9,339.5,352.8,222.0,64.0,22.4,0.0,1140.3,1300.5,1
30.3,81.0,31.0,14.9,9.0,35.2,35.2,67.3,226.7,426.2,280.0,186.9,115.2,40.8,26.1,1119.7,1463.4,1
29.7,83.0,33.0,9.7,18.7,23.7,2.6,56.3,211.5,321.5,277.3,214.6,103.1,35.7,18.3,1024.9,1293.1,1
35.8,80.0,40.0,28.7,28.6,36.4,43.4,98.1,296.5,352.4,337.8,280.2,104.1,46.0,46.5,1266.9,1698.6,1
31.5,,37.0,4.2,10.2,16.5,16.1,48.6,194.4,242.8,178.5,192.5,69.7,15.5,7.7,808.1,996.7,0
28.7,76.0,20.0,0.0,0.0,0.9,13.4,0.0,333.7,410.1,248.3,95.7,66.2,0.0,0.0,1087.8,1168.3,0
26.9,74.0,21.0,0.0,0.0,0.0,0.0,32.0,157.5,259.2,251.6,185.9,84.3,0.0,0.0,854.2,970.5,0
25.5,69.0,33.0,8.4,6.2,0.0,12.4,69.6,255.1,271.5,216.6,148.7,92.2,14.7,2.7,891.8,1098.2,0
29.4,76.0,42.0,11.3,34.4,30.3,65.1,73.9,357.8,300.8,362.9,250.5,110.4,54.5,18.3,1272.0,1670.2,1
27.3,67.0,16.0,0.0,0.0,0.0,0.0,49.8,237.9,216.3,173.4,176.3,50.0,0.0,0.0,804.0,903.7,0
25.9,81.0,34.0,21.4,29.5,55.2,54.0,86.8,277.9,274.4,290.3,274.4,130.0,53.6,28.6,1117.0,1576.1,1
27.6,71.0,34.0,8.1,0.0,5.9,15.2,63.0,192.9,264.8,293.2,227.0,72.5,17.6,0.0,978.0,1160.1,0
26.6,75.0,49.0,37.6,50.9,29.9,63.5,89.4,206.0,250.1,390.5,271.1,84.1,54.9,34.0,1117.6,1562.1,1
32.7,76.0,35.0,23.1,12.2,25.0,31.2,67.6,301.4,261.9,288.4,168.9,121.5,8.6,14.3,1020.5,1324.1,0
30.9,72.0,41.0,12.9,26.3,36.2,33.6,65.7,343.8,427.9,345.3,237.2,77.8,9.3,8.6,1354.3,1624.7,1
29.0,78.0,39.0,16.8,41.2,33.7,50.5,74.6,246.5,364.7,341.2,299.2,83.3,42.3,42.4,1251.6,1636.4,1
32.3,71.0,21.0,0.0,0.0,0.0,0.0,43.4,160.2,328.4,260.0,131.8,7.9,2.3,0.0,880.3,933.9,0
29.2,79.0,44.0,35.9,27.8,53.4,74.7,73.1,146.6,402.4,248.6,302.8,126.1,43.7,43.4,1100.4,1578.6,1
27.1,66.0,40.0,2.8,0.0,14.6,19.1,34.5,192.1,406.0,192.8,161.3,35.5,36.0,2.2,952.2,1096.9,0
32.4,75.0,42.0,34.3,38.0,21.1,51.8,56.9,263.1,213.1,305.6,171.1,80.6,48.2,25.8,952.9,1309.7,0
30.2,86.0,69.0,88.9,98.8,108.0,134.7,193.1,430.2,318.4,340.7,295.5,186.9,101.3,106.3,1384.8,2402.9,1
26.7,68.0,21.0,0.0,0.0,0.0,3.6,36.8,253.2,218.0,299.5,188.4,64.2,0.0,0.0,959.1,1063.8,0
28.6,70.0,52.0,26.7,40.5,50.2,34.5,92.5,293.2,298.2,349.7,257.4,90.1,76.1,29.8,1198.5,1638.9,1
27.1,77.0,36.0,16.9,26.6,24.3,43.3,51.8,241.0,295.0,282.3,159.7,89.6,18.1,12.1,978.0,1260.8,1
26.0,75.0,40.0,21.4,26.0,24.2,51.0,88.3,233.7,289.0,228.7,225.4,74.0,42.1,36.2,976.7,1339.9,0
31.0,76.0,38.0,7.4,20.7,38.7,50.1,72.1,341.7,327.6,324.0,173.6,80.7,30.5,8.1,1166.8,1475.1,1
33.2,77.0,35.0,10.0,16.7,11.1,22.8,75.5,272.2,313.3,232.2,134.2,97.9,39.7,11.1,951.9,1236.7,0
25.9,78.0,33.0,25.6,24.7,26.2,26.9,50.3,144.2,266.4,245.8,158.0,77.3,45.0,15.8,814.4,1106.1,0
30.2,81.0,41.0,42.9,43.2,29.1,67.7,94.0,243.8,200.3,254.0,187.0,104.7,46.2,26.3,885.0,1339.2,1
27.6,76.0,26.0,0.0,0.0,15.5,8.7,44.3,195.6,233.2,264.8,206.3,36.2,26.2,9.7,899.9,1040.4,0
27.9,73.0,44.0,25.5,35.3,28.0,40.0,63.3,238.6,285.6,366.5,260.4,126.9,65.3,33.5,1151.1,1568.9,0
27.7,78.0,35.0,16.0,20.4,38.1,57.3,88.1,294.4,298.6,293.1,137.1,106.2,34.2,16.8,1023.1,1400.2,1
27.1,85.0,29.0,33.9,19.2,34.9,42.4,47.2,262.1,250.2,272.3,223.8,117.8,47.4,36.2,1008.4,1387.5,0
29.1,73.0,34.0,4.0,2.5,0.4,16.9,71.9,246.4,271.2,192.1,137.6,112.9,13.5,20.2,847.3,1089.5,0
27.2,68.0,48.0,21.7,15.0,41.0,29.3,88.5,337.0,246.9,326.8,233.1,74.2,35.0,21.9,1143.9,1470.4,1
29.6,81.0,34.0,32.4,24.0,45.7,47.2,60.6,229.9,310.7,252.9,180.2,89.2,36.1,22.6,973.7,1331.5,0
28.9,73.0,41.0,12.0,31.1,34.0,22.2,56.8,365.7,248.8,300.0,155.9,45.8,42.8,39.3,1070.5,1354.4,1
28.5,61.0,32.0,0.0,0.0,0.0,0.0,26.1,183.7,219.7,230.1,196.6,129.1,5.1,0.0,830.0,990.3,0
27.0,79.0,44.0,24.6,41.3,40.7,60.8,97.4,286.7,253.3,360.4,195.4,108.1,50.5,41.9,1095.8,1561.0,1
27.7,71.0,43.0,30.4,15.1,25.9,53.0,69.3,246.9,303.2,283.3,188.2,118.4,50.8,31.3,1021.6,1415.8,0
30.7,73.0,53.0,36.8,40.7,39.8,67.8,103.5,291.6,282.8,311.4,124.9,83.8,73.2,45.2,1010.7,1501.5,1
30.1,76.0,37.0,15.7,8.5,41.5,29.0,107.9,287.1,367.0,320.8,245.2,117.5,42.8,16.6,1220.0,1599.4,1
26.8,75.0,43.0,11.1,27.4,34.6,60.3,71.0,295.1,345.6,423.4,248.1,147.6,35.0,29.8,1312.2,1729.2,1
29.2,78.0,39.0,22.0,27.1,5.6,42.0,46.3,229.2,316.4,352.1,210.8,99.1,33.3,36.9,1108.6,1420.7,1
30.7,71.0,48.0,18.1,33.7,36.8,31.6,97.9,209.6,273.6,296.3,142.7,76.1,31.7,13.5,922.1,1261.4,0
25.3,77.0,32.0,5.9,15.6,14.3,28.7,99.5,393.5,328.6,286.0,250.2,82.3,37.2,11.5,1258.3,1553.4,1
30.2,72.0,44.0,20.3,14.8,27.7,58.7,84.3,239.8,357.8,266.0,176.4,40.7,21.9,35.5,1040.0,1343.7,1
27.5,78.0,36.0,27.9,31.9,23.5,42.2,53.4,303.7,323.8,240.1,184.8,94.3,43.3,19.1,1052.3,1387.9,0
30.3,78.0,37.0,23.7,26.7,37.1,42.2,74.5,178.6,413.2,264.9,311.0,117.5,24.0,37.4,1167.8,1550.8,1
27.3,68.0,39.0,6.1,8.2,21.8,43.2,36.2,233.2,326.2,233.8,156.9,77.7,28.5,17.9,950.2,1189.8,0
25.0,81.0,40.0,25.2,36.9,43.8,36.8,101.9,272.0,383.8,346.9,252.4,101.9,49.2,36.5,1255.1,1687.4,1
25.4,71.0,37.0,0.0,5.5,10.2,11.2,34.6,277.6,309.6,219.5,216.9,94.8,37.6,5.1,1023.6,1222.4,0
29.1,79.0,40.0,44.0,34.3,36.2,30.2,78.6,124.9,365.1,381.9,232.2,119.7,58.3,30.3,1104.1,1535.7,1
29.6,76.0,51.0,36.9,49.6,50.0,67.3,77.7,296.9,290.0,361.4,240.5,76.3,75.0,67.1,1188.8,1688.8,1
27.0,85.0,46.0,66.8,42.6,52.6,75.6,111.1,235.4,321.1,329.8,255.5,130.8,86.1,71.6,1141.8,1779.1,1
30.4,73.0,45.0,23.5,24.1,38.2,63.9,73.1,288.2,341.4,300.4,222.6,161.3,42.1,29.4,1152.7,1608.2,1
25.3,72.0,34.0,3.4,4.4,15.0,26.3,61.9,191.4,318.9,246.1,186.1,45.0,4.5,1.5,942.5,1104.6,0
28.9,74.0,31.0,11.0,7.4,24.8,17.6,57.8,200.3,327.9,293.1,255.4,75.3,4.8,6.3,1076.7,1281.7,1
26.3,72.0,46.0,35.2,37.5,44.6,45.0,60.3,255.0,386.0,363.1,150.9,148.5,15.0,30.0,1155.0,1571.0,0
27.6,79.0,,37.7,35.4,38.7,60.0,106.1,225.7,248.1,272.8,269.6,141.2,40.6,31.7,1016.2,1507.7,1
29.1,64.0,50.0,11.5,13.6,29.8,14.5,68.6,233.4,251.1,200.7,236.6,76.8,30.4,18.2,921.8,1185.4,0
27.1,68.0,33.0,0.0,0.0,0.0,45.3,28.0,172.2,301.6,308.6,209.2,73.0,1.1,6.4,991.6,1145.3,0
28.2,68.0,36.0,0.9,0.0,12.2,24.4,98.0,142.4,249.7,292.0,233.5,73.1,11.0,0.0,917.6,1137.3,0
31.2,80.0,25.0,11.9,5.0,6.6,27.3,69.3,305.8,502.5,214.8,185.6,61.1,25.7,14.4,1208.7,1430.2,1
27.7,84.0,35.0,31.6,40.8,28.4,59.0,83.5,205.3,357.5,264.1,132.5,104.7,43.0,45.6,959.4,1396.0,0
30.8,73.0,46.0,32.2,21.8,37.0,55.7,110.5,262.4,317.5,252.4,208.9,95.2,28.7,25.7,1041.2,1448.0,1
26.5,73.0,34.0,18.7,12.0,0.0,23.9,97.4,292.0,269.7,238.6,146.0,83.4,20.0,22.2,946.3,1223.9,0
30.2,74.0,43.0,27.1,13.4,13.5,36.4,76.1,235.2,290.2,280.2,176.1,80.3,28.2,21.5,981.7,1278.1,0
32.2,81.0,36.0,29.3,25.3,32.0,54.0,88.7,226.4,323.6,286.3,155.9,69.9,38.6,33.3,992.3,1363.4,0
23.6,68.0,41.0,0.0,7.6,15.0,31.8,42.4,264.6,308.9,244.5,170.7,81.2,38.3,7.7,988.7,1212.8,0
27.2,75.0,29.0,0.0,17.4,4.3,11.3,53.1,307.5,268.6,232.0,159.2,118.9,12.8,1.5,967.3,1186.5,1
30.3,80.0,39.0,33.1,30.8,21.2,67.0,81.0,210.7,308.6,291.7,108.0,107.1,66.3,28.1,919.0,1353.6,0
28.6,77.0,14.0,0.0,0.0,0.0,1.9,37.1,215.1,354.1,263.1,194.9,45.1,10.6,0.0,1027.2,1121.9,1
29.8,75.0,37.0,11.3,2.4,26.3,44.2,77.1,165.1,393.5,272.1,300.3,109.3,23.4,25.2,1131.0,1450.1,0
27.7,,25.0,6.7,8.1,17.6,41.5,71.0,228.2,314.9,347.0,217.1,75.8,6.5,7.3,1107.2,1341.7,1
29.2,58.0,48.0,0.0,5.7,4.6,18.1,57.6,244.7,212.3,302.3,173.7,119.5,12.2,0.0,932.9,1150.6,0
28.7,78.0,44.0,43.6,40.6,53.2,58.4,65.4,232.6,361.9,217.3,217.1,109.5,63.4,40.8,1029.0,1503.9,1
31.6,70.0,42.0,14.1,17.7,24.4,43.1,49.6,233.3,401.7,318.8,179.5,105.9,22.5,19.8,1133.2,1430.3,1
29.6,63.0,50.0,6.4,24.7,11.9,23.7,56.5,179.9,389.6,322.5,201.5,68.5,38.3,13.7,1093.5,,1
29.7,77.0,30.0,15.1,5.9,11.4,27.8,56.6,256.4,346.3,257.0,190.5,94.8,36.7,25.1,1050.2,1323.6,1
28.1,82.0,52.0,56.1,68.0,50.8,79.3,133.8,360.9,438.1,246.1,205.0,139.7,63.5,48.3,1250.0,1889.4,1
27.9,73.0,45.0,29.6,15.3,31.3,33.9,57.1,210.1,323.6,300.9,286.1,99.0,32.3,10.7,1120.7,1429.9,1
28.0,80.0,36.0,20.8,20.4,42.7,72.4,72.5,235.4,357.3,299.2,142.7,87.1,48.2,21.8,1034.5,1420.2,0
29.9,84.0,47.0,48.0,41.7,67.1,56.3,127.3,325.8,307.4,263.1,270.5,112.2,70.0,61.9,1166.9,1751.4,1
28.1,82.0,29.0,17.1,17.2,37.4,20.8,65.4,328.1,328.9,207.2,196.8,98.5,23.2,11.0,1061.1,1351.6,1
29.6,84.0,31.0,24.5,27.0,28.4,60.2,88.6,187.3,399.2,294.3,294.9,115.1,35.2,19.6,1175.7,1574.2,1
33.6,78.0,33.0,18.6,18.7,35.3,43.4,67.0,250.5,274.4,276.3,215.1,86.6,29.0,25.4,1016.4,1340.3,0
30.9,74.0,34.0,5.7,11.3,12.9,15.5,67.9,268.4,251.1,258.6,176.6,90.0,4.0,14.5,954.7,1176.4,0
28.3,64.0,30.0,0.0,0.0,0.3,5.9,29.0,218.0,279.4,248.8,152.5,52.7,2.8,0.0,898.7,989.3,0
31.6,73.0,48.0,27.3,32.3,37.6,68.4,99.1,139.6,312.2,241.8,217.6,108.3,40.1,40.1,911.2,1364.3,1
28.1,69.0,36.0,6.8,0.0,14.5,20.0,24.5,273.0,334.3,250.2,134.0,70.4,0.0,0.0,991.5,1127.6,0
24.5,87.0,41.0,46.6,62.9,70.8,100.2,96.7,377.6,316.8,354.9,199.5,124.4,63.7,49.0,1248.8,1863.1,1
26.8,73.0,33.0,1.8,4.4,8.9,3.1,64.7,255.2,401.9,258.5,108.5,146.3,9.9,13.3,1024.1,1276.4,0
24.9,75.0,23.0,0.0,0.0,0.0,18.5,55.9,178.5,207.8,168.2,133.7,73.0,25.5,0.0,688.2,861.1,0
28.2,77.0,40.0,19.5,40.9,45.1,59.2,110.1,242.0,395.4,272.8,214.4,116.3,33.2,11.1,1124.6,1559.9,1
29.0,74.0,23.0,0.0,0.0,0.0,18.7,35.2,330.3,237.1,200.9,186.5,74.0,0.0,0.0,954.9,1082.7,0
32.7,84.0,37.0,33.9,29.2,29.0,52.7,119.8,330.2,222.4,325.7,131.1,103.6,56.3,45.6,1009.5,1479.7,1
29.7,,27.0,0.0,0.0,14.8,2.9,28.2,266.6,295.7,279.9,165.2,93.7,0.0,0.0,1007.4,1147.1,0
28.5,75.0,54.0,38.3,48.5,48.3,71.3,127.6,310.6,325.7,224.8,256.4,113.7,51.6,55.9,1117.5,1672.6,1
30.8,70.0,45.0,17.4,25.3,27.4,48.6,90.1,227.4,247.2,337.8,196.5,120.2,39.9,5.7,1009.0,1383.5,1
24.1,66.0,39.0,3.1,8.1,17.8,26.4,35.9,233.2,193.3,209.7,155.7,65.8,1.7,4.7,791.9,955.5,0
29.5,70.0,48.0,24.1,47.8,25.1,56.7,85.3,264.9,318.7,389.6,190.7,75.2,21.7,32.4,1163.9,1532.3,1
30.7,74.0,31.0,4.9,0.0,0.0,10.2,56.4,277.6,356.0,274.6,163.1,86.5,38.1,0.0,1071.2,1267.3,0
25.7,71.0,42.0,30.1,23.5,25.1,32.9,83.1,343.6,345.7,218.3,171.9,63.0,37.6,25.5,1079.5,1400.3,1
31.5,70.0,40.0,7.1,8.3,0.0,18.5,60.3,316.3,308.2,218.6,202.6,98.2,21.6,11.9,1045.7,1271.7,0
29.7,66.0,40.0,3.2,0.0,5.1,16.4,49.9,167.9,324.7,296.2,289.8,46.1,16.0,28.6,1078.7,1243.9,0
28.1,74.0,48.0,28.9,31.0,42.5,65.2,115.4,290.3,326.4,285.3,184.5,100.0,54.1,18.6,1086.5,1542.2,1
30.4,65.0,44.0,0.0,1.7,10.3,27.3,59.0,291.5,215.2,275.4,176.7,45.2,32.7,20.0,958.8,1155.0,0
34.0,79.0,40.0,24.9,46.1,21.2,80.9,101.1,308.6,239.3,398.1,212.3,175.2,35.5,29.4,1158.4,1672.8,1
29.4,74.0,25.0,0.0,1.3,14.5,13.9,42.1,202.0,274.4,226.0,145.7,25.3,11.0,0.0,848.1,956.3,0
29.5,65.0,30.0,0.0,0.0,0.0,1.5,69.1,386.1,266.2,259.3,215.2,56.0,0.0,0.0,1126.7,1253.4,0
28.0,72.0,37.0,27.6,22.6,30.1,30.1,50.2,183.6,354.9,366.2,87.1,112.4,21.5,14.0,991.7,1300.2,1
27.1,69.0,39.0,0.1,0.0,10.2,18.1,48.5,191.2,346.2,296.5,166.9,106.7,22.7,17.1,1000.9,1224.3,0
30.8,76.0,29.0,0.0,0.0,1.4,22.5,88.7,261.0,334.5,185.0,225.0,99.5,18.1,20.0,1005.6,1255.8,0
27.1,82.0,57.0,66.3,52.4,76.5,100.3,112.9,428.2,345.0,371.1,238.6,133.9,90.6,81.2,1382.9,2097.0,1
29.2,63.0,50.0,15.6,9.8,17.2,33.8,99.4,211.4,224.6,219.9,160.5,121.2,33.2,7.7,816.4,1154.3,1
27.9,75.0,43.0,28.3,30.5,21.4,36.7,99.0,256.6,345.9,382.8,231.0,124.0,23.1,38.2,1216.3,1617.7,0
30.1,73.0,39.0,24.9,18.4,36.3,23.5,66.5,318.9,341.1,241.9,240.4,94.9,13.3,20.7,1142.2,1440.8,1
29.7,78.0,36.0,0.8,24.4,21.0,34.8,38.9,264.2,171.9,467.4,214.7,101.2,30.8,18.0,1118.2,1388.0,1
31.3,75.0,30.0,0.0,0.0,0.0,23.7,57.4,229.4,247.7,362.9,151.7,70.2,39.7,4.1,991.8,1186.9,0
27.9,69.0,39.0,1.8,15.2,26.1,40.1,62.8,281.9,259.3,234.6,211.3,58.1,10.6,3.1,987.2,1205.0,0
28.4,72.0,40.0,23.0,19.1,16.2,18.1,92.5,274.2,316.3,290.4,181.1,120.1,26.7,17.5,1062.0,1395.2,0
26.8,69.0,28.0,0.0,0.0,0.0,2.2,72.8,287.7,232.8,304.7,204.5,93.8,0.0,0.0,1029.7,1198.5,0
28.0,80.0,41.0,9.5,21.5,22.9,55.3,74.9,349.6,326.3,354.1,285.3,86.5,42.0,28.4,1315.3,1656.3,1
29.8,74.0,37.0,17.8,18.7,37.6,11.2,84.2,275.1,295.6,313.9,80.9,84.4,30.3,20.0,965.5,1269.7,0
30.7,85.0,23.0,14.1,5.7,6.3,22.2,82.5,273.2,297.7,359.8,202.2,83.6,44.0,20.2,1132.9,1411.6,1
27.0,74.0,31.0,0.0,2.2,10.0,14.2,78.9,259.2,254.4,270.3,109.3,76.6,22.9,3.9,893.2,1101.8,0
30.9,70.0,,0.0,8.1,16.9,11.2,65.8,272.7,257.5,254.5,295.7,77.4,6.2,14.7,1080.4,1280.7,0
32.0,65.0,53.0,14.4,25.9,33.4,44.5,38.4,270.2,252.4,277.1,186.1,120.9,70.2,23.1,985.8,1356.7,0
29.9,63.0,42.0,0.0,0.0,4.4,16.1,49.9,243.0,315.8,322.8,216.6,54.3,13.9,0.0,1098.1,1236.8,0
33.1,64.0,27.0,0.0,0.0,0.0,0.0,5.1,284.0,302.5,269.4,156.6,27.0,0.0,0.0,1012.5,1044.6,0
27.3,76.0,42.0,30.6,17.3,25.5,51.7,77.5,355.0,275.4,318.5,175.5,132.5,58.5,28.5,1124.3,1546.6,1
26.3,77.0,26.0,0.0,12.2,8.9,40.7,74.6,162.1,386.2,321.1,143.5,63.4,9.4,3.7,1013.0,1225.8,0
25.1,65.0,47.0,4.5,12.8,10.5,51.1,72.5,257.0,287.5,167.4,267.8,54.8,46.4,0.0,979.7,1232.3,1
32.3,79.0,34.0,9.8,30.7,27.8,15.7,96.8,225.9,405.6,311.8,246.8,81.7,23.4,21.9,1190.1,1498.0,1
30.4,71.0,37.0,4.5,5.4,20.4,33.5,68.4,234.5,263.1,294.3,279.1,73.3,38.8,0.0,1070.9,1315.3,0
28.9,,49.0,32.7,35.8,53.6,54.9,66.0,304.1,210.4,408.8,224.5,150.9,54.4,30.2,1147.8,1626.4,1
29.6,84.0,28.0,25.4,15.9,13.7,40.9,23.6,300.8,338.1,205.3,217.0,117.1,49.5,11.3,1061.2,1358.6,1
26.5,79.0,27.0,0.0,16.2,35.2,21.4,64.2,245.0,316.1,371.5,179.2,109.9,44.0,0.9,1111.8,1403.6,1
34.4,72.0,33.0,2.0,0.0,16.3,23.0,52.3,141.4,298.7,281.0,173.7,97.1,3.0,0.2,894.7,1088.6,0
29.3,69.0,46.0,22.9,26.6,25.4,40.2,53.9,210.3,274.9,321.8,156.5,117.1,48.7,17.5,963.5,1315.6,0
29.2,,26.0,0.0,0.0,0.0,0.0,0.0,259.1,257.7,337.0,153.6,22.6,0.0,0.0,1007.4,1030.0,0
30.6,70.0,15.0,0.0,0.0,0.0,0.0,5.1,59.1,229.1,272.3,114.3,34.8,0.0,0.0,674.8,714.7,0
30.1,73.0,34.0,8.2,4.0,0.0,20.2,56.7,315.9,282.5,303.8,210.5,55.9,11.0,0.0,1112.7,1268.6,0
29.5,68.0,42.0,0.0,2.6,13.7,31.8,77.3,282.7,354.5,298.1,201.7,78.7,30.0,12.7,1136.9,1383.8,1
27.3,73.0,48.0,11.7,34.1,14.0,58.0,89.6,348.2,336.9,277.8,228.7,122.9,46.2,36.3,1191.5,1604.3,1
30.0,74.0,34.0,14.6,1.3,16.7,38.0,95.0,241.9,339.4,281.1,268.2,86.2,20.8,8.2,1130.6,1411.3,1
33.1,73.0,35.0,7.4,17.8,18.1,21.5,41.7,139.0,288.5,240.9,190.7,115.2,24.2,9.9,859.1,1114.7,0
32.0,70.0,47.0,31.8,24.7,29.0,45.8,95.0,291.1,296.9,294.8,241.5,68.9,44.5,26.9,1124.2,1490.8,1
32.5,75.0,23.0,0.0,0.0,0.0,21.8,46.1,305.3,216.0,129.7,267.5,77.7,13.2,0.0,918.5,1077.4,0
27.9,77.0,35.0,20.4,24.4,2.7,50.2,85.1,312.1,289.0,316.1,260.0,60.0,44.3,6.6,1177.1,1470.9,0
26.8,67.0,40.0,18.2,13.9,13.9,22.5,49.5,211.8,98.9,271.1,240.1,80.6,40.0,4.2,821.9,1064.7,0
28.7,82.0,42.0,43.2,42.6,61.4,57.1,116.2,289.6,299.4,295.3,211.0,133.3,54.5,54.9,1095.3,,1
29.1,73.0,34.0,7.8,2.4,6.7,27.9,66.5,221.3,295.7,293.3,200.9,75.2,14.3,19.9,1011.3,1232.1,0
31.4,74.0,38.0,15.1,3.8,26.4,21.2,56.4,214.9,343.8,206.9,140.7,103.8,37.4,24.8,906.3,1195.1,0
25.3,78.0,18.0,0.0,0.0,0.0,5.5,42.6,285.3,266.7,374.7,195.3,38.8,0.0,0.0,1122.0,1208.8,0
32.4,75.0,,19.0,6.3,19.8,37.1,58.4,187.3,324.1,277.2,205.6,41.6,15.1,24.4,994.2,1215.9,0
28.7,80.0,42.0,30.5,39.3,38.5,63.1,100.2,231.2,199.6,301.9,221.5,124.3,62.4,53.7,954.2,1466.2,1
28.1,76.0,30.0,9.0,5.2,4.4,21.8,36.4,189.3,296.6,224.0,236.2,123.6,18.5,7.0,946.1,1172.0,0
26.8,70.0,38.0,0.0,14.7,5.6,28.8,60.6,169.2,200.4,282.6,136.9,56.3,6.7,1.4,789.1,963.3,0
25.4,76.0,42.0,17.2,24.7,29.7,36.7,89.5,279.7,249.1,382.0,285.2,132.2,23.7,27.4,1196.0,1577.0,1
30.8,67.0,35.0,5.7,0.0,5.0,22.6,49.9,303.1,278.0,329.3,219.8,70.3,9.8,22.0,1130.1,1315.4,1
29.2,75.0,39.0,16.2,31.5,12.9,38.1,100.9,253.8,390.6,343.6,200.8,60.6,47.7,9.4,1188.8,1506.1,1
26.2,74.0,30.0,12.2,6.3,3.6,17.3,71.1,162.8,317.9,307.3,178.9,47.3,29.1,0.0,966.9,1153.9,0
26.2,73.0,36.0,8.6,11.7,15.8,24.9,64.1,300.4,305.3,263.4,215.8,84.6,25.5,0.9,1084.9,1320.9,1
28.3,73.0,43.0,7.1,20.0,17.8,41.0,81.1,359.5,315.6,212.7,275.2,86.7,60.9,25.8,1163.1,1503.5,1
32.7,63.0,39.0,0.0,0.0,17.6,7.2,53.5,202.1,244.8,255.9,182.2,34.8,6.3,0.0,885.0,1004.4,0
28.4,71.0,33.0,0.0,0.0,0.0,27.3,62.5,218.1,261.8,260.7,190.9,32.0,12.7,1.5,931.4,1067.5,0
25.7,75.0,40.0,26.4,19.5,21.1,36.1,39.3,294.2,341.4,356.6,206.6,74.6,5.0,8.2,1198.8,1429.0,1
28.5,75.0,44.0,28.2,37.0,25.2,67.1,77.0,362.2,239.9,320.9,293.2,107.8,37.6,35.9,1216.2,1632.2,1
28.4,68.0,22.0,0.0,0.0,0.0,10.6,0.0,189.4,303.6,341.5,141.4,47.8,0.0,0.0,975.9,1034.3,0
23.1,82.0,47.0,50.1,41.0,61.3,58.1,129.4,220.5,320.5,393.3,232.5,111.3,82.6,48.7,1166.7,1749.2,1
28.9,69.0,35.0,16.2,15.7,0.0,19.4,52.4,278.3,343.1,247.1,249.5,78.6,3.6,0.5,1118.0,1304.6,0
28.5,80.0,41.0,37.5,39.2,51.7,45.8,84.7,322.5,386.3,204.5,225.2,134.6,54.1,35.3,1138.5,1621.4,1
30.5,77.0,48.0,39.1,31.3,48.6,55.7,112.5,284.9,234.2,395.0,275.8,124.5,67.2,44.0,1189.9,1712.9,1
33.1,70.0,27.0,0.0,0.0,0.0,30.4,49.8,200.7,246.5,340.2,130.4,58.4,1.5,0.0,917.8,1058.0,1
31.5,85.0,32.0,30.1,32.3,32.0,44.7,60.8,328.1,272.1,224.2,204.2,126.6,16.0,37.5,1028.5,1408.5,0
28.4,67.0,36.0,0.0,12.6,0.0,20.3,49.6,270.0,182.2,358.5,247.8,47.0,14.0,8.9,1058.6,1211.0,0
26.6,80.0,32.0,8.7,11.5,27.8,43.9,65.7,220.1,250.4,314.6,172.0,86.8,41.5,13.9,957.1,1256.9,0
34.7,80.0,52.0,55.3,64.2,54.9,61.4,73.5,301.1,494.9,337.7,231.6,123.4,57.0,53.9,1365.3,1908.9,1
29.1,70.0,31.0,1.9,7.8,18.8,3.3,34.8,164.3,325.2,362.3,190.2,37.7,5.6,3.8,1041.8,1155.5,0
29.0,82.0,34.0,18.7,23.4,19.7,30.9,76.7,308.1,435.4,378.4,165.9,89.9,26.5,17.0,1287.8,1590.8,1
28.9,72.0,40.0,25.6,15.0,36.6,23.6,66.9,244.8,358.9,327.0,180.6,37.3,0.0,1.4,1111.3,1317.6,1
29.4,76.0,28.0,0.7,0.0,7.3,0.0,26.8,222.4,251.9,303.8,191.5,124.2,28.7,6.2,969.6,1163.5,0
28.7,76.0,35.0,6.9,15.4,24.0,40.5,92.0,257.2,286.1,324.8,201.1,65.6,29.0,21.0,1069.1,1363.5,0
27.7,73.0,41.0,26.2,20.9,33.5,62.9,71.2,265.4,348.5,270.0,260.8,132.9,52.4,15.4,1144.7,1560.0,1
27.8,79.0,35.0,18.3,28.9,21.3,42.4,76.4,314.8,341.9,292.4,275.0,96.6,45.9,19.0,1224.0,1572.7,0
28.9,79.0,37.0,30.3,35.9,39.8,27.2,87.2,301.7,284.6,246.9,170.7,113.3,34.9,21.1,1003.8,1393.7,0
27.8,64.0,34.0,0.0,0.0,0.0,0.0,25.0,222.2,190.2,241.5,175.8,48.6,0.0,0.0,829.7,903.3,0
27.4,82.0,26.0,10.5,0.0,10.8,25.5,75.1,298.0,503.3,264.7,226.3,91.2,32.8,19.5,1292.3,1557.8,1
29.2,64.0,41.0,2.3,1.2,0.0,6.2,46.1,265.4,284.9,236.6,251.6,89.7,25.0,0.0,1038.6,1209.1,0
28.4,80.0,52.0,55.7,58.7,47.9,83.7,90.5,274.9,328.9,336.3,270.7,145.0,72.3,54.3,1210.9,1818.9,1
32.3,81.0,38.0,14.4,35.4,35.3,60.1,96.9,268.5,332.2,286.6,228.5,124.8,58.7,26.2,1115.8,1567.5,1
23.2,67.0,,0.0,3.6,14.1,9.3,88.0,240.0,283.6,307.3,218.2,69.0,14.6,0.0,1049.2,1247.9,1
31.4,72.0,44.0,28.8,25.4,35.4,50.1,90.9,294.2,323.8,202.3,236.7,84.4,24.4,31.4,1057.0,1427.8,0
31.7,67.0,28.0,0.0,0.0,0.0,19.9,55.1,206.4,353.8,250.0,124.9,16.7,0.0,0.0,935.1,1026.8,0
24.4,73.0,52.0,33.8,44.1,38.3,80.8,82.6,261.5,325.5,320.6,231.7,126.1,55.5,42.5,1139.4,1643.0,1
28.2,72.0,40.0,3.3,14.2,24.9,68.6,37.2,367.5,239.4,271.2,264.9,116.3,14.8,5.1,1143.0,1427.4,1
28.2,79.0,51.0,40.8,48.4,57.6,58.6,134.2,346.1,334.7,314.4,225.1,164.8,48.4,46.5,1220.3,1819.5,1
25.9,82.0,32.0,5.6,23.4,38.2,75.7,117.9,225.0,288.9,204.9,212.6,104.4,42.2,30.8,931.4,1369.6,0
27.3,82.0,53.0,58.8,75.7,74.4,75.3,145.5,336.0,440.0,355.3,233.7,115.4,69.7,83.3,1365.0,2063.1,1
26.6,71.0,44.0,14.4,20.7,26.5,32.1,67.5,270.7,384.5,331.8,100.1,51.8,32.2,6.4,1087.0,1338.6,0
32.9,73.0,42.0,12.3,22.8,18.0,43.9,51.9,286.5,321.5,323.6,205.9,121.0,30.7,21.4,1137.5,1459.6,0
31.1,64.0,40.0,0.0,0.0,0.0,9.6,30.3,249.2,214.9,331.8,195.2,26.7,29.8,2.9,991.1,1090.4,0
31.8,69.0,36.0,3.3,12.2,1.9,25.2,21.7,310.8,221.8,287.1,162.3,66.9,30.5,0.0,982.1,1143.8,0
30.6,80.0,48.0,62.9,64.9,50.0,50.4,99.1,310.2,342.1,349.0,179.2,115.6,46.4,56.0,1180.5,1725.7,1
26.5,84.0,39.0,26.7,45.4,48.5,55.9,125.9,280.4,354.0,322.9,184.2,112.1,47.4,34.9,1141.4,1638.2,1
27.8,67.0,22.0,0.0,0.0,0.0,6.2,23.0,273.1,243.3,285.7,190.2,46.7,0.0,0.0,992.3,1068.2,0
30.1,70.0,29.0,0.0,0.0,0.0,9.3,51.0,247.8,256.2,173.5,263.8,68.5,12.2,0.0,941.3,1082.3,0
26.3,74.0,37.0,7.0,0.0,20.4,34.9,95.7,264.9,272.6,236.4,260.4,27.8,27.7,26.0,1034.3,1273.7,0
30.6,76.0,40.0,24.6,32.0,31.4,48.7,69.9,285.3,316.6,390.0,147.5,98.4,24.3,20.6,1139.4,1489.4,1
28.5,69.0,38.0,0.3,8.1,5.8,38.0,99.7,243.9,156.0,136.3,227.5,23.3,10.8,4.2,763.6,953.9,0
28.2,77.0,48.0,41.1,46.0,37.3,39.7,134.4,285.1,268.5,306.5,194.8,132.9,48.4,50.2,1054.9,1585.0,1
30.6,71.0,22.0,0.0,0.0,0.0,6.6,32.0,192.3,237.0,322.6,138.4,40.7,0.0,0.0,890.3,969.6,0
30.0,74.0,39.0,21.6,16.7,16.8,33.6,60.2,220.5,384.3,286.4,181.0,37.9,52.2,20.4,1072.1,1331.7,0
28.2,77.0,23.0,0.0,0.0,6.3,16.6,63.5,184.7,240.8,246.1,211.4,49.2,1.4,0.0,882.9,1020.0,0
31.6,74.0,44.0,22.4,37.0,25.8,58.5,73.8,194.2,331.6,308.3,254.0,86.5,28.5,20.1,1088.1,1440.7,0
26.6,71.0,37.0,0.0,6.6,11.2,12.3,38.5,203.2,315.2,261.1,187.2,111.4,20.3,12.7,966.7,1179.6,0
30.4,73.0,41.0,16.5,37.9,29.9,26.0,98.8,253.6,391.1,295.0,199.6,98.1,45.6,13.3,1139.2,1505.3,0
30.3,73.0,31.0,9.9,6.6,12.4,0.0,79.5,250.9,371.0,235.6,206.1,83.8,0.0,0.0,1063.5,1255.7,0
28.3,72.0,48.0,16.4,21.4,24.8,42.0,86.7,258.7,320.1,367.9,239.2,133.1,61.0,35.5,1185.9,1606.9,1
29.7,72.0,46.0,16.6,27.0,42.0,61.0,54.7,140.4,291.5,382.5,262.9,97.6,37.9,23.4,1077.4,1437.5,1
26.2,84.0,43.0,47.0,43.8,64.3,64.6,76.4,377.6,301.2,313.3,173.2,139.9,52.2,55.6,1165.2,1708.9,1
31.0,77.0,37.0,11.9,5.2,15.5,23.7,76.9,324.6,300.3,214.4,205.7,111.9,15.6,24.5,1045.0,1330.3,0
28.6,72.0,43.0,13.3,35.4,18.4,33.8,64.6,289.1,288.6,264.2,156.5,62.4,43.1,26.1,998.4,1295.4,0
27.9,78.0,32.0,9.6,21.6,31.9,15.1,61.2,362.9,341.2,277.3,195.7,124.8,25.9,25.9,1177.2,1493.3,0
31.3,72.0,45.0,12.3,30.5,28.7,29.7,98.6,214.4,343.4,327.5,198.0,62.7,40.2,28.8,1083.4,1414.9,1
27.5,81.0,51.0,46.0,58.1,38.6,78.5,123.5,402.6,384.3,270.3,236.7,151.7,58.0,69.1,1294.0,1917.5,1
25.9,76.0,47.0,41.2,27.5,28.6,41.5,118.2,227.5,406.2,266.0,184.6,72.7,46.8,45.9,1084.3,1506.7,1
25.6,73.0,32.0,0.0,1.1,6.5,35.4,37.2,260.1,408.8,306.6,120.1,92.0,11.2,0.8,1095.6,1279.8,0
30.3,77.0,41.0,14.2,36.7,22.4,46.1,75.1,201.9,329.5,356.5,117.8,148.5,40.8,40.3,1005.6,1429.9,1
26.2,65.0,28.0,0.0,0.0,0.0,0.0,47.4,223.0,338.2,216.1,156.3,46.9,0.0,0.0,933.6,1027.9,0
32.9,67.0,43.0,14.5,0.0,15.9,25.3,72.6,274.8,282.5,206.3,174.2,77.2,5.2,8.4,937.8,1156.8,0
24.4,67.0,42.0,5.2,8.0,28.4,36.1,92.4,243.3,372.9,472.3,161.4,97.1,54.5,12.0,1249.9,1583.6,1
32.7,75.0,23.0,0.0,0.0,0.0,19.6,53.6,274.5,348.9,310.6,234.7,57.0,0.0,2.1,1168.7,1301.0,1
29.5,84.0,29.0,21.2,24.9,38.5,44.8,112.8,271.2,376.3,280.3,167.1,141.3,38.0,27.4,1095.0,1543.8,1
28.8,87.0,36.0,26.0,48.8,61.3,66.8,105.8,256.3,340.6,365.4,288.8,119.8,33.7,57.6,1251.1,1770.9,1
27.8,78.0,36.0,24.2,28.3,41.5,37.7,96.4,234.0,275.1,288.0,278.3,87.2,11.2,31.9,1075.4,1433.8,0
29.9,77.0,28.0,6.7,8.7,13.4,30.1,52.1,293.2,214.9,328.9,100.8,65.1,19.8,10.8,937.8,1144.5,1
28.9,63.0,41.0,0.0,8.8,0.0,12.1,51.5,205.2,288.8,280.4,185.4,47.9,13.3,0.0,959.8,1093.4,0
31.4,71.0,40.0,20.0,2.8,23.6,32.0,85.2,307.3,399.0,292.3,179.0,71.3,42.1,13.6,1177.6,1468.4,0
29.3,69.0,36.0,0.0,7.4,17.9,17.1,87.7,312.6,276.8,268.8,54.4,66.6,20.2,4.0,912.6,1133.5,0
29.3,70.0,32.0,4.4,3.4,1.6,9.9,65.0,148.6,337.5,186.5,115.4,58.2,8.6,4.0,788.0,943.1,0
28.2,73.0,46.0,28.4,20.3,51.6,38.9,80.5,334.5,372.8,414.6,247.1,85.7,30.8,35.3,1369.0,1740.7,1
28.9,71.0,51.0,29.1,22.8,47.4,57.4,114.3,390.1,309.8,252.2,307.7,159.3,64.8,36.2,1259.8,1791.0,1
29.7,62.0,34.0,0.0,0.0,0.0,17.1,0.0,240.3,355.4,177.5,207.0,30.6,7.5,0.0,980.2,1035.5,0
25.2,78.0,33.0,13.9,12.5,32.7,48.9,41.4,292.7,135.3,277.5,214.4,93.5,14.8,23.6,919.8,1201.0,0
26.0,68.0,42.0,18.8,18.0,19.3,13.9,77.6,311.0,230.6,228.2,193.0,98.8,24.5,5.1,962.9,1239.0,0
30.6,75.0,35.0,3.2,9.9,0.0,47.3,67.1,241.6,251.9,283.8,272.5,102.6,28.5,28.4,1049.8,1336.7,0
29.4,86.0,,33.5,35.7,41.6,55.8,106.7,294.6,285.4,354.5,321.3,113.1,50.5,26.2,1255.8,1719.0,1
28.6,68.0,44.0,20.9,10.7,31.6,39.8,68.9,185.3,327.8,345.3,171.2,81.6,36.9,27.2,1029.6,1347.2,1
29.0,59.0,23.0,0.0,0.0,0.0,0.0,21.4,207.6,267.4,277.3,50.0,41.3,0.0,0.0,802.3,865.0,0
29.8,72.0,49.0,37.6,33.5,35.2,52.1,69.1,302.8,349.0,287.7,121.0,112.1,43.1,41.4,1060.5,1484.6,0
27.8,81.0,39.0,45.8,33.8,28.8,56.0,98.6,305.6,363.0,310.1,276.7,100.7,43.8,38.1,1255.3,1700.9,1
27.3,86.0,35.0,32.8,38.1,60.8,38.2,110.9,339.6,274.0,334.7,218.9,72.0,69.0,41.8,1167.1,1630.7,0
29.4,67.0,37.0,3.3,11.1,21.6,25.1,77.2,200.2,219.7,170.8,191.0,61.1,24.0,5.2,781.8,1010.4,0
26.8,77.0,38.0,12.4,18.6,19.8,57.8,116.9,237.3,340.4,329.7,126.0,67.9,37.5,31.1,1033.4,1395.2,0
29.9,71.0,24.0,0.0,0.0,0.0,1.1,43.1,332.5,240.4,173.7,134.3,41.5,0.0,0.0,880.8,966.5,0
25.3,,50.0,36.0,39.1,34.6,70.7,94.9,271.1,235.2,427.7,206.1,110.2,53.5,45.7,1140.1,1624.9,1
31.3,90.0,38.0,54.0,51.9,63.3,67.9,74.7,306.2,403.5,301.7,244.6,134.2,73.6,44.5,1256.0,1820.2,1
30.0,65.0,42.0,0.0,25.4,14.5,32.6,46.8,243.7,381.1,266.7,169.5,121.9,0.0,5.4,1061.0,,0
29.6,76.0,46.0,20.5,28.4,48.9,27.2,84.9,233.6,422.2,264.2,172.1,95.4,51.8,43.5,1092.1,1492.7,1
31.2,77.0,30.0,11.2,7.4,17.5,56.2,83.2,341.5,313.4,245.7,156.9,101.6,17.2,18.2,1057.5,1369.9,0
32.7,81.0,42.0,21.1,30.7,74.0,75.5,80.4,253.6,370.2,444.5,277.0,120.2,49.9,44.3,1345.2,1841.4,1
31.2,75.0,36.0,11.1,24.2,10.3,30.2,84.5,196.6,390.8,343.1,209.6,121.0,17.7,13.5,1140.1,1452.6,1
25.0,76.0,45.0,39.5,48.5,21.9,28.3,87.0,252.2,288.5,217.1,244.5,121.4,45.2,42.2,1002.4,,0
26.2,72.0,21.0,0.0,0.0,0.0,3.5,31.5,114.9,341.6,342.2,124.6,29.8,11.7,0.0,923.3,999.7,0
27.6,76.0,,33.2,30.4,8.9,20.3,77.6,226.8,329.1,361.8,69.7,49.5,27.2,34.6,987.4,1269.1,1
29.1,72.0,33.0,9.8,3.0,0.0,26.9,48.8,193.4,351.4,260.3,163.1,84.4,28.2,3.9,968.1,1173.2,0
30.1,78.0,41.0,24.0,29.3,26.2,54.1,75.6,308.2,335.4,322.0,175.2,91.0,34.5,19.9,1140.7,1495.3,1
27.4,72.0,42.0,18.0,7.4,15.6,26.5,38.7,225.8,390.6,291.9,218.5,68.3,41.9,11.2,1126.8,1354.5,0
29.4,76.0,32.0,8.2,27.9,6.1,42.1,58.6,302.4,317.0,398.0,341.5,51.9,23.6,11.9,1358.9,1589.2,1
27.3,74.0,32.0,0.0,11.0,16.4,33.9,49.6,326.1,210.2,233.0,220.5,83.2,23.4,8.3,989.8,1215.5,0
27.7,81.0,37.0,21.1,27.7,30.5,60.3,73.3,316.6,410.7,312.1,336.7,141.3,43.7,47.4,1376.1,1821.3,1
25.9,74.0,31.0,0.0,16.0,7.6,22.5,65.7,235.6,240.5,252.6,213.0,67.2,25.1,0.0,941.7,1145.8,0
27.0,63.0,45.0,0.0,0.0,19.3,6.4,71.6,256.2,373.6,195.3,160.1,93.2,0.0,6.7,985.1,1182.3,0
26.0,82.0,35.0,27.6,33.5,26.5,58.9,86.8,188.3,316.8,429.3,227.9,99.6,25.2,21.7,1162.3,1542.2,1
26.9,,15.0,0.0,0.0,0.0,0.0,37.5,200.2,328.2,169.1,227.7,5.4,0.0,0.0,925.2,968.1,0
31.3,70.0,35.0,0.0,8.9,11.5,4.1,67.3,198.5,363.9,288.6,268.1,94.2,0.0,17.3,1119.1,1322.3,0
26.9,70.0,30.0,0.0,0.0,0.0,28.0,40.9,275.0,312.6,165.8,150.9,39.4,0.4,0.0,904.3,1013.1,0
34.8,82.0,25.0,14.9,0.6,0.0,54.4,54.9,395.7,334.7,261.1,205.6,84.7,23.5,16.9,1197.1,1447.1,0
30.1,61.0,28.0,0.0,0.0,0.0,0.0,29.7,240.9,288.8,267.9,89.1,34.9,0.0,0.0,886.6,951.1,0
29.4,93.0,39.0,56.0,70.0,70.5,104.5,125.1,194.1,232.8,285.8,280.7,155.9,65.3,61.4,993.3,1702.1,1
27.1,80.0,49.0,52.7,50.8,75.6,69.1,131.0,273.1,350.1,357.0,302.9,96.5,66.3,55.2,1283.2,1880.3,1
30.5,75.0,41.0,28.0,31.8,31.2,38.0,101.4,274.3,250.6,282.0,209.4,107.4,49.7,16.3,1016.4,,1
27.7,74.0,33.0,8.5,0.6,21.2,18.4,50.2,255.8,311.3,348.3,161.0,60.0,9.5,22.3,1076.3,1267.0,0
29.3,76.0,42.0,20.0,29.4,31.6,66.2,79.6,231.4,253.0,380.6,227.8,88.8,34.7,45.0,1092.8,1488.2,1
34.6,77.0,34.0,16.6,12.4,24.4,25.0,82.8,272.9,238.3,255.4,218.2,0.0,20.6,17.8,984.7,1184.4,0
28.8,,32.0,22.6,22.0,36.7,41.8,89.4,189.7,404.3,292.5,201.7,140.3,0.0,35.4,1088.1,1476.1,0
31.5,77.0,29.0,0.6,8.7,0.0,18.7,79.2,198.4,364.6,291.0,198.4,94.2,22.1,5.2,1052.5,1281.1,1
27.5,75.0,24.0,8.8,0.5,3.1,6.5,45.7,272.5,286.8,302.9,169.2,47.8,18.2,0.0,1031.4,1162.0,0
28.9,,35.0,3.2,19.1,35.8,39.8,37.3,196.5,313.5,283.2,237.2,54.3,34.6,21.9,1030.5,1276.4,0
32.9,73.0,39.0,14.9,23.1,24.4,30.0,49.6,289.2,294.7,300.6,232.7,77.2,19.2,13.9,1117.3,1369.7,1
27.6,73.0,37.0,5.6,16.2,34.5,26.1,71.5,180.7,340.2,271.9,151.8,103.9,11.0,2.9,944.5,1216.3,0
33.0,81.0,35.0,26.8,20.0,25.7,58.6,86.8,367.1,279.4,306.7,164.5,52.7,40.3,15.1,1117.7,1443.7,1
30.6,78.0,30.0,0.0,12.4,16.1,48.6,42.4,211.8,364.0,359.7,183.0,80.9,34.4,28.9,1118.5,1382.0,1
27.8,56.0,43.0,0.0,0.0,0.0,12.1,40.3,217.1,264.2,296.9,202.6,103.7,1.3,0.0,980.7,1138.1,0
30.4,78.0,27.0,0.0,4.2,0.0,16.1,71.6,267.2,273.8,319.7,195.7,50.7,22.5,5.5,1056.3,1227.0,0
31.1,75.0,44.0,29.1,28.0,23.3,41.9,60.0,241.9,324.3,344.9,184.1,105.0,56.7,22.1,1095.2,1461.3,0
30.4,74.0,30.0,8.6,0.0,0.0,21.6,77.7,253.5,260.1,266.7,197.4,130.7,6.7,11.2,977.7,1234.1,0
25.5,72.0,32.0,5.0,0.0,15.0,23.7,47.2,276.4,314.5,293.3,169.9,90.6,12.2,0.0,1054.2,1247.8,0
27.4,81.0,26.0,0.0,6.5,24.5,16.9,89.0,306.6,271.6,220.9,233.4,86.9,43.4,7.9,1032.5,1307.6,0
28.5,80.0,34.0,37.3,25.5,31.2,49.7,65.3,309.5,344.1,369.6,221.0,108.7,33.6,26.4,1244.2,1622.1,1
28.8,69.0,46.0,20.8,10.6,33.6,39.4,52.9,254.0,386.4,132.0,189.2,83.4,18.2,12.9,961.5,1233.3,0
30.4,76.0,42.0,20.4,29.7,32.0,26.0,72.4,263.5,278.4,296.5,222.0,134.1,33.6,28.2,1060.5,1436.9,0
29.4,68.0,46.0,17.5,34.4,35.2,25.1,69.3,390.4,303.4,357.4,260.4,81.2,19.9,30.4,1311.5,1624.5,1
26.1,66.0,42.0,6.0,15.8,11.7,18.6,51.8,301.8,327.3,200.5,164.0,30.6,23.9,11.0,993.6,,0
29.8,70.0,29.0,0.0,6.1,0.0,9.1,40.7,184.3,258.8,288.2,193.1,55.2,0.0,0.0,924.5,1035.6,0
30.3,79.0,35.0,22.2,26.7,24.9,63.3,82.3,271.1,343.5,256.1,202.4,71.4,38.9,25.3,1073.1,1428.1,0
30.2,80.0,32.0,12.5,29.7,31.2,40.3,69.0,244.0,345.7,271.0,221.6,85.4,23.6,17.3,1082.3,1391.3,0
31.4,77.0,49.0,38.2,38.6,44.2,51.3,95.1,279.0,401.4,371.3,196.9,109.9,30.9,60.4,1248.6,1717.1,1
30.8,78.0,28.0,0.3,3.6,22.6,28.4,26.6,183.2,264.4,292.3,195.8,110.7,24.5,2.3,935.7,1154.8,0
30.0,,45.0,22.7,15.3,29.9,50.0,97.0,256.5,272.6,191.2,269.1,126.6,51.0,38.9,989.4,1420.8,1
28.8,70.0,45.0,20.0,31.3,14.8,42.7,72.0,363.4,295.3,237.2,161.6,100.4,40.0,22.7,1057.6,1401.5,1
25.3,77.0,53.0,53.3,63.9,62.5,75.6,135.8,325.4,285.5,380.2,173.8,123.5,55.5,59.7,1164.9,1794.7,1
29.9,79.0,35.0,24.7,19.2,26.7,55.1,56.8,128.6,349.5,321.6,147.5,69.1,26.2,32.4,947.2,1257.5,1
29.5,79.0,44.0,43.4,37.8,39.3,56.5,55.6,348.7,262.1,413.2,169.1,57.3,56.6,39.5,1193.1,1579.1,1
29.6,,56.0,65.4,59.8,78.7,102.5,130.2,367.7,497.8,435.4,274.6,140.6,96.0,68.1,1575.5,2316.8,1
26.2,78.0,,10.5,20.9,15.7,45.7,76.7,240.0,387.6,269.9,136.5,109.7,29.9,20.4,1034.1,1363.7,1
26.6,76.0,26.0,4.5,9.8,2.8,9.3,32.6,282.2,293.6,418.0,169.4,70.1,17.9,0.0,1163.2,1310.2,1
31.3,80.0,23.0,0.0,0.0,22.2,47.7,25.6,198.9,348.2,277.6,214.0,62.8,12.3,0.0,1038.8,1209.5,0
28.9,74.0,,18.6,32.1,48.2,49.7,111.5,244.9,222.6,245.0,229.5,112.4,22.3,24.0,942.0,1360.8,0
30.5,69.0,23.0,0.0,0.0,0.0,0.0,60.3,304.4,423.4,215.2,144.6,49.9,3.6,0.0,1087.7,1201.5,0
29.1,73.0,35.0,16.0,11.3,11.6,47.2,12.7,237.5,267.0,151.5,201.0,124.5,33.3,0.8,856.9,1114.4,0
29.1,70.0,41.0,19.1,18.3,30.9,56.5,57.4,153.8,299.4,379.8,201.4,117.4,35.1,20.6,1034.4,1389.8,1
31.1,70.0,39.0,11.9,9.5,5.5,27.6,96.3,249.5,191.6,375.5,182.9,107.0,20.8,11.0,999.6,1289.2,0
27.9,73.0,41.0,26.8,20.4,16.1,32.2,63.7,258.9,342.4,234.3,193.7,112.1,40.4,19.5,1029.3,1360.4,1
29.2,69.0,40.0,0.6,8.9,0.0,25.5,52.8,318.5,236.2,269.4,293.2,50.3,33.3,0.6,1117.3,1289.3,0
28.0,72.0,,31.4,39.4,52.3,57.2,77.9,274.4,329.7,309.1,250.0,120.2,63.0,31.2,1163.3,1635.9,1
28.0,63.0,30.0,0.0,0.0,0.0,11.7,9.0,198.2,238.7,195.7,273.0,60.8,3.3,0.0,905.7,990.5,0
28.3,75.0,33.0,15.0,13.0,13.9,35.0,29.1,310.7,238.5,181.4,170.8,98.4,24.0,9.9,901.5,1139.7,0
29.5,74.0,32.0,3.3,0.0,2.1,25.4,80.3,255.8,250.9,267.0,185.4,91.5,3.5,7.7,959.2,1172.9,1
27.9,69.0,45.0,13.5,16.6,30.6,54.6,34.7,220.3,325.1,273.0,141.7,102.9,33.5,21.5,960.1,1268.0,1
31.8,78.0,45.0,40.7,46.6,39.6,52.6,96.3,344.9,254.5,288.9,185.0,178.9,54.5,26.9,1073.3,1609.5,1
27.0,80.0,42.0,42.4,38.7,29.4,67.8,108.1,291.1,285.5,323.3,306.0,108.5,58.9,40.2,1205.8,1699.8,1
28.6,64.0,47.0,3.9,17.5,20.6,25.7,35.2,254.4,344.0,367.1,170.7,107.6,40.4,3.9,1136.2,1391.0,1
28.0,69.0,29.0,0.0,4.9,0.0,13.0,24.3,242.6,438.9,245.2,259.2,51.0,1.7,0.0,1185.9,1280.8,1
32.2,69.0,51.0,18.9,38.7,26.0,46.0,106.7,213.5,351.1,312.3,156.4,122.2,67.6,36.1,1033.3,1495.6,0
29.4,68.0,50.0,3.4,27.1,9.3,42.7,89.1,239.4,263.4,340.6,161.0,121.9,17.3,42.5,1004.3,1357.7,0
31.3,79.0,44.0,38.4,35.7,29.6,52.3,79.5,282.0,309.8,343.9,206.4,120.9,56.8,40.2,1142.2,1595.5,1
25.7,73.0,52.0,42.9,20.6,46.8,74.1,117.0,272.3,334.9,277.4,220.1,154.7,43.4,34.5,1104.7,1638.7,1
29.6,72.0,25.0,0.0,0.0,0.0,0.0,66.3,302.2,261.2,267.8,213.7,40.1,0.0,0.0,1044.9,1151.4,1
31.0,62.0,34.0,0.0,0.0,0.0,0.0,41.8,238.4,330.6,288.2,186.7,44.2,0.0,0.0,1043.8,1129.8,0
29.2,78.0,32.0,10.2,19.1,20.0,58.5,50.0,305.0,321.0,222.6,179.3,93.3,10.5,21.0,1027.9,1310.4,0
31.3,67.0,44.0,0.0,12.2,12.0,42.1,57.1,255.9,359.9,358.7,189.4,107.4,23.5,35.3,1163.9,1453.5,0
27.9,74.0,30.0,11.6,1.0,27.5,0.0,61.3,303.7,276.7,358.6,171.2,80.1,16.0,0.0,1110.3,1307.8,0
32.1,76.0,44.0,21.5,19.0,55.5,43.4,81.4,297.1,404.7,263.3,174.0,137.3,58.6,35.2,1139.1,1591.2,1
34.1,82.0,,62.4,47.9,50.7,50.7,126.2,298.1,337.4,338.6,197.4,110.9,49.3,67.8,1171.6,1737.5,1
28.2,66.0,44.0,15.8,15.0,20.8,16.8,32.6,252.5,244.9,320.5,239.5,54.7,34.1,23.1,1057.3,1270.1,1
28.0,56.0,40.0,0.0,0.0,0.0,0.0,4.1,171.5,404.6,222.4,81.7,61.7,0.0,0.0,880.2,,0
32.2,75.0,30.0,0.0,5.0,3.8,21.2,61.4,275.7,188.3,305.7,260.6,75.9,30.1,5.8,1030.3,1233.5,0
32.5,85.0,31.0,29.4,32.2,18.6,32.9,71.8,269.4,277.3,311.1,196.2,115.2,36.4,41.5,1053.9,,1
27.8,81.0,48.0,41.6,59.0,55.3,69.1,90.9,265.8,305.8,238.3,198.6,122.7,47.4,74.5,1008.5,1569.0,1
28.1,75.0,,28.8,24.5,33.3,28.5,47.6,333.9,473.5,329.6,246.3,94.5,28.4,36.6,1383.3,1705.5,1
28.4,71.0,38.0,4.5,14.3,11.0,29.4,63.8,184.6,411.8,219.6,260.2,81.5,7.9,8.5,1076.3,1297.3,0
26.0,79.0,35.0,6.4,17.7,32.0,35.6,74.5,242.4,405.2,350.1,255.9,96.3,41.3,15.5,1253.6,1573.0,1
27.0,68.0,22.0,0.0,0.0,0.0,11.0,41.1,274.5,248.2,209.1,180.6,40.4,5.7,0.0,912.3,1010.5,0
26.8,77.0,29.0,7.2,9.6,0.9,42.3,61.8,267.8,446.0,271.0,239.3,75.3,13.6,14.2,1224.1,1449.1,1
27.3,77.0,53.0,44.1,54.0,56.7,78.0,100.9,291.0,365.7,403.2,156.4,113.5,71.1,44.8,1216.2,1779.5,1
28.9,80.0,28.0,5.8,6.9,21.1,26.3,88.7,269.0,363.8,314.0,171.7,106.6,6.9,11.6,1118.5,1392.5,1
29.5,91.0,40.0,61.6,64.7,51.2,99.8,84.8,310.9,361.8,268.4,200.0,135.9,73.2,61.5,1141.0,1773.6,1
32.4,76.0,46.0,43.2,53.5,50.1,35.2,99.5,195.4,325.8,249.9,273.9,165.2,56.8,41.2,1045.1,1589.7,0
26.8,71.0,28.0,0.0,0.0,0.0,0.0,12.0,216.2,270.3,230.6,158.1,69.4,0.0,0.0,875.3,956.7,0
31.2,74.0,39.0,14.1,17.1,18.0,35.8,55.0,350.7,299.2,314.7,239.8,78.0,29.4,14.9,1204.5,1466.7,0
28.5,63.0,46.0,9.2,10.1,9.6,52.2,35.9,213.9,336.7,301.0,214.3,147.0,28.8,0.0,1065.9,1358.8,0
28.9,70.0,38.0,0.0,15.5,6.8,23.8,76.8,233.7,323.2,232.3,152.4,91.5,0.0,17.5,941.6,1173.6,0
30.5,72.0,61.0,53.8,50.5,53.3,69.8,105.7,267.2,345.1,259.3,210.6,151.8,83.0,52.3,1082.2,1702.4,1
26.5,71.0,25.0,0.0,0.0,10.7,0.0,39.7,225.2,370.6,276.3,228.2,74.8,4.2,0.0,1100.3,1229.8,1
29.8,75.0,46.0,37.0,45.5,30.1,63.0,64.5,244.5,148.6,296.1,181.7,122.2,55.2,46.0,870.9,1334.3,0
29.4,69.0,37.0,0.0,11.3,33.6,33.6,51.2,274.0,327.8,402.3,192.8,90.6,12.2,7.0,1196.9,1436.4,1
30.1,81.0,44.0,35.1,30.3,52.6,70.7,80.9,297.1,379.3,318.3,191.0,88.6,35.5,43.3,1185.6,1622.6,1
29.6,74.0,42.0,15.2,20.3,30.1,34.6,84.9,309.7,386.0,402.4,193.1,106.4,43.6,26.8,1291.3,1653.2,1
34.4,74.0,32.0,5.0,19.7,16.0,15.7,39.4,191.4,295.3,211.3,187.1,46.1,18.2,7.7,885.1,1052.9,0
27.6,,40.0,18.0,28.8,46.5,18.7,95.8,240.5,321.7,198.0,164.0,84.8,29.6,27.2,924.1,1273.5,0
27.8,75.0,23.0,2.2,0.7,0.0,11.2,11.7,222.8,344.4,200.2,132.0,47.1,18.3,0.0,899.4,990.4,0
27.6,79.0,43.0,31.0,36.6,30.8,42.0,73.9,305.1,419.5,379.0,232.9,118.9,59.1,33.6,1336.4,1762.4,1
27.8,69.0,40.0,3.6,11.3,7.1,13.5,96.1,209.0,284.6,384.5,154.6,91.0,45.7,19.0,1032.6,1319.7,1
27.6,70.0,43.0,24.4,17.2,22.5,30.1,61.5,310.6,326.2,244.8,163.7,102.2,32.0,28.0,1045.3,1363.3,0
31.6,72.0,46.0,27.4,37.0,14.7,39.1,53.7,335.3,420.7,273.3,167.7,107.2,31.7,17.3,1197.0,1525.2,1
32.1,66.0,41.0,12.9,0.0,10.0,16.3,62.2,193.4,170.4,210.0,184.3,62.6,15.5,18.1,758.1,955.8,0
27.7,69.0,39.0,8.1,2.4,29.7,31.4,51.3,223.8,259.4,175.7,233.3,74.3,25.8,11.7,892.2,1126.9,1
27.2,71.0,31.0,0.0,6.9,4.3,16.7,34.1,211.5,378.8,312.5,248.6,93.8,23.0,1.1,1151.4,1331.2,0
30.0,79.0,32.0,4.5,17.8,19.3,31.7,48.3,405.0,375.8,303.1,167.5,116.9,12.6,26.3,1251.4,1528.8,1
27.8,76.0,47.0,23.2,49.6,36.4,57.8,146.0,257.0,361.9,311.2,317.4,81.9,50.7,34.1,1247.5,1727.2,1
30.4,75.0,49.0,42.3,34.6,53.0,45.1,87.0,374.3,305.1,230.8,176.8,73.7,71.3,47.6,1086.9,1541.6,1
29.4,79.0,36.0,31.9,25.0,21.1,43.7,38.9,197.7,264.5,392.5,256.2,79.2,34.5,22.4,1110.9,1407.6,1
25.7,73.0,38.0,27.6,8.4,38.3,34.6,97.7,203.4,272.3,258.6,165.3,113.9,39.0,4.0,899.6,1263.1,0
32.4,76.0,31.0,13.5,9.9,33.1,8.8,74.0,214.0,394.7,312.8,152.6,112.2,27.7,1.8,1074.1,1355.1,0
33.0,73.0,47.0,38.3,20.2,38.6,60.9,68.7,227.5,286.3,219.6,180.5,80.9,55.5,36.5,913.9,1313.5,0
27.7,76.0,43.0,23.8,27.5,35.3,37.8,64.7,258.7,329.5,292.3,211.0,111.1,33.7,23.8,1091.5,1449.2,1
28.1,71.0,54.0,27.9,28.7,54.5,58.3,105.7,243.2,287.0,329.1,248.3,158.1,42.5,53.1,1107.6,1636.4,1
29.6,59.0,31.0,0.0,0.0,0.0,3.4,19.5,169.3,315.0,263.4,184.5,54.8,0.0,0.0,932.2,1009.8,0
29.7,73.0,35.0,10.7,16.1,6.3,38.5,23.9,316.1,270.1,291.4,149.9,117.9,4.0,21.1,1027.5,1266.1,0
30.4,83.0,40.0,39.3,27.6,40.1,58.8,129.1,350.7,327.5,342.1,178.9,138.4,50.2,42.4,1199.2,1725.0,1
33.4,80.0,43.0,40.3,50.9,31.0,52.9,83.5,334.4,231.2,246.6,181.0,89.4,55.2,42.3,993.2,1438.6,0
28.6,80.0,36.0,27.2,47.6,35.7,56.0,109.5,298.4,222.8,311.0,204.6,94.9,61.0,18.1,1036.9,1486.7,1
27.2,81.0,31.0,28.1,21.2,31.5,45.9,98.4,267.9,313.3,299.4,193.3,93.7,37.6,28.8,1073.9,1458.9,1
26.0,75.0,45.0,40.2,27.7,23.3,42.4,64.8,247.5,245.3,318.2,172.0,107.4,52.3,35.8,983.0,1376.9,0
27.4,75.0,44.0,32.4,53.6,30.4,38.5,103.7,220.6,449.3,307.2,225.1,125.9,57.0,35.5,1202.2,1679.2,1
28.9,,31.0,0.4,0.0,0.0,0.0,35.6,258.6,164.9,194.8,280.4,78.8,0.0,10.1,898.6,1023.5,0
32.9,72.0,49.0,34.5,33.6,28.4,52.2,48.1,210.9,277.4,229.0,192.7,32.0,43.4,28.6,909.9,1210.7,1
27.9,78.0,47.0,36.3,44.4,52.5,59.0,86.5,230.3,336.0,186.6,205.5,82.2,84.1,42.0,958.4,1445.4,0
29.5,81.0,39.0,38.3,46.0,31.9,65.8,95.2,340.6,305.3,354.6,242.4,52.5,46.3,37.8,1242.9,1656.5,1
29.0,73.0,39.0,3.4,20.5,18.6,38.9,60.3,364.1,243.4,337.6,174.5,94.0,43.0,10.1,1119.5,1408.4,1
31.6,71.0,42.0,24.0,14.6,6.3,51.6,64.5,282.2,253.1,339.5,230.7,96.6,42.2,17.1,1105.6,1422.5,0
34.6,74.0,31.0,0.0,0.0,11.3,14.0,80.3,308.3,238.0,295.2,155.1,84.5,0.0,9.3,996.5,1195.9,0
27.8,78.0,38.0,26.1,24.1,30.4,57.5,80.9,255.3,301.6,175.1,291.2,74.8,42.5,24.2,1023.2,1383.6,0
27.9,65.0,21.0,0.0,0.0,0.0,0.0,2.7,136.0,376.7,180.1,165.1,56.5,0.0,0.0,857.9,917.1,0
31.3,60.0,45.0,1.2,0.2,1.9,26.1,65.8,275.5,296.5,281.7,153.9,89.7,15.8,0.0,1007.5,1208.3,0
30.5,71.0,26.0,0.0,0.0,0.0,0.0,45.8,263.1,352.8,269.7,145.3,30.4,0.0,0.0,1030.9,1107.0,0
33.1,67.0,50.0,8.4,12.2,20.1,44.0,25.8,270.1,346.6,283.3,183.1,59.5,22.8,29.5,1083.1,1305.5,0
30.3,71.0,35.0,6.4,16.0,0.0,0.0,66.6,234.7,364.8,299.4,249.8,78.0,12.3,1.4,1148.7,1329.4,1
28.2,73.0,36.0,4.6,8.2,34.3,26.0,72.0,307.1,136.2,284.9,137.1,129.0,23.0,4.8,865.3,,0
30.3,71.0,33.0,6.4,0.0,0.1,24.7,54.8,190.2,276.1,281.4,154.3,116.9,28.6,0.0,902.1,1133.6,0
31.4,83.0,36.0,31.2,32.9,37.2,44.9,104.0,233.6,404.6,269.1,190.9,120.3,68.0,27.8,1098.3,1564.7,1
30.8,76.0,49.0,42.4,42.7,56.3,46.6,80.8,228.8,299.9,371.2,223.5,96.0,71.0,50.6,1123.3,1609.6,1
30.1,76.0,18.0,0.0,0.0,25.7,13.6,45.1,233.1,384.1,233.4,156.2,80.6,8.7,0.0,1006.8,1180.5,0
31.3,78.0,48.0,37.1,47.5,36.4,60.6,65.5,227.0,425.8,239.6,159.7,105.5,44.7,54.1,1052.1,1503.4,0
31.6,67.0,41.0,1.3,0.0,16.5,19.1,68.1,212.4,271.9,235.3,172.0,60.8,15.1,3.0,891.5,1075.6,1
32.0,80.0,28.0,17.1,26.9,10.1,30.7,104.3,216.4,275.0,265.0,190.7,31.6,27.7,18.9,947.1,1214.3,0
30.4,74.0,29.0,12.2,6.0,0.4,50.4,33.9,229.5,233.0,331.5,155.5,76.4,6.2,0.0,949.4,1135.0,0
28.6,78.0,51.0,40.8,47.0,47.0,81.0,87.0,210.4,304.4,319.7,263.1,106.5,69.1,42.5,1097.7,1618.5,1
29.3,68.0,30.0,0.0,0.0,0.0,21.4,28.2,237.2,208.4,251.6,213.8,64.8,11.0,0.0,911.0,1036.4,0
31.7,65.0,29.0,0.0,0.0,0.0,4.2,36.6,292.6,299.7,181.6,160.5,0.0,0.4,0.0,934.4,975.6,0
27.2,79.0,47.0,32.6,50.1,34.5,64.2,75.9,294.7,249.8,362.8,237.6,121.4,69.5,32.9,1144.8,1626.0,1
29.8,76.0,41.0,17.1,27.6,41.3,16.0,88.2,354.6,356.0,262.0,112.6,39.0,28.9,26.3,1085.1,1369.7,0
28.1,69.0,30.0,0.0,0.0,0.0,1.5,61.5,308.0,322.3,258.8,155.7,91.8,15.8,0.0,1044.7,1215.3,0
29.1,69.0,40.0,0.0,11.1,18.8,21.8,73.3,295.4,202.9,368.5,237.8,95.6,14.3,20.7,1104.6,1360.2,1
31.8,81.0,30.0,19.3,14.2,18.3,13.5,35.6,265.1,404.0,320.5,181.9,84.0,19.7,26.5,1171.6,1402.7,0
29.4,67.0,47.0,14.1,16.1,19.1,21.9,90.7,262.0,341.6,196.4,167.6,104.9,37.2,28.6,967.6,1300.1,0
29.1,84.0,46.0,54.4,37.7,61.3,47.6,125.1,338.4,391.4,223.8,338.9,101.9,81.0,60.2,1292.5,1861.8,1
26.0,69.0,42.0,16.7,22.0,6.6,30.7,82.8,234.7,260.7,282.5,278.1,88.0,32.1,16.9,1055.9,1351.6,0
30.6,78.0,41.0,31.3,34.6,32.6,59.0,91.7,170.7,361.5,233.9,235.2,124.1,44.4,22.4,1001.3,1441.4,0
30.4,72.0,52.0,41.1,32.6,34.2,69.1,95.2,307.9,398.4,348.4,272.1,33.4,54.5,40.0,1326.7,1726.8,1
33.8,78.0,38.0,23.2,42.0,21.9,48.8,99.4,206.6,312.9,301.3,108.6,87.6,40.4,31.6,929.4,1324.3,1
28.3,71.0,29.0,0.0,0.0,0.0,0.6,85.7,184.3,407.3,276.8,141.8,66.6,0.0,6.9,1010.2,1170.0,0
29.5,73.0,42.0,28.5,14.7,40.4,16.8,55.9,265.0,317.6,254.0,183.9,90.1,20.1,28.5,1020.5,1315.5,0
29.5,74.0,55.0,40.9,55.5,45.7,44.5,122.2,285.4,409.0,421.6,220.0,157.0,59.7,58.5,1336.0,1920.0,1
32.5,68.0,30.0,0.0,0.0,6.0,0.0,40.7,154.7,300.0,427.3,150.4,34.3,3.4,0.0,1032.3,1116.7,0
28.8,78.0,35.0,17.0,24.6,36.1,27.7,70.8,272.5,348.5,277.2,88.6,77.9,33.5,18.8,986.9,1293.3,0
29.6,71.0,41.0,6.5,13.4,7.9,31.9,38.1,311.9,208.5,309.3,216.2,40.9,36.9,20.2,1045.9,1241.7,0
30.3,73.0,38.0,9.5,19.4,8.9,20.6,62.1,195.7,330.1,293.5,222.3,125.6,25.2,25.1,1041.5,1337.9,1
29.4,68.0,30.0,0.0,0.0,20.0,11.5,22.5,302.4,238.3,247.3,244.5,56.2,9.2,0.0,1032.5,1151.8,0
28.0,59.0,47.0,1.0,5.6,22.7,15.4,43.9,157.4,242.4,224.9,147.7,62.2,11.5,0.5,772.5,935.4,0
29.4,73.0,57.0,39.8,34.8,53.7,67.1,80.0,408.5,446.6,259.1,192.8,120.7,83.9,55.5,1307.0,1842.5,1
31.4,,40.0,45.5,48.9,59.0,83.1,95.4,271.8,331.6,258.5,113.8,140.3,65.4,43.4,975.7,1556.7,1
26.7,79.0,31.0,22.0,30.2,14.1,19.2,60.3,266.4,248.2,311.9,185.2,97.1,56.5,29.3,1011.7,1340.3,0
29.3,74.0,26.0,0.0,0.0,4.7,18.4,50.3,134.3,266.9,238.3,219.0,134.6,12.6,0.0,858.4,1079.1,0
27.5,72.0,40.0,30.8,12.4,14.0,34.0,36.9,255.8,231.2,139.7,171.7,100.5,26.6,1.9,798.3,1055.5,0
31.6,74.0,47.0,40.6,30.6,17.9,47.2,57.3,288.8,412.2,332.0,312.7,94.6,35.4,34.3,1345.7,1703.5,1
25.6,77.0,42.0,38.0,22.1,22.6,59.4,91.0,269.1,282.1,301.6,202.3,89.8,26.5,45.4,1055.0,1449.7,0
27.8,67.0,38.0,0.0,0.0,6.8,30.1,38.7,213.6,326.4,352.7,191.2,64.8,2.7,7.3,1083.9,1234.3,0
29.8,81.0,33.0,27.5,22.6,17.1,30.0,97.9,214.3,397.8,318.0,145.1,58.9,25.8,30.4,1075.2,1385.4,0
32.4,78.0,29.0,7.2,11.7,13.9,25.4,67.1,314.8,272.6,196.8,205.5,83.6,27.3,10.9,989.7,1236.9,0
28.9,78.0,,32.0,39.0,32.7,59.8,103.5,283.1,363.3,182.1,132.3,131.0,45.1,38.2,960.8,1442.0,0
27.8,77.0,45.0,35.5,36.0,33.4,50.9,117.4,363.9,267.4,267.5,250.4,93.9,51.4,24.8,1149.2,1592.7,1
33.1,74.0,26.0,1.0,0.0,8.9,20.4,42.2,209.4,435.1,232.1,211.0,48.2,23.8,0.0,1087.7,,0
25.8,78.0,51.0,51.2,58.4,56.7,70.6,90.7,268.3,398.4,376.9,293.4,160.1,61.1,51.8,1336.9,1937.5,1
24.2,78.0,43.0,25.8,34.3,39.7,74.8,105.2,322.7,316.2,307.3,171.9,72.1,72.7,46.3,1118.1,1589.1,1
30.0,72.0,49.0,36.3,28.8,46.2,32.0,95.6,186.1,279.0,371.2,222.6,53.7,31.3,36.2,1058.9,1419.1,0
27.9,71.0,27.0,0.0,0.0,0.4,7.1,39.9,166.9,276.8,186.8,199.0,34.8,1.8,0.0,829.4,913.3,0
26.8,75.0,27.0,0.0,5.0,18.9,6.5,80.2,302.8,272.0,328.4,202.3,33.9,5.9,13.1,1105.5,1269.0,1
30.6,83.0,37.0,30.6,47.3,35.4,60.2,83.8,213.5,445.2,349.8,179.1,117.7,59.2,38.6,1187.6,1660.4,1
29.5,67.0,42.0,5.0,4.8,9.5,7.4,62.5,151.8,228.3,164.7,84.2,72.8,0.0,8.8,628.9,799.7,0
27.8,65.0,52.0,26.5,24.2,14.4,44.6,75.8,368.2,323.5,372.1,221.0,89.9,18.1,16.9,1284.8,1595.1,1
26.2,75.0,44.0,19.7,33.7,30.7,40.4,64.3,196.3,321.9,308.4,206.1,131.8,41.7,47.2,1032.8,1442.4,1
30.9,74.0,36.0,27.0,6.5,28.0,22.6,68.0,266.5,299.4,309.1,170.9,69.1,45.0,18.6,1045.9,1330.7,0
30.4,75.0,30.0,0.0,6.0,22.8,5.4,85.7,251.6,291.3,227.6,222.2,97.2,20.5,0.0,992.7,1230.3,0
28.8,75.0,48.0,30.4,26.5,51.8,49.6,99.1,125.6,323.2,384.2,218.2,148.0,34.0,28.8,1051.2,1519.4,0
33.1,73.0,30.0,1.4,0.0,0.0,31.4,54.0,228.7,345.8,204.6,124.0,62.0,0.0,11.4,903.1,,0
26.6,83.0,51.0,62.9,64.1,76.0,77.9,110.0,327.9,389.7,381.5,156.3,151.6,93.3,52.9,1255.3,1944.1,1
25.6,64.0,36.0,0.0,0.0,0.0,16.9,51.0,253.9,309.5,312.0,123.6,58.4,0.0,7.2,999.0,1132.5,0
27.5,69.0,,26.9,32.0,43.4,67.4,97.4,322.1,140.4,245.9,320.1,125.5,31.1,8.3,1028.4,1460.5,1
28.9,73.0,,25.1,24.7,25.1,45.0,89.0,245.5,334.8,411.8,239.3,57.5,54.5,36.2,1231.4,1588.5,1
29.5,64.0,37.0,0.0,0.0,5.2,4.5,39.6,275.4,186.9,279.6,184.7,25.1,18.3,0.0,926.6,1019.2,0
28.5,73.0,34.0,16.7,8.2,0.0,31.2,67.1,212.7,339.4,318.5,182.4,70.8,35.9,9.5,1053.0,1292.6,0
29.8,84.0,35.0,38.3,24.7,50.3,45.1,96.2,199.0,415.1,218.0,205.5,84.4,35.2,33.2,1037.6,1445.0,0
26.2,74.0,41.0,27.4,34.5,12.8,34.3,55.3,194.0,259.8,418.2,257.9,82.5,17.1,38.5,1130.0,1432.4,0
32.2,75.0,39.0,11.3,11.2,19.3,20.8,77.4,183.6,298.3,223.0,181.9,88.5,35.6,27.7,886.8,1178.4,0
28.8,66.0,33.0,0.0,0.0,0.0,19.5,0.2,288.9,247.4,322.8,199.4,81.4,7.4,0.0,1058.6,1167.1,0
31.5,70.0,37.0,2.0,0.0,0.0,19.8,69.1,166.1,373.5,221.7,173.7,69.2,23.8,0.0,935.0,1118.8,0
29.8,72.0,39.0,4.4,20.0,20.3,34.6,80.6,272.5,313.1,251.5,284.7,66.8,45.1,16.8,1121.8,1410.4,1
30.0,72.0,21.0,0.0,0.0,5.1,0.0,50.0,210.4,378.7,300.7,198.4,46.2,0.0,0.0,1088.2,1189.4,0
30.3,82.0,42.0,35.5,38.7,73.5,65.0,86.9,279.2,359.6,374.4,280.9,95.6,65.1,30.6,1294.0,1784.9,1
30.0,77.0,30.0,12.4,17.0,15.2,18.1,68.4,327.2,316.7,208.5,165.9,58.8,9.0,9.8,1018.3,1227.0,0
30.4,67.0,29.0,0.0,0.0,1.6,1.7,66.9,204.3,282.5,321.6,216.0,18.1,8.7,0.0,1024.4,1121.3,0
31.9,75.0,25.0,7.6,0.9,3.1,24.3,77.1,272.4,337.9,329.4,164.7,70.5,3.1,0.0,1104.5,1291.1,0
29.4,77.0,24.0,0.0,0.0,8.4,25.9,50.8,243.5,187.1,217.0,186.4,57.2,1.6,5.2,834.0,983.1,0
30.6,81.0,27.0,12.4,2.4,14.2,30.3,68.4,247.2,310.7,378.3,269.2,109.8,18.3,25.5,1205.5,1486.7,0
28.8,83.0,32.0,30.3,27.9,33.0,22.8,101.2,395.5,314.8,214.5,162.1,62.8,21.7,34.3,1086.9,1420.8,1
32.2,68.0,54.0,26.0,31.0,43.0,86.5,55.6,196.3,369.1,269.4,224.7,92.0,46.1,27.8,1059.6,1467.7,1
27.5,69.0,34.0,3.6,4.8,0.0,37.8,45.3,312.7,280.5,299.6,201.5,117.1,2.5,2.8,1094.3,1308.3,1
33.0,66.0,39.0,0.0,1.6,5.4,27.9,80.9,280.3,231.9,224.7,207.6,50.7,23.6,2.7,944.5,1137.3,0
28.9,73.0,41.0,29.8,22.8,24.6,29.2,92.7,236.8,313.6,308.5,182.9,87.3,40.9,10.5,1041.9,1379.7,0
25.9,77.0,39.0,23.5,13.4,38.7,42.0,85.8,358.0,253.4,312.4,302.3,68.0,58.7,29.6,1226.1,1585.8,1
29.3,80.0,37.0,21.6,44.5,22.7,39.9,51.3,169.8,205.9,290.5,153.1,67.7,45.8,44.3,819.3,1157.1,0
27.5,74.0,28.0,0.0,0.0,3.5,32.2,51.0,213.3,335.6,320.3,247.6,110.7,18.2,0.3,1116.9,1332.7,1
30.8,72.0,50.0,38.7,40.8,58.3,55.4,75.4,210.7,361.9,294.0,271.9,111.5,64.0,22.4,1138.5,1605.0,1
27.6,75.0,52.0,37.7,38.7,61.0,53.0,104.0,310.1,365.4,330.8,312.9,120.7,49.9,45.6,1319.3,1830.0,1
28.0,69.0,25.0,0.0,0.0,1.1,0.0,19.4,164.4,353.8,322.1,94.1,13.2,0.0,0.0,934.4,968.1,0
24.8,87.0,30.0,27.4,21.8,36.4,62.7,63.7,298.0,284.3,350.1,175.1,113.2,46.6,39.1,1107.5,1518.3,1
28.0,64.0,36.0,0.0,0.0,0.0,28.6,3.1,224.1,198.5,310.0,241.5,93.3,0.0,0.0,974.2,1099.2,0
23.7,75.0,30.0,17.4,3.0,19.8,41.1,82.2,221.4,293.6,211.1,103.3,106.5,47.2,4.4,829.5,1151.2,0
25.5,86.0,42.0,44.1,51.8,71.2,77.7,95.6,315.0,322.7,354.0,161.3,140.3,81.1,49.0,1153.1,1763.8,1
30.7,74.0,32.0,10.9,12.8,0.0,21.2,62.3,234.4,248.7,228.2,167.2,51.0,45.2,5.5,878.6,1087.3,0
30.7,73.0,55.0,45.1,36.5,37.2,24.5,98.4,228.5,333.6,244.1,237.0,126.2,59.1,46.5,1043.3,1516.8,1
29.9,72.0,48.0,20.7,26.1,48.7,52.2,62.3,427.7,286.9,299.4,285.3,120.3,50.2,25.4,1299.3,1705.1,1
26.9,73.0,40.0,16.4,23.1,20.6,36.4,46.2,234.6,201.2,239.0,193.1,46.5,25.9,8.3,867.9,1091.2,0
28.9,82.0,46.0,53.3,66.8,47.3,68.7,81.9,170.0,315.5,367.9,204.6,94.0,72.6,59.1,1058.0,1601.6,1
29.0,61.0,47.0,1.1,4.5,0.0,23.2,43.1,201.3,229.4,324.8,201.6,99.8,3.0,2.5,957.2,1134.5,0
26.5,83.0,33.0,35.3,33.5,27.2,29.9,88.1,201.1,334.7,190.4,231.9,122.7,10.3,30.1,958.2,1335.4,0
32.3,65.0,31.0,0.0,0.0,0.0,9.3,21.7,273.0,238.2,209.6,187.5,18.9,0.0,0.0,908.3,958.2,0
30.9,72.0,39.0,19.8,30.9,40.3,40.0,102.3,275.1,374.1,202.7,189.4,107.3,9.9,18.0,1041.3,1409.8,1
28.5,71.0,45.0,17.3,10.0,27.8,49.2,96.5,287.9,412.2,269.2,118.0,98.4,53.7,14.6,1087.3,1454.9,1
29.1,78.0,39.0,17.0,29.4,32.0,57.0,96.8,250.2,361.4,327.0,169.3,120.1,62.4,15.2,1107.9,1537.7,0
29.5,64.0,25.0,0.0,0.0,0.0,0.0,22.2,199.2,171.5,230.5,218.5,28.7,0.0,0.0,819.8,870.8,0
24.5,77.0,32.0,12.4,0.0,27.4,25.9,96.1,235.4,396.1,251.6,204.2,101.9,41.3,17.0,1087.3,1409.3,1
28.5,86.0,37.0,44.0,45.0,56.1,58.7,90.2,280.1,429.1,390.0,210.1,135.7,66.0,36.8,1309.4,1841.9,1
27.5,66.0,37.0,0.0,0.0,13.3,16.7,50.0,286.5,291.7,136.9,230.9,61.8,0.0,0.0,946.1,1087.9,0
26.8,75.0,54.0,45.9,46.7,46.7,67.3,104.4,309.5,420.4,392.7,180.1,121.4,56.3,66.0,1302.7,1857.6,1
28.4,70.0,27.0,0.0,0.0,0.0,18.4,55.4,258.9,248.3,229.8,161.3,45.2,0.0,0.0,898.3,1017.3,0
33.0,77.0,42.0,26.6,56.6,43.5,56.5,96.5,301.3,211.8,299.3,220.0,145.1,52.8,25.8,1032.4,1535.7,1
30.4,74.0,50.0,46.9,37.5,38.3,81.5,82.1,330.2,286.0,281.0,201.7,108.6,36.9,54.8,1099.0,1585.6,1
27.7,70.0,56.0,42.0,45.7,45.5,85.1,82.9,299.4,437.4,403.1,228.1,90.5,52.4,41.2,1368.0,1853.5,1
30.3,77.0,35.0,26.7,14.0,27.2,37.2,84.0,280.9,221.7,219.8,192.8,73.3,23.0,13.6,915.2,,0
32.1,85.0,42.0,44.7,51.8,61.3,20.4,115.7,356.8,341.4,322.1,168.4,124.6,67.1,58.8,1188.7,1732.8,1
31.0,73.0,43.0,29.3,22.9,11.0,56.6,68.9,230.2,318.8,327.4,215.0,115.6,34.2,25.2,1091.4,1455.3,0
29.1,78.0,40.0,40.5,27.1,41.5,40.9,50.7,225.3,291.6,209.0,152.6,69.0,36.0,27.6,878.5,1211.9,0
27.6,66.0,37.0,6.1,13.2,0.3,6.0,46.5,175.4,264.0,217.2,188.1,116.8,8.0,0.1,844.7,1041.6,0
30.5,68.0,41.0,0.0,19.6,21.3,22.4,74.7,262.3,306.5,273.6,254.0,89.9,46.6,4.9,1096.4,1375.9,1
29.9,77.0,18.0,0.0,0.0,0.4,0.2,76.7,128.6,246.9,209.2,158.0,72.3,0.0,0.0,742.6,892.2,0
31.0,83.0,43.0,41.0,28.4,66.9,71.1,74.8,314.2,253.5,271.5,176.1,116.4,46.3,45.9,1015.3,1506.1,1
30.4,76.0,39.0,25.1,21.3,41.7,22.5,67.7,260.2,329.1,275.9,200.5,96.7,43.2,16.1,1065.7,1400.0,1
31.3,72.0,36.0,12.5,31.6,27.5,14.1,54.2,314.4,366.4,319.7,154.6,78.3,20.3,10.1,1155.0,1403.6,1
27.8,74.0,54.0,37.1,45.0,65.2,67.9,125.9,251.8,391.0,298.9,255.6,144.2,41.8,49.6,1197.3,1774.1,1
31.9,66.0,33.0,0.0,0.2,0.0,15.9,42.7,222.2,234.8,325.9,166.7,63.2,30.2,0.0,949.7,1101.9,0
29.4,78.0,35.0,2.2,32.9,25.7,46.1,55.3,325.1,238.3,235.5,280.3,112.6,29.2,30.4,1079.3,1413.7,0
33.6,79.0,54.0,66.3,59.6,70.5,65.4,121.0,375.9,332.7,257.2,292.1,119.0,65.3,54.6,1257.9,,1
27.5,71.0,31.0,0.0,0.0,10.1,4.1,42.7,203.4,384.9,382.5,173.9,75.7,12.7,2.8,1144.7,1292.8,0
32.8,71.0,34.0,1.6,0.0,5.1,15.1,31.7,256.2,334.9,238.0,218.4,56.1,37.0,8.1,1047.6,1202.4,0
29.4,76.0,37.0,15.1,26.1,28.6,40.5,54.7,278.8,354.8,216.6,184.9,123.0,12.4,23.2,1035.1,1358.8,1
27.6,71.0,45.0,30.2,17.5,27.6,58.8,110.7,286.6,369.4,195.0,207.5,75.2,39.3,20.2,1058.4,1437.9,1
27.9,74.0,40.0,0.0,23.0,17.1,14.0,81.3,249.2,338.8,356.0,187.3,85.5,58.6,13.4,1131.3,1424.2,0
28.3,87.0,28.0,25.5,18.6,45.5,43.0,82.8,341.1,327.8,280.8,245.1,92.7,42.1,32.6,1194.8,1577.6,1
29.9,73.0,34.0,4.8,6.5,13.2,9.6,55.6,146.7,340.3,265.9,255.1,71.8,5.8,0.0,1008.0,1175.1,1
30.2,72.0,33.0,0.0,4.9,29.1,1.8,62.4,223.4,263.8,267.4,222.5,94.7,9.2,2.5,977.2,1181.6,0
27.7,70.0,37.0,18.2,9.5,0.0,36.0,65.0,274.0,214.5,338.2,230.9,71.5,21.9,0.0,1057.6,1279.7,0
28.9,78.0,41.0,22.1,23.3,30.6,55.7,90.0,299.3,367.6,293.8,255.7,139.0,60.2,21.5,1216.5,1659.0,1
33.7,73.0,41.0,24.4,30.8,25.5,43.6,75.5,337.6,387.5,429.2,228.0,72.7,29.1,14.2,1382.2,1698.0,1
32.8,70.0,24.0,0.0,0.0,0.0,12.1,53.4,291.9,208.9,263.8,114.7,60.2,5.9,0.0,879.3,1010.9,0
30.0,82.0,47.0,58.9,38.4,59.8,63.0,104.3,278.1,393.1,385.4,310.3,104.4,46.6,57.3,1366.9,1899.6,1
29.1,83.0,40.0,33.1,40.5,48.5,53.2,73.8,354.9,434.2,360.1,304.6,123.9,36.1,37.0,1453.8,1900.0,1
29.3,70.0,49.0,20.1,29.3,21.7,72.2,68.8,231.7,320.9,298.9,200.5,100.6,35.2,34.8,1052.0,1434.7,1
30.3,63.0,42.0,6.8,2.3,0.0,15.0,13.4,294.2,243.9,239.0,166.3,69.1,30.3,8.1,943.4,1088.4,0
26.7,80.0,47.0,47.8,58.3,54.6,73.2,139.9,389.0,346.8,338.7,257.0,149.1,60.2,46.1,1331.4,1960.7,1
28.4,70.0,42.0,1.0,14.5,6.8,33.5,85.7,325.2,275.4,318.0,223.2,72.0,31.9,5.3,1141.8,1392.4,1
25.3,79.0,49.0,41.5,47.8,47.5,43.6,84.2,296.6,303.8,287.6,221.7,135.5,64.1,47.1,1109.7,1621.1,1
29.9,62.0,42.0,0.0,0.0,7.8,0.0,45.2,222.6,316.8,280.4,124.5,51.6,24.1,0.0,944.3,1073.0,0
30.4,79.0,37.0,30.9,33.8,21.4,37.3,66.5,185.1,223.0,370.9,223.0,102.0,31.9,17.3,1002.0,1343.0,0
27.9,67.0,56.0,26.6,36.5,55.1,64.7,117.9,294.1,240.4,427.1,241.8,77.1,55.3,37.9,1203.3,1674.2,1
32.5,78.0,45.0,13.1,36.0,55.6,65.9,63.0,220.1,332.6,361.0,254.1,94.8,41.4,41.6,1167.6,1579.2,1
26.3,74.0,43.0,28.2,11.8,15.3,55.0,81.3,225.4,317.7,407.0,224.7,96.9,62.8,30.6,1174.8,1556.6,1
25.8,68.0,28.0,0.0,0.0,0.0,0.0,36.6,163.3,299.4,222.3,156.6,104.2,0.0,0.0,841.6,982.4,0
29.5,72.0,28.0,0.0,0.0,0.0,32.0,64.1,212.3,400.1,308.3,222.3,70.1,0.0,1.4,1143.0,1310.7,0
31.3,78.0,40.0,4.7,25.7,26.6,35.8,80.3,270.9,328.7,380.0,215.4,143.8,49.0,29.0,1194.9,1589.8,1
32.7,75.0,39.0,25.5,24.9,33.7,41.6,38.8,279.0,349.9,242.0,183.1,99.5,35.0,23.6,1054.0,1376.5,1
28.0,78.0,33.0,15.8,8.2,17.7,34.7,64.8,226.8,251.3,261.6,191.7,80.1,33.7,14.6,931.3,1201.0,0
31.4,86.0,39.0,41.4,34.3,54.8,61.1,78.8,347.0,384.3,419.0,149.6,156.7,60.9,41.5,1299.9,1829.4,1
28.9,65.0,51.0,29.7,4.6,10.4,54.7,75.2,252.1,282.0,237.0,195.4,104.5,20.5,32.3,966.6,1298.5,0
28.6,84.0,44.0,52.9,56.6,62.8,59.3,131.5,249.5,347.1,245.0,263.8,106.7,82.2,34.4,1105.4,1691.8,1
30.9,75.0,,13.9,0.0,2.4,4.8,21.2,258.4,289.5,364.6,201.3,87.8,26.7,11.0,1113.8,1281.7,0
30.4,69.0,37.0,0.0,28.6,9.3,22.4,41.2,355.2,359.2,346.6,255.6,69.9,33.5,0.2,1316.6,1521.8,1
25.5,66.0,32.0,0.0,0.0,0.0,1.8,30.5,250.0,203.0,286.7,159.8,11.9,0.0,0.0,899.5,943.7,0
32.2,73.0,35.0,0.0,3.0,1.7,67.9,54.8,232.4,165.4,279.7,214.3,105.8,27.4,12.5,891.9,1165.0,1
32.0,80.0,35.0,21.0,21.3,18.3,50.9,92.6,183.8,305.0,272.4,243.5,125.2,40.2,13.9,1004.6,1387.9,1
27.6,73.0,34.0,3.6,10.5,22.3,20.7,57.1,238.5,328.7,297.0,296.0,126.5,34.1,2.1,1160.2,1437.2,0
29.9,83.0,28.0,21.8,16.0,27.8,24.1,80.1,274.7,320.9,383.4,208.3,102.4,45.7,13.0,1187.4,1518.4,1
30.1,65.0,37.0,0.0,1.3,10.9,0.0,35.9,217.1,362.3,282.2,131.4,62.2,10.7,0.0,993.1,1114.0,0
29.6,74.0,34.0,12.8,3.0,18.0,15.5,67.4,161.2,329.0,408.5,231.0,103.7,4.6,4.4,1129.7,1359.0,1
27.8,66.0,15.0,0.0,0.0,0.0,0.0,26.6,154.2,217.2,178.9,225.0,52.2,0.0,0.0,775.3,854.1,0
27.5,76.0,54.0,65.4,36.8,37.9,85.3,88.6,373.2,203.7,322.1,218.7,164.2,69.9,65.6,1117.6,1731.3,1
28.9,79.0,47.0,39.7,27.4,46.5,75.7,112.8,366.1,323.0,295.6,265.0,116.1,49.9,29.0,1249.6,1746.7,1
31.6,71.0,35.0,0.0,1.9,9.7,25.7,59.0,199.2,359.7,215.1,243.3,73.9,22.9,10.4,1017.3,1220.7,0
30.2,58.0,38.0,0.0,0.0,6.3,0.0,55.7,261.8,251.3,245.9,210.6,36.9,0.0,0.0,969.6,1068.5,1
28.2,75.0,29.0,0.0,0.0,14.9,24.2,52.0,181.2,297.7,300.2,191.7,89.4,28.7,8.3,970.7,1188.2,0
30.7,77.0,52.0,58.7,59.7,69.2,60.6,109.4,369.0,367.1,352.2,200.4,83.1,44.1,44.5,1288.7,1818.0,1
22.7,76.0,53.0,44.1,59.2,59.4,87.0,100.6,304.9,280.5,447.3,227.7,140.8,58.7,47.4,1260.4,1857.7,1
31.5,81.0,39.0,27.7,32.5,32.1,49.9,85.3,329.4,364.6,334.1,237.8,121.9,50.1,29.2,1266.0,1694.7,1
25.2,68.0,46.0,12.4,4.8,24.4,35.2,76.4,166.9,409.4,357.9,242.1,105.8,43.7,15.8,1176.3,1494.8,1
28.2,78.0,39.0,31.3,24.1,35.0,19.0,91.3,307.9,310.2,304.4,225.6,104.1,41.9,18.9,1148.2,1513.7,1
26.5,81.0,27.0,9.3,8.8,8.2,28.3,40.6,255.2,237.9,382.9,178.5,123.9,33.2,12.7,1054.5,1319.5,0
26.2,63.0,35.0,0.0,0.0,0.0,15.4,69.1,277.3,276.4,399.5,195.4,82.2,0.1,0.0,1148.6,1315.3,0
31.6,76.0,39.0,34.5,18.6,26.1,28.4,39.0,316.5,182.7,327.0,244.9,81.0,35.8,22.6,1071.2,1357.3,1
28.0,71.0,34.0,0.0,0.0,24.3,12.2,42.5,249.8,316.4,218.6,203.3,61.5,17.2,0.0,988.1,1145.8,0
29.8,74.0,36.0,11.7,11.3,0.0,40.9,64.5,223.4,333.5,254.6,158.8,64.4,24.1,16.1,970.2,1203.2,0
28.9,76.0,37.0,22.8,15.5,36.7,19.9,80.8,305.5,413.1,309.0,194.4,106.4,12.4,15.2,1222.0,1531.6,1
30.0,71.0,37.0,0.0,11.3,4.2,39.3,93.1,248.3,290.0,308.1,234.3,56.6,12.4,11.9,1080.6,1309.4,1
29.2,70.0,38.0,10.0,12.1,0.0,19.8,24.0,203.2,325.7,321.7,129.0,108.3,24.1,17.9,979.6,1195.8,0
26.2,74.0,30.0,0.0,0.0,19.4,15.9,45.4,195.0,243.9,302.3,91.4,108.7,12.6,16.3,832.6,1051.0,0
31.2,67.0,32.0,0.0,2.0,3.1,0.0,1.3,152.6,262.4,264.2,241.7,41.8,1.9,0.0,920.8,970.9,0
27.9,67.0,28.0,0.0,0.0,1.1,6.1,37.2,198.5,185.1,219.7,189.6,52.0,0.0,0.0,792.9,889.4,0
25.6,78.0,46.0,43.7,28.3,53.2,87.7,98.6,343.8,321.5,336.5,250.5,113.6,42.8,38.8,1252.3,1759.1,1
28.1,67.0,21.0,0.0,0.0,0.0,0.0,55.8,223.8,245.7,351.6,105.5,66.1,0.0,0.0,926.6,1048.5,0
32.3,78.0,47.0,46.9,36.5,52.6,49.6,97.4,255.9,353.0,374.2,258.2,155.2,51.3,29.8,1241.2,1760.5,1
30.9,77.0,49.0,43.4,47.0,46.8,75.0,117.3,330.7,299.0,347.4,238.8,74.3,56.5,36.5,1215.9,1712.6,1
28.2,64.0,36.0,0.0,0.0,0.0,5.6,56.1,188.6,289.4,324.1,103.1,56.4,9.1,0.0,905.2,1032.5,0
28.2,70.0,17.0,0.0,0.0,0.0,4.9,14.7,218.6,243.4,221.9,217.5,36.7,0.0,0.0,901.4,957.8,0
28.3,81.0,35.0,36.8,33.4,24.2,54.7,51.8,260.1,300.1,270.5,217.1,65.0,27.6,31.0,1047.9,1372.4,1
33.6,68.0,37.0,0.0,0.0,0.5,0.0,60.5,287.9,299.8,231.6,167.2,62.9,0.0,6.5,986.5,1116.9,0
29.8,71.0,30.0,0.0,0.0,0.0,2.0,19.2,152.3,291.4,261.7,162.0,79.7,40.2,0.0,867.4,1008.4,0
29.9,77.0,34.0,19.7,30.8,0.4,45.7,95.3,212.6,355.1,264.9,108.7,82.4,15.8,18.9,941.3,1250.5,1
31.3,79.0,50.0,41.2,44.7,56.0,69.4,99.4,202.5,335.4,392.7,259.3,84.0,56.4,51.0,1189.8,1691.9,1
29.5,72.0,43.0,12.0,15.9,7.7,27.3,98.5,250.3,293.6,267.0,216.4,166.5,40.8,27.9,1027.3,1424.0,1
28.4,70.0,31.0,0.0,0.0,1.1,6.0,39.0,305.2,277.8,222.0,169.9,75.3,12.9,0.0,974.9,1109.2,0
28.6,83.0,25.0,7.5,11.6,27.1,8.5,71.8,228.6,263.5,399.1,253.9,89.2,32.7,26.8,1145.1,1420.2,0
28.8,84.0,35.0,30.9,32.8,33.8,50.5,90.8,248.5,305.0,280.4,154.3,79.2,41.3,17.0,988.3,1364.5,0
28.9,80.0,36.0,26.5,33.3,48.4,71.1,78.7,317.5,441.5,308.5,182.7,106.1,42.5,19.0,1250.3,1675.9,1
30.6,75.0,42.0,32.0,16.2,16.8,54.1,70.7,328.2,264.6,325.6,171.1,95.3,40.1,25.6,1089.5,1440.4,1
29.1,69.0,34.0,1.0,0.0,15.7,43.1,59.6,236.9,275.1,205.9,169.3,24.6,8.1,5.2,887.1,1044.4,0
30.6,69.0,42.0,9.7,17.8,25.0,41.8,47.7,293.9,283.0,357.9,199.2,59.4,29.1,0.0,1133.9,1364.4,1
28.8,77.0,53.0,47.0,59.7,38.4,80.9,79.4,234.4,328.8,360.6,253.0,143.5,76.3,51.4,1176.6,1753.2,1
29.2,77.0,45.0,38.3,24.6,68.3,77.9,114.1,355.0,309.3,399.6,203.6,157.8,48.9,43.5,1267.5,1840.9,1
24.6,82.0,38.0,42.8,44.3,39.0,57.1,102.1,395.8,344.4,268.2,178.1,116.8,47.4,43.6,1186.5,1679.5,1
31.0,78.0,37.0,23.0,25.3,20.2,39.8,78.3,295.7,214.4,302.7,282.9,124.6,49.8,19.4,1095.7,1476.1,1
29.8,65.0,35.0,0.0,1.5,0.0,22.2,78.1,120.2,347.0,267.1,283.3,60.9,16.3,0.0,1017.6,1196.7,0
31.2,80.0,47.0,36.5,46.8,49.2,81.8,94.0,258.7,377.4,334.7,235.8,117.2,78.4,42.5,1206.6,1753.1,1
22.6,68.0,33.0,0.0,0.0,0.0,7.0,74.3,271.5,213.2,183.4,143.7,95.1,0.0,0.0,811.9,988.3,0
33.6,72.0,38.0,15.9,12.4,18.6,21.9,69.1,232.4,169.5,292.0,262.0,127.2,36.5,5.3,955.9,,0
28.7,76.0,38.0,24.0,30.9,23.4,41.1,53.9,334.4,255.8,211.7,139.3,126.9,41.6,15.3,941.1,1298.2,1
31.4,86.0,,38.8,30.1,47.5,64.2,126.2,311.5,314.6,330.0,204.1,82.5,38.6,40.7,1160.3,1628.8,1
26.7,93.0,27.0,36.0,36.9,40.1,66.6,111.8,243.1,486.8,188.5,190.7,110.3,55.0,41.1,1109.2,1607.0,1
30.3,78.0,41.0,40.5,30.8,16.9,32.1,81.8,276.0,356.8,196.8,162.0,111.1,56.8,36.1,991.6,1397.7,0
26.7,73.0,38.0,8.9,0.0,18.3,55.7,82.3,208.6,199.3,335.3,185.2,81.3,17.9,17.5,928.5,1210.4,0
27.6,77.0,42.0,36.4,45.2,12.1,41.1,75.7,263.8,282.4,272.1,174.9,113.5,49.1,37.4,993.2,1403.8,1
33.2,79.0,34.0,18.5,14.6,29.3,35.6,90.4,233.3,310.6,236.5,204.4,114.3,44.3,28.8,984.8,1360.6,0
28.6,72.0,48.0,23.7,35.6,25.8,37.8,35.8,338.2,338.8,377.3,214.8,128.7,30.7,17.7,1269.2,1605.0,1
29.5,85.0,31.0,31.3,28.9,35.2,79.0,61.2,388.0,242.7,320.6,183.6,143.7,39.9,22.8,1134.9,1577.0,1
30.9,75.0,52.0,45.7,55.5,62.5,65.3,117.0,208.7,329.3,368.0,210.7,109.2,61.0,43.5,1116.7,1676.4,1
30.1,77.0,24.0,0.0,2.6,0.0,6.2,46.4,135.6,248.3,261.8,171.0,37.3,1.8,0.0,816.7,911.1,0
29.3,78.0,41.0,29.9,30.3,46.8,59.6,88.4,260.7,258.0,459.6,250.6,113.2,33.7,26.8,1229.0,1657.5,1
29.8,77.0,42.0,28.5,24.7,31.5,58.0,56.9,190.3,339.4,268.7,207.1,150.9,42.2,39.1,1005.5,1437.2,0
34.3,79.0,32.0,34.3,24.6,39.7,32.9,107.2,262.7,356.6,391.4,237.3,78.3,39.8,34.0,1248.1,1638.9,1
28.9,70.0,41.0,21.1,0.0,14.9,41.7,90.4,297.8,357.1,283.0,223.0,103.8,34.3,16.1,1160.9,1483.2,1
29.4,71.0,48.0,32.2,34.6,25.0,36.5,77.4,353.6,355.9,205.4,237.1,118.8,31.1,30.1,1152.0,1537.6,0
31.3,67.0,20.0,0.0,0.0,0.0,0.0,14.1,223.3,232.4,270.2,214.7,47.0,0.0,0.0,940.5,1001.6,0
31.4,77.0,42.0,36.9,41.8,31.4,24.7,104.4,263.2,366.7,322.1,163.4,104.0,33.8,16.9,1115.3,1509.1,1
31.6,79.0,18.0,0.0,0.0,0.0,0.0,84.6,126.2,303.5,204.0,153.7,41.9,0.0,0.0,787.5,914.0,0
30.4,77.0,30.0,7.4,15.4,9.4,48.9,81.3,253.6,310.2,228.7,271.5,25.2,17.8,18.0,1064.1,1287.5,0
26.5,84.0,51.0,58.0,64.1,67.0,100.1,158.8,309.3,318.7,334.0,233.8,107.6,88.9,58.3,1195.8,1898.5,1
32.6,74.0,33.0,5.4,0.0,26.4,26.8,42.6,286.1,271.2,301.3,64.3,71.2,28.9,0.0,922.9,1124.2,0
26.5,78.0,29.0,0.0,3.7,0.0,47.6,46.2,213.6,307.0,139.3,183.5,110.0,22.6,9.1,843.4,1082.6,0
29.7,67.0,36.0,0.0,4.4,3.2,14.1,27.2,217.1,437.4,332.1,187.1,68.4,6.0,0.0,1173.6,1296.9,1
27.3,72.0,55.0,37.3,45.5,54.4,58.3,105.0,204.9,354.3,287.5,108.4,103.2,51.5,36.9,955.1,1447.4,0
28.9,78.0,23.0,9.5,9.2,5.7,17.5,55.3,115.8,255.1,194.6,241.8,49.5,13.1,16.6,807.3,983.8,0
29.7,79.0,30.0,11.8,17.8,31.7,30.1,63.6,195.6,256.7,341.2,164.5,103.0,13.8,10.8,958.0,1240.5,0
29.7,72.0,50.0,22.7,27.5,38.5,49.6,103.4,190.8,297.7,305.8,232.0,141.2,43.0,26.0,1026.3,1478.1,0
29.9,74.0,53.0,41.6,38.6,47.2,75.7,121.6,305.5,467.6,387.5,216.8,143.6,54.4,44.3,1377.5,1944.5,1
32.6,65.0,37.0,0.0,0.0,6.3,15.2,17.9,209.9,264.4,293.8,120.4,83.6,0.0,3.7,888.6,1015.2,0
30.0,72.0,28.0,0.0,0.0,0.6,21.1,35.7,208.0,342.0,267.5,129.4,30.7,0.0,0.0,946.9,1035.1,0
28.5,79.0,55.0,58.9,73.0,59.7,89.0,128.0,247.5,329.0,322.7,199.5,122.8,76.5,63.5,1098.8,,1
31.1,77.0,51.0,52.7,51.5,57.2,69.7,90.6,112.2,355.7,348.0,278.9,168.7,60.1,41.0,1094.7,1686.2,0
31.6,77.0,43.0,24.3,43.4,31.1,39.0,69.6,358.6,373.1,281.6,209.0,133.6,41.9,45.5,1222.2,1650.6,1
26.3,74.0,32.0,4.5,0.0,5.1,8.0,79.6,194.2,264.9,229.8,165.7,40.8,8.3,11.7,854.5,1012.4,0
30.3,74.0,38.0,4.1,28.0,16.7,36.8,44.2,237.3,271.5,325.4,157.9,88.6,48.9,26.4,992.2,1285.8,0
30.5,70.0,37.0,10.0,25.3,24.9,22.3,53.4,169.4,398.9,271.0,243.2,88.5,9.3,10.3,1082.6,1326.6,1
28.3,78.0,41.0,33.4,21.6,4.0,50.2,90.8,327.7,383.3,306.1,280.1,85.1,47.2,38.8,1297.2,1668.3,1
32.0,,50.0,47.2,52.4,54.2,63.0,86.7,296.1,385.6,381.4,281.5,60.5,52.3,39.2,1344.6,1800.1,1
28.7,77.0,45.0,34.2,37.2,41.5,85.2,104.9,233.7,376.4,302.6,241.4,111.7,49.6,33.3,1154.1,1651.7,1
29.3,71.0,29.0,0.0,0.0,0.0,0.0,35.8,215.6,314.8,268.1,190.2,47.5,12.7,6.0,988.7,1090.7,1
28.6,61.0,49.0,19.0,13.1,16.3,2.3,89.4,343.5,422.3,246.4,136.5,61.6,4.8,21.7,1148.7,1376.9,1
29.0,81.0,41.0,33.5,45.5,47.6,59.8,88.3,276.8,333.4,335.8,209.7,101.9,50.7,29.6,1155.7,1612.6,1
26.6,71.0,43.0,18.5,15.6,30.3,32.9,85.8,252.4,347.0,312.7,171.6,89.1,46.7,22.4,1083.8,1425.0,1
25.8,69.0,50.0,16.9,37.9,6.1,49.4,95.5,218.8,233.5,352.8,128.5,100.4,61.7,25.2,933.7,1326.8,0
32.5,,29.0,0.7,0.0,28.3,34.6,50.0,148.4,253.1,249.0,240.2,60.5,21.0,5.0,890.7,1090.8,0
27.1,72.0,38.0,11.4,1.6,10.2,46.0,24.5,246.8,233.6,259.0,164.3,80.1,26.1,15.9,903.7,1119.5,0
26.8,80.0,34.0,29.8,25.1,34.9,22.9,83.2,283.9,392.4,341.9,259.8,52.1,62.5,33.1,1278.1,1621.8,1
24.3,78.0,25.0,0.0,3.6,14.8,13.7,56.8,305.9,142.2,290.0,225.1,83.2,29.0,7.0,963.2,1171.4,0
27.6,78.0,41.0,27.3,26.5,27.4,54.3,95.3,150.5,300.1,251.6,239.3,32.8,36.8,29.6,941.5,1271.6,0
26.1,66.0,58.0,30.1,42.9,47.0,62.6,83.9,216.5,148.8,384.2,246.0,101.2,41.0,40.5,995.5,1444.7,1
32.6,81.0,23.0,0.0,10.6,6.5,49.7,49.8,216.5,248.5,179.9,160.7,101.4,29.9,3.5,805.6,1057.1,0
31.2,76.0,38.0,21.8,29.3,5.7,50.9,114.6,264.2,284.9,339.9,288.0,67.9,22.3,25.7,1177.0,1515.1,1
27.5,72.0,43.0,7.6,21.6,38.3,38.9,45.2,256.6,397.7,221.2,206.5,112.5,47.7,33.8,1082.1,1427.6,0
34.0,75.0,39.0,29.2,26.8,18.2,28.3,88.7,257.3,337.8,403.4,217.6,122.9,38.0,5.4,1216.1,1573.7,1
31.2,63.0,,0.0,0.0,0.0,2.2,32.5,256.4,234.0,174.4,144.8,0.0,10.2,0.0,809.7,854.6,0
28.3,76.0,28.0,7.2,20.8,4.4,14.3,49.7,196.7,360.4,343.2,144.5,72.6,13.3,0.0,1044.8,1227.1,0
23.5,68.0,40.0,0.0,1.9,15.1,33.3,54.1,301.8,301.5,275.7,211.9,8.5,12.8,18.2,1090.8,1234.7,0
34.0,66.0,32.0,0.0,6.4,0.0,9.7,25.5,255.4,283.9,240.3,181.4,58.6,19.1,0.0,961.0,1080.5,0
25.9,65.0,20.0,0.0,0.0,0.0,0.0,29.2,190.2,185.6,248.6,112.3,37.6,0.0,0.0,736.7,803.5,0
25.4,81.0,48.0,51.5,40.4,42.0,63.2,131.2,381.4,284.0,360.1,168.7,61.3,58.5,57.0,1194.2,1699.2,1
31.2,70.0,46.0,12.6,34.5,20.2,51.1,85.0,351.2,266.1,243.1,148.5,143.7,34.6,26.5,1008.9,1417.3,0
34.4,83.0,38.0,36.8,38.8,40.6,59.0,91.9,331.1,332.6,262.5,273.6,117.0,52.1,29.8,1199.8,1665.8,1
32.0,71.0,40.0,2.5,21.8,38.0,38.8,47.3,91.0,311.7,324.7,169.4,65.8,14.6,5.0,896.7,1130.5,0
30.2,64.0,47.0,7.2,22.0,15.1,33.8,74.5,341.0,396.8,185.2,178.9,120.8,17.4,10.7,1102.0,1403.5,0
30.3,67.0,40.0,11.4,8.9,21.1,42.7,101.3,291.9,321.3,244.3,253.5,33.3,10.8,0.0,1111.0,1340.5,1
30.9,81.0,45.0,49.4,41.3,50.4,65.8,90.4,398.4,175.5,494.4,177.5,87.3,68.1,37.5,1245.8,1735.9,1
30.7,73.0,36.0,9.3,20.0,11.4,24.6,56.7,322.3,320.0,228.1,161.5,26.7,13.6,13.1,1031.8,1207.1,0
29.6,71.0,48.0,18.6,29.4,30.9,35.4,70.2,358.2,234.4,368.0,176.8,146.4,20.3,21.7,1137.4,1510.3,1
29.2,75.0,41.0,27.8,31.1,27.9,45.6,67.8,315.9,259.6,263.6,280.4,105.9,14.0,29.0,1119.6,1468.7,0
28.9,77.0,40.0,25.4,11.0,38.2,15.9,25.3,344.4,271.5,329.7,299.9,116.7,22.6,40.1,1245.5,1540.6,1
27.3,81.0,28.0,0.0,19.0,33.1,30.2,75.5,367.1,267.6,325.4,231.2,94.9,43.7,14.2,1191.2,1501.9,0
28.4,83.0,40.0,44.7,36.3,49.0,55.9,76.5,295.3,250.9,378.9,258.7,127.7,53.6,42.4,1183.7,1669.9,1
25.3,72.0,31.0,0.0,14.2,16.9,1.6,20.8,156.5,305.2,261.4,156.9,75.0,19.0,17.1,880.0,1044.6,0
28.8,66.0,33.0,0.0,0.0,0.0,0.0,58.5,216.5,198.8,378.8,261.0,70.2,9.8,0.0,1055.0,1193.5,1
26.8,72.0,31.0,0.0,2.9,0.9,27.7,31.4,264.4,314.4,238.8,195.0,75.7,13.7,10.5,1012.7,1175.5,1
26.6,76.0,29.0,0.0,10.1,3.0,26.0,51.4,252.3,432.4,291.8,226.6,63.0,17.3,14.8,1203.1,1388.6,1
29.4,68.0,55.0,34.6,27.4,42.5,53.6,116.7,208.8,247.6,321.6,212.7,106.2,59.9,42.2,990.8,1474.1,0
32.1,68.0,49.0,23.9,37.6,25.0,45.3,48.4,176.9,299.5,231.5,194.5,103.4,38.4,34.9,902.5,1259.4,0
31.0,76.0,53.0,32.9,65.3,60.7,67.5,70.7,250.6,190.0,304.8,306.2,124.2,78.2,51.6,1051.7,1602.8,1
25.5,74.0,28.0,0.0,3.1,0.0,31.9,57.4,286.4,273.9,281.4,206.3,35.1,19.4,0.0,1048.0,1195.0,1
26.8,74.0,39.0,38.8,32.5,24.2,38.3,94.8,348.7,350.4,266.7,267.1,58.2,24.4,28.6,1232.9,1572.7,1
31.1,69.0,28.0,0.0,0.0,0.0,0.0,9.5,281.4,324.2,402.6,182.5,88.1,0.0,0.0,1190.7,1288.3,1
26.8,73.0,32.0,7.8,0.0,0.0,41.6,65.2,305.2,301.6,228.4,148.8,69.3,8.3,13.8,984.0,1190.0,0
28.5,68.0,31.0,0.0,0.0,17.4,13.6,55.8,229.8,337.6,332.6,147.9,78.8,18.8,0.0,1047.9,1232.4,1
30.2,79.0,48.0,27.3,50.5,48.2,56.9,57.8,193.2,491.8,368.7,233.6,91.7,54.1,41.3,1287.3,1715.0,1
26.9,,35.0,21.4,22.6,9.5,27.8,93.8,242.8,420.5,297.0,179.6,61.0,28.2,27.3,1139.9,1431.6,1
29.2,63.0,47.0,4.9,14.3,15.6,31.8,79.5,237.8,270.6,231.8,142.2,60.9,25.8,17.5,882.4,1132.7,0
26.1,68.0,43.0,7.6,16.3,18.1,29.4,59.6,228.5,218.7,241.2,249.9,80.2,24.6,22.0,938.3,1196.1,1
27.7,65.0,56.0,26.7,22.6,33.8,66.5,107.6,275.6,298.2,272.6,188.1,86.0,46.1,27.2,1034.5,1451.0,0
29.7,70.0,26.0,0.0,0.0,1.5,0.4,62.3,253.9,222.8,156.0,175.8,91.9,22.3,0.0,808.5,987.0,0
25.5,73.0,48.0,29.6,40.7,45.3,40.8,87.9,322.7,352.9,247.6,229.1,110.3,56.8,23.3,1152.3,1586.9,1
30.0,65.0,47.0,1.3,15.8,21.4,42.1,57.4,241.1,235.5,200.4,169.9,132.6,26.7,22.3,847.0,1166.6,0
29.0,68.0,30.0,0.0,0.0,0.0,18.5,22.9,127.7,278.0,340.5,237.7,72.5,0.0,0.0,983.9,1097.8,0
30.2,68.0,46.0,0.6,9.5,22.2,38.2,70.4,234.6,361.5,327.1,150.9,30.9,25.2,25.5,1074.1,1296.6,1
29.5,75.0,41.0,6.2,29.3,47.4,50.7,89.0,270.0,311.6,343.2,219.4,124.0,46.1,16.4,1144.1,1553.3,1
32.0,74.0,36.0,17.3,5.0,3.6,30.9,59.9,323.7,249.6,320.6,207.5,48.7,12.3,22.7,1101.3,1301.8,1
