CLOUD_COVER,ANNUAL_RAINFALL,JAN_FEB_RAINFALL,MAR_MAY_RAINFALL,JUN_SEP_RAINFALL,FLOOD
64.93428306022466,736.7545150201919,37.5256145280403,222.31415936336396,397.6640804619465,1
52.23471397657631,442.47848999011075,59.478766156266204,72.40835784350581,283.5862739968637,1
67.95377076201385,994.4586668640871,8.899219811187123,202.97489439785406,688.113320828949,1
85.46059712816052,824.8319205459334,78.29883116556454,102.24280931863984,598.7586261009745,1
50.31693250553328,912.4472827503969,106.83348424562834,151.5466150942074,587.4539395784,1
50.317260861016386,765.7442210094918,127.74884870281298,212.55644088303424,317.1766164284153,0
86.58425631014782,710.8590540718286,13.341972641092424,86.57956700480838,570.6014242735656,0
70.34869458305818,1485.3153147551877,34.52719818346037,209.39752116900715,1210.3044158576536,1
45.610512281300956,458.1070701820197,119.32918665810973,28.830727832301804,255.85895458062225,0
65.8512008717193,865.1931587269156,57.150085992794395,304.36977270436637,299.6839013273797,1
45.73164614375075,756.304693944229,105.15733553421768,231.76784430963252,309.56638123237457,0
45.68540492859486,695.277395193741,20.964432316563073,118.77638912228333,510.5518663225715,0
59.839245431320684,714.9209509393921,164.5068073674696,257.2701214738586,243.99892973422487,1
16.73439510684404,1072.949487898166,19.34678088422047,241.19484760828456,632.384340491368,1
20.501643349739346,368.53439668434805,76.61842288456234,126.12132930910572,142.0614071146715,0
43.754249415180546,1137.3310278208805,78.09010243085605,125.22187143118435,732.8369769365266,1
34.74337759331152,729.4097283157781,44.36506658548861,64.36674357729353,581.6340223611517,1
61.28494665190548,1616.4470547023395,94.4152752407202,130.65133920079276,1195.6511689345584,1
36.83951848957578,546.2233619041053,96.32390468903512,38.260549999511234,263.3196494968228,0
26.75392597329417,1150.2266233958044,89.05348843432915,201.42068844320872,824.8107668667316,1
84.31297537843108,833.2247385110979,43.68652006392398,204.11298605586052,452.3560010341268,1
50.48447399026929,487.5682109992082,36.84209399685775,29.24314031995684,402.96516973318745,1
56.35056409375848,758.6336464882273,47.686231496587695,286.9736272171915,255.4335632769801,1
26.505036275730866,512.9477609858775,32.57707025353423,81.20104135213039,364.9677649058328,0
44.11234550949635,1259.3676999925508,142.92925249056393,572.9874481473335,374.63537742311274,1
57.21845179419732,407.10501870554776,51.12733364627219,146.51784207159062,184.1986961062537,0
31.980128451553945,978.238699507234,75.00609022493937,288.6631891618904,578.3017654694859,1
62.51396036691344,954.4701005195705,118.99631767299,62.78947660024923,537.7035726607061,1
42.9872262016239,907.5543524201559,31.165573442100808,102.08766106623311,656.0665890128629,1
49.166125004134464,481.83751830683775,18.520194370417286,86.26675649005024,337.56383658817737,1
42.96586775541206,919.6281083723887,32.67847894033736,37.65840339306424,747.7420963783181,1
92.04556369017875,1179.7706191204602,81.16522606959762,47.085750357361,951.6361898566471,1
54.730055505241324,682.8839879933021,77.17162643914547,115.6987867022217,420.56880541212354,1
33.84578142088199,616.3235348882617,88.93133738812037,161.54520329436417,266.65642205517617,0
71.45089824206377,796.6099842172025,61.47711925996079,57.71481235406941,496.0120645310722,1
30.583127000579555,730.009469508474,3.385090549100825,97.78364069206376,483.3400062620592,1
59.17727190009511,689.7607040560118,59.97015404121919,74.66939031320628,433.1151687224339,1
15.806597522404488,946.3302172142766,129.97864311471562,120.9481214161113,656.8868389969498,1
28.43627902203139,761.7952949588943,153.04130115517881,191.97786133231955,391.80893042219515,1
58.93722471738247,539.04873861474,71.35052690950272,135.22356655795195,253.68476877227053,0
69.76933159990821,830.0926162671499,77.3839348620789,83.6291071545011,521.3352062405742,1
58.42736562379941,1025.0801140116482,103.7885421503137,236.3538327364898,673.9649583797494,1
52.68703435223519,1069.0582330049178,150.16178150964868,158.21498158838003,703.785660874606,1
48.977926088214225,697.9965799262557,66.69393406149739,137.83751952858165,377.1619728960725,0
25.42956019265145,922.0113133449865,102.78154661660331,58.28275874962061,562.3605791627534,1
40.60311583210583,1307.2613817661609,42.08679361787584,221.29434862792496,965.4878210588502,1
45.78722458080425,1204.6785207315997,21.410435609354806,168.41872775768255,961.1323631012945,1
76.1424445243783,1141.4886715124135,45.89328954939394,173.98365979091966,837.5185114056561,1
61.872365791369226,580.2310122995267,173.31693584583903,108.2254052945559,176.46232007565976,0
19.73919689274532,610.036109461704,104.235619848879,95.32295192129808,393.8759937042539,1
61.4816793878959,1337.6449016792606,23.455190912167158,349.1239395150778,928.124674441795,1
47.29835439167367,418.70946522192264,107.62994435103784,94.3148026589517,175.76932476479013,0
41.461559993880826,599.2714246417393,25.221437694299023,49.51977903311036,461.80177682817293,0
67.23352577681736,738.8491140399025,88.05469308033976,142.3717209383132,334.29477980628064,1
75.61999044991902,758.5610602745403,30.091919812389737,125.4177950264309,568.955801079392,1
73.62560238232398,422.2507290625713,22.177436404226555,242.87454151003837,109.52986359214574,0
38.21564953554723,1212.0455167331304,192.55883068200694,113.89521510027805,881.4671265421035,1
48.81575248297571,776.8584739418212,51.096025831710975,188.17294073386844,474.4028368049673,0
61.62526862807128,713.0042690138064,102.91810834459646,298.8335426530799,243.24679290325784,1
74.51090254244718,610.241624394465,68.80212747369438,162.23111683307394,306.93476527958984,0
45.4165152430942,1012.1400796945169,27.150560518622044,60.565769447563184,579.7309213321658,1
51.286820466723654,660.2536596904062,55.54488126398429,165.1546956032119,292.6869280235112,1
32.873300519879436,1317.663353410578,27.37355427444411,98.95889673237225,1110.3281628084435,1
31.075867518386584,998.2315924499644,284.97831702733595,148.6957646253035,443.77037715395255,1
71.25051644788397,1298.2529397107007,115.94578292460021,126.04406738852852,1004.6950601988088,1
82.12480057141646,939.4212006568825,67.83354294607977,48.675558073698404,521.8306850153108,1
53.55979756839332,1052.1484094115194,99.09890656421211,113.46402046204211,688.0424850978868,1
75.07065795784048,972.2622420223527,110.85253553813271,57.96630468555208,666.097127009337,1
62.23272050095268,762.5817283705379,111.05591913420213,89.36225131832758,359.128606744291,1
42.09760490789751,1274.6675790219917,107.79921617095334,220.84943973728994,692.6363805671009,1
62.227912110168276,647.2104409787846,102.13560023077548,132.61660115776405,377.55023077883476,1
85.76073132931938,604.9671798133027,72.06604518523227,181.17542495548827,164.81223289986374,1
54.283479217800966,858.8532628573208,182.91580495152883,139.70008203486958,421.7829257166905,1
86.29287311628012,503.87731248642666,75.54196094481499,103.82457549293281,221.6206508253096,0
2.605097918205111,820.8492688192057,69.32917495393198,148.96590207485727,369.9924589324948,1
71.43805008750448,612.4052139374077,76.02459979092386,32.875321022822064,465.7340838730419,1
56.74094136476342,635.6383901827072,80.07452510285036,201.85425600060256,271.64021837501383,1
49.01985299068265,796.8364557128918,13.459915898101258,69.25699382452167,640.2822939678026,1
56.835215530710045,694.7847637100953,32.38276541886896,174.1523339305381,374.97085115263064,1
15.248621707982146,496.96065637176395,61.475504433051135,101.02747117941266,217.40387055239765,0
50.60656224324976,517.5526882334202,12.722322270270423,48.70130114124591,274.3254289528206,1
62.14225143023493,738.2063071053497,67.75106734571966,78.43373782123534,504.3485816974364,1
84.55788089483032,910.7516093765587,79.30373926684285,174.71709586085387,411.37025132696414,1
44.63459563452705,1117.6397620770908,20.46914111326342,417.3064339557741,557.3337296785811,1
38.830127942136244,701.0107960317664,39.63454572561269,120.77954552243772,506.3194490699736,1
44.96485912830927,856.7608309377579,157.16781693510447,388.0420867747419,258.8601257170052,1
73.30804235404148,599.2096711894058,99.81167920983916,32.799039709027426,329.5638102363175,0
61.57502219319369,1063.5010249104362,95.8463113933992,106.4316360773955,744.5146105204055,1
44.404795924659226,663.5202477326561,144.57705454577132,120.84492763346228,286.0971137097327,0
65.26534866226712,1500.163573642927,32.94890250372276,180.45791109567378,1017.178894993376,1
56.941550986960806,458.0859618851257,20.52999975098262,80.66975751427509,187.86233817443483,1
74.37289981065778,1082.8671270605828,131.75462552448025,157.8563298892827,731.6533970773866,1
40.95893812245295,696.1748731115584,62.820984003373404,110.07446447426472,447.7745166817769,0
48.44675706804463,615.1589533314724,32.171160833313195,264.14422928602045,259.8902483963292,0
47.15783693735685,693.8706050896652,13.340185358885607,142.4549902842187,496.5601447270494,1
25.72970103735763,1195.2883550418383,76.66891889578204,544.6676432272812,291.81702692349035,1
60.922405541291525,626.2114125580052,57.326748326489366,110.67408174324997,342.21774523533463,1
60.221105443597786,713.2906865236486,49.859419053477325,253.80241696820005,380.2409647076247,1
55.102269132849216,1239.7649043341974,5.2598819766576845,303.45907752456833,701.2145255045776,1
50.308257332497064,566.5800376202935,181.34286964686703,11.728994310126367,326.77887402029006,1
26.692585158991715,857.7330777338807,16.855907638618326,200.2687156116875,539.0542132601889,1
46.58709354469282,968.0521319318357,53.8230883409613,107.95370313503878,715.5808514750127,1
48.14570966946461,611.2954453670206,46.86649889079973,54.30639789451529,489.1172975745398,1
38.95445461556762,964.9134907765992,101.91197948443349,266.94890073453075,584.2048463801025,1
51.77428576667982,709.9651720390422,13.509376313755359,84.08828871434903,464.24333644580116,1
63.08101713629077,953.0054453032211,93.49449634703538,31.103830422258017,633.1794243672311,1
92.7237180242106,541.4134455919822,76.95073136017488,144.70490637156507,213.43686586761444,1
58.49155625663678,1702.431581214973,37.99209505360943,291.22385227596044,969.6397265646999,1
60.15100781445528,510.78602801328213,91.16643154162539,54.88279312457071,314.6509393787912,1
53.511081684676654,750.3705782358634,67.66035019518002,216.76957270280974,450.27876137738525,1
16.62457569401917,484.0491687864019,209.9928958747805,23.9077288295225,131.6002643648292,0
54.46972249101566,749.9453907299619,57.286376780260056,303.84307540258146,351.9618797107623,0
56.204604198820526,825.7773746395096,28.469430329969335,164.28581549333137,551.2728768723052,1
100.0,1354.7274315221177,94.15817264015499,50.371500930286544,1038.7259188235873,1
51.15278070437755,960.2333338983024,51.771948815996794,204.63929635206875,648.5064420272754,1
61.03094684667225,604.0336912819583,66.63008169441453,87.55037618632326,368.03515616575226,0
54.305764605895135,451.8521079857227,20.699311838629825,64.41993031171769,177.66514199258694,0
31.62643924760936,1174.4415141944164,103.0097301949026,86.18636738355575,911.3870952987711,1
77.85645629030041,713.6854019887785,45.220481934817386,191.92535096827535,358.00239193639595,1
70.03866065373549,822.3382962427356,81.36067769301086,61.311329474067755,550.438227460828,1
70.82063894086093,703.3794244618445,244.50349787847284,15.90725013597434,368.61837445857424,1
36.81225090410522,807.9535435887199,54.70663886195475,89.40337302212312,587.6468887196048,0
83.05588621872198,1360.8674990707507,112.95382662595797,273.6380045864423,889.9681269480541,1
26.962978744154384,1076.2027273597657,57.73935662278794,271.41373577706423,696.7398148839924,1
66.73714187600541,645.9352541648333,38.441423359967025,86.09828773961435,407.05114738827905,1
98.80911251619958,1218.7475944106538,160.82359775039902,83.89511829712521,922.7669307709643,1
35.18927349738623,1305.336608007194,9.269420596349558,80.17153311752679,1158.7586503890243,1
43.67404540794456,1040.0205500356403,133.40251350992312,77.60258610873696,791.5585874194528,1
56.993027301752825,663.9740078745893,7.906890676788613,81.56123451590938,375.18408799747317,1
44.93048691767601,1031.3941885030063,124.1993528419974,149.28016011914283,732.4762414193408,1
23.986731378677348,1406.2963976446597,67.40644433002149,277.66982941275154,787.2700086703774,1
56.371259496120544,579.3772757584212,28.542613961308547,61.23249234009744,411.42802229530326,0
33.7539257254779,1338.639513254337,47.77906172747506,70.3470559388017,1158.6748743960118,1
64.47184861270364,1175.6960088752992,108.75941833659678,160.4903298830384,868.9205102980162,1
36.61151531532394,892.9550032979603,229.67363553055822,198.87365610983346,423.4202001197637,1
85.99868810035079,478.3555816137793,14.122055478033644,38.25155573456745,374.957778704099,1
39.334934153275256,1622.6794184200787,30.191316618196325,340.6800353088737,777.7758478418772,1
48.55876967588649,1493.7539727947874,18.864343944964588,101.41585347536109,1322.5296758169902,1
71.27034434739339,442.5920671783633,57.36965640658092,41.45069906923016,223.07165999782072,1
30.382713671320897,837.1457238422,126.48472690084971,36.65255700284617,602.9445948771739,1
59.54919869208259,1065.3955569497361,16.30011978036,34.75471369349912,725.4125009754331,1
81.14285508564856,1302.7700826575522,66.04434262566417,250.81999259859109,885.716010004333,1
22.85033530877545,1016.2346706149525,123.75345387184939,133.34387334219366,729.2724583342529,1
58.692677170646085,718.6488072334514,47.21367770334556,252.23125412390598,360.7674361009513,1
60.19765588496847,762.8139708370967,77.4770793110498,117.03518753112556,207.24411995519966,0
70.6364574355462,951.6224964971898,153.00998309712614,247.90627729399543,398.96210743698146,1
30.26098578243836,938.9529838060869,25.243149590242982,115.05652107743009,716.2115779144532,1
28.590867738314472,568.308010789025,10.54260909347427,179.97599228070865,338.75769795839966,0
65.43883131233795,1208.92935783308,84.57326017372628,122.49212079356683,958.9348009867323,1
60.93969346466372,672.7290341487347,86.28055007649301,110.33626459131578,442.21932267850957,1
60.00985700691753,456.5228481134085,44.53878382108685,65.97731423563297,326.4114538639443,0
61.928964189939514,1017.7090563183662,37.50696617370972,195.79377391991764,639.3481749031047,1
41.399505568430186,668.0116899299265,68.44588746975118,55.08879916489135,417.06315589936554,0
59.64507394322007,684.100920889516,24.80803582490065,195.58883842739118,369.1216861494482,1
60.86144946597362,1617.9805586759464,24.846013724480272,137.37633134713641,1238.1081758274056,1
40.71297163947264,786.1428703210383,108.2631561409623,198.88490467845017,337.5393592313794,1
92.31549022289514,583.2063315450121,23.199771423499275,145.2811144878045,390.89080830375144,1
64.47665841823576,1005.606372852948,11.359917035211948,264.68368519551757,644.3718917472922,1
31.17393005594703,1315.14484220032,37.44166619696543,168.96786589445426,951.2907701767848,1
68.1310721726766,882.393138015008,45.44561411178644,139.30290333308938,611.8291168648242,1
35.50636659545357,702.657156348555,93.48726485987207,14.018067335904824,503.13328298124515,0
70.74169207484904,1645.046992917542,40.32682069093168,271.27012510953426,1314.3828789296813,1
78.17191158014808,637.5882377266283,170.39492387852422,34.409446487479684,380.45651368250265,1
38.58635363296579,618.8467269757216,71.17024509218342,44.75837081380968,381.54209706959097,1
74.26752258488644,659.9695027421384,33.032637392528315,210.7225766447783,340.41976670454886,1
63.25561853872996,834.3444480387866,90.69080287202155,130.09805230213885,591.5249920045337,1
71.4412031998898,643.1025366554622,168.39763287841595,35.74321890367832,283.15992657305844,1
92.93585965307895,503.9961423701663,106.2127038623546,83.80906695358496,240.76356487398135,1
50.09223767994259,759.0285374192097,15.274379932396782,262.55091621170357,390.2136668001209,1
39.925276712850206,387.3938440050396,48.73929798412426,142.4409801526127,172.1125095534734,0
37.209711407489536,780.0052183791022,80.4395919270062,132.25487998912035,550.5723495773225,1
38.68379430069123,866.6891830808108,103.16217922511223,76.42800768418705,592.3454779242857,1
53.45796581171792,1120.3754372952362,57.646858527876866,215.4114209567356,647.5747471777029,1
61.823039496332875,1072.908152895889,51.44065924853419,119.42531740959203,749.5146337062266,1
60.53381598660038,934.0069968365557,208.98067702962118,190.8108288592915,396.5419156078921,1
71.54366498072048,1172.7449216897915,107.30646228581266,70.63260662666781,893.8355386776931,1
55.26003783755814,1385.4981548270646,90.89309612632731,418.6678112770014,847.5094930559571,1
84.07068154314634,602.888082089386,41.79239902552717,292.12399352521186,259.77140205479174,1
49.70686333524088,1024.5693841548575,24.464771742568352,141.43934563046471,465.04367216659443,1
100.0,423.88116423097637,92.0353179475866,162.1899788869167,96.74887888377258,1
67.51334695530012,1154.0161146961489,115.52301707280617,84.39608165356279,900.5112319704219,1
37.856848871674345,1099.0931995802207,66.37810683485826,200.46841398911724,742.5008227380677,1
33.582150038777755,1171.6242032796579,107.50640905660477,17.4765438614694,1009.2576616480357,1
64.64944830486371,692.7615779261589,109.42051604318424,337.5076733423229,186.8900559017181,1
50.53074429348298,1204.6553295331682,120.82961159730644,193.15954769305867,621.0697784117451,1
69.28000988184183,539.2661242445522,14.990123825404456,60.25512204553022,353.8112777976579,0
64.4647524914709,641.7708100920386,49.877130463388504,332.51872569073413,129.91175946374,0
53.54342174686254,1372.0650178046121,96.00716642581355,397.1061542414341,800.8550082524739,1
38.0641256386319,645.5214291311635,69.2701425910637,167.88037833623667,225.84239173564325,1
24.70305550628271,938.8869749941142,109.65713008746734,71.54400550864729,578.464791350596,1
46.06970095865958,647.3768252977637,90.8541375899849,133.64797612240565,351.48127941897786,1
72.12797588646944,800.1919476749187,5.835590263631452,183.51308158906912,525.3044319510989,1
59.28187488260408,1258.2862942390798,140.88886991243274,158.98049898772732,755.0533070260475,1
30.085224425760238,720.6773682608921,44.8707541864949,60.26221435373009,526.101813448281,1
58.46361851702364,557.4749728353444,31.30121447456763,181.41228414262437,279.83830747944404,1
62.706347594576734,1721.3211351930722,137.7475864440916,260.6830442386268,1254.1835905775358,1
37.32285127597734,611.6368896182379,103.87421847523936,49.39932159290257,399.77705510450767,0
58.07450211891056,607.0074958157467,150.87806472303228,54.34296870376973,313.18202887102353,0
56.16417436892,680.1302829241048,81.08807240246034,81.85999949446123,457.0264949843663,1
32.14059404338754,439.5361625345315,49.35769840527237,111.98913697052164,189.76106122441453,0
62.155747206965664,670.5224780311024,74.3487350791678,218.83777908204763,329.8437597522938,1
66.21569052736469,810.738378803222,26.386561080077104,258.92025017382224,413.5980539577539,1
76.66102486350553,760.6306332216993,18.371106813554775,69.19905915938801,549.1525773757454,1
76.07604104069806,819.3035645484601,39.16534071712685,148.43800838110997,492.2075835693909,1
27.446612640858177,1181.422969726922,181.37245630243962,252.55758415606866,621.9606043267314,1
36.243499201697546,1116.0345123657453,42.64925841309845,432.9380072478819,467.3495173675232,1
65.3007053441732,1095.8795934112532,11.655257022013153,147.92945652306503,842.4039775446872,1
65.27571901824417,979.6731301923236,58.93582787933422,153.29886053748118,679.5927056517081,1
65.30095372612095,859.8828804950102,42.1723395468175,168.54260506855016,596.2440242784696,1
100.0,1310.7557107186703,142.6176472028115,103.9071186952902,915.4138808292454,1
66.41781021386333,1284.646601920453,172.9297787590038,140.57013831342326,915.3610009624425,1
77.71131280361197,597.7786231340715,47.51368409433225,22.210700948236685,512.0035247737547,1
74.08003526986406,605.3372156943909,81.03100815984558,84.7359346890047,388.73718377996795,1
68.02782502611596,960.6346960517609,86.04229228333165,179.62124776951018,538.2137595386259,1
48.69461510719309,711.2464045082758,64.18569856410093,66.13287878455715,445.3208081800386,1
70.17938440986535,760.9838713789743,55.462582781572216,222.02620386027823,380.02175309804875,1
39.54349570924856,929.4122990131193,29.422922190160268,30.41112781616684,526.7148322639719,1
50.26362786519982,924.9132814094911,9.554360771929556,216.7296974161296,586.4076398605843,1
45.29272904341793,951.8844715198286,29.265220064832654,216.36654314600293,662.3197669897912,1
56.63748278772645,1532.3261369962522,62.450107101664834,437.57341246950375,991.7152542604787,1
100.0,797.6389497557115,16.331042077496406,101.01866510296097,554.8852344636994,1
17.654696148165037,905.5186562904021,77.95292010906714,130.1746683714985,473.1172135166802,1
68.72520380749027,1265.5242031641112,70.31209064708568,317.8113612601327,790.4401718213164,1
22.745682576206967,747.0182758192932,42.23352949284991,293.5052156284238,296.5913821692431,1
45.56136268421133,588.4734219343288,53.59940523785138,242.49895517264738,173.33645271024722,0
76.77901193934733,1150.0538643020664,19.55666561458592,162.52390847722796,616.4927091126017,1
56.285600381909255,997.197097659724,119.34879640944689,312.6151894206431,398.91014544374633,1
33.445104441413875,1259.3845872864713,117.95821147385274,530.7824126413846,416.0216916294284,1
40.693925814800636,548.3659005068862,23.213333910903703,190.30014540928698,292.4417164167582,1
68.59195497869352,1088.0447842004703,23.87688605591069,134.40539220912999,874.1405683734421,1
40.39266736565727,464.63693782952095,29.624849876296754,204.81264136690052,178.05588015542426,0
59.329171791639496,968.0367602211843,99.39225875423446,146.56077002578633,649.5649464293543,1
55.911436798076274,762.0814825829524,85.84663659159808,107.35433924026623,476.75015841833806,1
41.96799304788366,1492.298147179149,136.69319075866298,222.61273186587286,1024.0049763664656,1
97.87888178650651,1112.627345020845,147.13924462202257,90.83634559678632,792.2781421074492,1
67.67838044636022,500.5069972869792,14.738845046877655,187.84591480403267,246.76826328018723,0
14.497148266847859,848.9319708452684,96.9048395936193,37.0998320740234,679.9235013245818,1
58.729086295388555,1214.0025467356409,143.21472986701318,346.60031201015056,607.0041687926748,1
41.76427070463224,723.8979429984425,50.860306860591834,73.1149289781911,457.5565206897499,1
72.04866669592448,836.6793421812464,65.45781988396202,44.08110677737499,652.1323942050508,1
39.14958523134599,693.836279161174,58.062294610365484,287.3888248429792,329.39878067837395,1
52.70527117066202,1048.6523960032437,60.105310445532766,320.3449436428996,503.049031142021,1
65.09974557960915,833.4361176837198,119.0684359732048,160.38110600578102,481.4297086036384,1
72.31510388340243,653.2379026669196,203.9744770262975,121.77959227926068,301.4891195441255,1
30.994071858884475,754.8112888388057,166.47557573968692,102.74942877066356,399.4447664147445,0
48.30997528318103,733.5828197758864,43.920256766892564,154.7628190413781,361.92539440650995,1
45.50109377678088,856.6974318784853,81.21975330019231,126.47024292718572,586.1789001740246,1
41.93341534852576,1056.9671906612402,33.83119884211568,116.15334549631288,900.879010190853,1
90.30908480562194,387.99749050341165,36.98737111339574,67.23962163565943,214.1288728367993,1
63.09963421921911,760.9062484353055,63.25741908413632,52.91111337366211,595.6993930039005,1
29.782320913299095,626.5473420769074,36.115012832477106,137.8795163705712,354.38110464141755,0
73.35723894109552,1046.7795521289022,40.97504035941597,151.68708384134547,766.4413781388965,1
97.44312394025266,806.5502503357984,79.80940139303269,76.33561407003421,591.8521349528775,1
75.64930521102293,418.44264300231305,95.94260391784032,84.68674383131516,182.10809525357854,1
24.612600680919734,980.4710083627872,94.13191238009544,151.44914126129817,526.953556995521,1
45.31531854267497,729.7772331901713,94.79945166013522,65.87401364383432,444.19851544651954,1
80.33822298373245,619.6421353291022,21.002567206699435,248.2744973754506,228.26320890795427,1
40.846610687624384,733.4271231900312,34.50850761225288,183.11767771781322,357.0274670303702,0
63.87638856292457,730.850781222176,68.64502111638011,75.79949732111578,514.3196719326143,1
70.49268106858673,924.3914908599515,138.84300951804576,177.23111998445393,363.00609822921655,1
36.46139056843834,1268.0813987366946,278.3998326719834,67.13747134972576,812.7564266756895,1
53.809492878764,837.2298283156894,83.61871680687658,216.99281337394802,441.9858011621676,1
0.0,631.8620891672778,111.30114244607098,69.20542738556128,342.55609117566934,0
34.51224717331421,738.185380771617,18.68038355520771,120.14988773251216,529.8983671315531,1
49.948636972136796,870.9264086407583,109.23243146826633,143.49095453762638,567.2176426310024,1
30.04433636070301,1503.494067407779,231.57233823505226,317.40463115682473,770.1273812743042,1
87.6482260786327,631.4556523806829,34.396421774415764,72.67796369802736,492.1637268167139,1
26.397172440787347,702.2055507082277,42.124035899982644,70.420575297258,554.8488091334051,1
46.19911026606032,639.7093927259579,121.6363363953758,39.18591724459049,398.83921468066865,0
57.61481154572183,1522.6790182027346,67.98633213721055,374.71427470574963,1037.1998450717008,1
83.82546578132231,750.665314311046,8.552350662297568,133.09841370447737,589.9695243340194,1
26.282756976411214,850.6725859545807,44.306575922356245,251.97025347412114,520.6619504204197,0
78.26327504309918,665.0968671409013,172.45570855105868,85.79808772493342,363.0077869612308,0
55.20466122039174,1080.62212115597,53.27377495066667,91.75013921178524,822.2492167738264,1
35.36982697904098,424.7053791129066,53.238330689599714,125.98571855575102,170.0893544667076,1
64.24206948526542,940.0576143547261,116.3770522913332,128.54220104272656,531.5442504467928,0
58.981193911469404,650.0213739320153,85.8137621952138,200.16992988675491,331.9829474661735,1
42.99566245682411,954.1037612825506,50.97977993002559,135.70274625042373,730.1747278751582,1
56.39604169980038,811.1078271574022,39.7853339109246,99.85218008640148,570.2448025286823,1
47.2937280627648,1317.2768466614805,364.35258114457827,378.9495541441162,524.7720740902006,1
57.27034690502496,549.8062927403827,153.81081943193297,66.52930952736828,262.76249805891274,0
68.24261349042094,663.2598206733339,94.77445093016499,72.98196639496065,461.3830408831448,1
86.72033632290704,780.800820802141,99.10870549282835,67.26610174445062,582.4034747099315,1
30.243690023463017,1083.538010874399,60.39582098799975,205.06922147906235,770.4014280117843,1
97.66066749312533,1051.3985671743108,85.07214190071302,173.7681341597051,622.3862919933741,1
15.958244009549965,927.5204638257269,55.490043917416514,116.4949983814631,730.1357956757781,1
51.964298099288335,483.81738310640696,31.65722277767326,64.60992179730285,203.87766101622196,1
66.76634412969153,908.195718675046,87.50085665134708,143.0829693132543,518.2500993192175,1
60.61983735470065,1119.576197676008,51.751373695827084,223.16142342914245,786.2412332150951,1
42.546009603588125,612.3618107493728,90.79838840933246,325.3330440278161,108.80178484031929,1
50.83755499285449,715.8794834141688,103.17099033923911,83.11020081156606,422.3709949100358,0
45.139981306823344,933.1527675346888,94.23787887539099,116.21471193654743,585.4215348519829,1
43.21270486111577,1080.5897367396071,29.35867057237655,172.690890858308,841.3322269618432,1
71.99204194042049,801.1196392939088,47.35310720641217,99.13463231261724,506.1700750771329,1
62.140309719300944,665.5497444736083,52.55984249066627,44.77507210351903,475.48156711245935,1
41.14180809478692,845.3220434810402,130.8201621143508,116.6192334257697,558.232923689426,1
72.99199750866501,857.8413377845482,126.23198567454766,49.73567174419286,588.3933162105649,1
61.14599041753219,601.3013557199694,36.327509182386486,235.09698375929588,290.60595074400413,1
71.2572423767792,573.1387428476656,20.508176411779296,104.84676176208956,362.6635296118433,1
67.59257683847224,624.0159787039233,286.90057757243676,124.67832798758323,151.87458050735094,1
38.420099781558555,595.232816235589,91.61714075257873,74.44796228381178,332.0122204453695,0
43.79637919606061,498.7723881537463,17.830952041265018,127.97483808094324,251.65021869676752,0
69.94587210246523,809.9482324449139,41.54806510728574,278.77130540412,289.035980313562,1
67.2074053086693,1836.6055354146306,134.54307561248794,251.02342470409747,1319.2141884202792,1
54.581968120717036,1231.2138966757343,243.1209311886026,56.22577941014989,815.7798806415567,1
57.34654766617564,497.9922287338779,217.4720605382654,7.460025242575583,255.15901975837204,0
80.5532979157685,590.3230471321044,88.87811542930636,117.24213068280966,217.72467785217938,1
43.168572223283405,578.2065307673371,66.84112904254364,105.35451032117234,343.3992046821759,0
65.94194762340075,374.98565837861986,26.819714127010805,100.85808270688291,213.15648577158882,0
50.95614695132212,1015.8334300524016,71.1901518196594,87.07116908410649,550.3093948313344,1
50.646375935455595,679.8219986141419,30.296127500423907,55.18357877221278,545.1837522057974,0
76.9755370397438,1004.9823311488647,47.73505086058285,455.648703296498,286.4570567064418,1
71.5083269797606,1286.8065868765043,121.54870578613112,374.51017588442943,682.5327510682324,1
71.27019272001277,961.4438125260037,55.27004927547506,97.815382544803,682.9127155161952,1
81.10957614308658,603.224913613835,52.35796189734154,141.7465717916308,323.45189343912625,1
55.420076832655184,623.2458815090141,64.10757289278469,237.68853776963354,280.86312812082093,0
68.63905942589928,977.7896476502647,314.24172586660245,141.43795753655843,379.51401066590245,1
48.79466486813088,858.4972434692887,24.15342780676297,92.29075485319157,639.3208903959188,1
61.483327049768846,1490.6751183326905,82.23412202272792,45.46878286605065,1261.3148443999667,1
52.397138912646305,1058.6846647765426,204.95954076373366,131.08254562542035,631.2396661969431,1
56.93991929985437,427.516700145384,63.960979977355954,50.366447383307005,242.26461720683855,0
66.90314050873828,1128.6201613790283,151.9152210159071,267.2898604896689,566.1142407444739,1
38.63558633533055,776.1718328235738,19.111726687108373,127.17016709037335,506.78278349915286,0
96.84774551370921,883.5440159894016,56.724543141348356,181.62887760930622,490.8166787034729,1
34.87965237000596,426.70036706739063,33.29937801957478,103.14487939774801,216.85878269846506,0
30.71622774424536,915.4929508923509,63.4397825244326,217.86057100186073,565.2816391296662,1
78.16221747000135,672.103342905478,64.47963787252691,81.81324760594583,469.4374670714534,1
70.83325387925872,556.6153499444218,69.70806047587992,157.4515920310934,236.1375872404428,1
67.4823963410431,1334.5655644731899,120.77809235473401,100.46123183195154,1094.5226596355383,1
67.5669101852856,743.2883992128925,4.93410973716829,111.38006761405966,221.42057993403415,1
54.75506454306171,932.2927081844956,39.988333411874784,235.78109456130878,604.8039401236914,1
37.05491257028337,786.7578738891102,78.18334382006795,74.0132841427233,438.53190957345225,1
56.51609116387453,626.098640403,9.131340384502897,164.5024072126767,390.9524098414634,1
41.456765769757766,1415.056402376262,104.06210357515205,286.77389020722046,893.6732525742007,1
74.50239466835502,1292.9669640575032,39.343753916663836,230.50950896416776,763.792785658957,1
52.05885236995723,706.1720260439955,57.584602860578855,83.56016324057457,439.5078743173326,1
38.49005606414977,849.301093399288,124.54907935923612,179.1055567816492,296.0647654646592,1
48.57228316694013,741.550252256264,156.5494789626695,30.435193724120804,366.19601016802403,1
63.25862908551249,791.6728739562234,106.28822807569166,240.70603970326775,406.4482227812384,1
43.7255089439205,1468.2062327963702,23.48473379498582,529.8511433696052,770.7125664643517,1
38.555592088671375,953.9076696151137,102.6153853495021,158.5248162427876,580.7434068063886,1
59.873744229838245,1235.1936274385885,107.47792371189394,295.4219545239613,783.9955517412897,1
59.899331422174455,526.5695100536918,93.1783253474152,43.711045753576414,212.07743498674694,1
44.8611364925774,1083.3055613268002,173.64468718086886,59.991136763444175,818.537660788744,1
45.57923388763354,1305.1473887587792,71.08982312160963,102.87672033760319,961.2431746206697,1
59.64099874715273,739.2657890822377,169.24771196941373,116.55248577827531,307.9964178431969,1
26.038313170053517,1143.1885277438384,168.56735016556283,159.17273402740503,720.6812402714011,1
26.850724512468894,1167.2824331076547,109.59057320687846,83.85790587979764,919.9870644453156,1
40.63111557495128,713.8801260361334,83.18445758627719,142.72805492166745,345.2099742940096,1
50.73105696576305,592.1407646266292,93.55999613723353,235.49340393272337,249.7664369132052,0
61.21815131196009,961.1607258810542,198.62098113881487,178.6891495899118,538.1856433068027,1
84.50712433899105,473.98876466320337,138.72220342668953,100.55242161533583,148.0509486509409,0
72.15319246404039,1141.1096596195323,26.2989028153954,207.13827587786625,812.8487716940689,1
51.80122940073146,518.850081035443,89.39911764271883,97.53638434467537,285.2786974087135,1
54.619675841946226,632.1004808903392,31.775945111444983,137.60902904884088,415.0956007051382,1
34.94941270724382,1078.1954799228852,38.344345976365105,228.09641452032656,683.4179902338847,1
54.6297372801522,839.6965171014999,49.305694064971746,114.45554997669069,636.720233200245,1
49.22682722159723,805.5767552508664,17.23848736301833,49.780471325116295,672.8047235112806,1
61.45437120676179,503.08375725398383,29.918909713549475,135.07595795519694,307.0985974782917,1
38.45538112895354,1062.7890752144826,179.9227508667285,229.33921960267017,563.2618082084599,1
65.38693028482345,1097.7286657907252,38.13950753650473,242.34999552686756,742.900700295609,1
85.65477826005156,530.4411417865421,121.24639305112369,58.07322063955533,339.0624145256587,0
52.82479703086285,1439.7930174118974,75.9399517033731,201.99979985173806,1136.4053724906423,1
63.034234441978825,838.9880677857573,99.51192526543296,109.82195865678297,425.3277238996473,1
68.80287983422225,600.2326462109143,102.50760472998397,307.33593454395566,140.43227543417288,0
46.97559056228327,617.5103433926158,28.706948076974474,50.63677275074453,424.0662060626009,1
59.48184963620834,1270.9250410355546,120.75839590118063,199.62911592144005,913.6221351770722,1
55.2518480156359,622.2384354930803,21.125677530074217,101.71602032173283,274.8679010507827,1
56.95352197097664,401.0378017094472,36.770548253985645,84.82377448681981,261.92806658921364,1
39.539804322890674,1114.2030034614731,101.46537777277393,234.39769118620558,587.4701027547077,1
55.49020348517885,627.6484528804465,26.970306660521537,257.19307666011935,248.9002298601122,0
64.95996582490899,413.6048747817864,8.00047736770215,22.709672157883737,242.69492603579005,1
84.02287215590084,824.6257486924803,86.40164000689673,236.97686962155518,294.89527260702994,1
74.18541652170414,1281.3697066063858,14.11176051746587,124.04818378238966,1037.9847781650678,1
98.06364915023113,1126.740137053989,108.246711334534,132.5579856412008,621.7143341640588,1
39.65304874223901,796.8601187109863,52.253901953164444,48.37855250789641,492.12040377362155,1
72.44641273441357,719.9419289573714,85.50900567957329,191.4114497796101,305.8941367831301,1
58.666840114767034,1467.701949591701,84.36188197106605,462.3630410289012,738.2360376866733,1
98.79605866435344,945.4854451920627,113.88084263148853,88.65695764652322,655.0803254114631,1
38.83403429289697,1493.3844379868976,103.55964039500145,272.190045537235,1076.7193485514997,1
38.20556315638448,797.6098759706192,26.741355112328616,129.32210801169217,272.8199124504023,0
43.01214709111956,491.2336651560231,54.84005551992727,91.2397688862407,252.72124994114375,0
12.522085513803859,378.3453254473634,85.43599120955236,40.89069924511409,143.07330175458162,0
44.48489956638478,1123.418873011194,171.26491437005595,295.76932437611197,629.6715187521552,1
39.81734676892604,1002.3193538933084,104.22607907279927,140.06374738370374,543.1204974345112,1
58.00787572952415,745.5960725222058,161.53328458821588,94.65019545095132,382.5859567149398,1
61.83511951554319,464.25781071721156,88.7027312539712,106.14296763130397,141.1600294838298,0
92.52341678431773,1451.7421324671172,140.36462250317874,201.06468040484054,969.6360372515065,1
74.008476763721,751.6816514507912,80.38741965427698,94.5399226671027,527.9579334503037,1
43.46192688675194,1282.1270594475873,136.50748086007746,64.17474926552521,870.3925302415624,1
37.03170657303284,1199.4212730956046,50.116473035897485,120.21741503026693,913.8189311098396,1
64.83838343013011,935.081621970255,184.37637583942296,117.72061902016456,620.0027836703136,1
28.595335859587156,1063.7496274518116,95.95438783329288,115.95871940877001,668.6018246322271,1
91.62917531708707,527.2737782892057,17.37004389033142,95.4363417145079,332.7205482564785,0
78.58880241442574,923.7563852580757,87.51123390794157,277.91150061548933,505.0873633218593,1
45.616486957905906,1481.9040449551806,104.46541293817961,562.5183115722929,795.3576963883592,1
20.73730941818245,543.0129056204369,123.62434136901604,58.18721726699762,295.4101372154339,0
82.07744748330825,1072.5243626657073,227.05882381203108,19.312955081262192,766.0344151548748,1
52.70920309494764,1091.3908293759862,43.81196867780689,110.30858582131674,740.4360328507782,1
79.75632623946923,1036.4311569370877,228.04566504522754,21.767480500868725,730.2835855259376,1
23.111446824112658,614.4148109881515,66.85769250472536,37.459879564694766,486.1751470988047,0
43.012499540924544,562.8122900092214,35.205669516829374,89.78099998080575,308.6059130036636,0
55.104873994363665,1581.3900040236047,44.61470601242236,200.15672779330689,1133.0646148427386,1
55.939611875294844,1217.6855815789954,100.16282863390143,109.43531158387766,938.7769265453999,1
45.99869057041513,836.3356400977359,30.77269731384154,14.271126510006301,492.50530297189744,1
67.45699864694997,884.5322277133637,50.81459464628273,108.44591975055339,543.5898887948408,1
33.64759141234811,825.8637501999652,85.95355912661368,114.10452103940962,410.0878093034855,1
52.15241029957413,575.2928718643719,183.43653210228,115.41999188408242,149.8136519262076,0
57.40591263423798,944.2991435733366,121.2041380836714,253.1500603915253,453.1531864464483,1
65.28877668117498,973.6061153642487,68.93909606523358,227.62501429503982,622.7483920544653,1
69.2322975617778,836.8893516064436,99.84198980324896,136.486104722961,344.66776400293486,1
32.507158163242615,1116.1280154943195,79.9210888054122,409.58821849130544,398.30543149908897,1
24.317716585287556,768.5743432052697,23.143098429181556,89.60294227254903,396.27138285231945,1
80.55353643797018,920.7308689687022,204.61637351016395,119.14323675827288,508.742131894753,1
61.64628023959183,802.916755280064,185.35550892797966,127.85706076129391,419.4652936610645,1
40.03026926886893,542.5116397302985,62.92047667094497,40.50371399589143,286.43548960830987,0
86.02303951045046,745.9524989912874,45.95729033700016,129.6643173567082,507.8120416719583,1
57.31349268585717,752.4765203368604,23.66731851262027,34.06335251242602,605.7815843184104,1
78.58594368127653,731.979845167793,104.27068997686735,79.69155173889273,533.1980579227236,1
56.35036962820218,496.34913944567694,104.74583387321736,140.59355484028418,141.6462365194944,0
96.21495849763974,882.3859960270375,33.16052444403989,46.30681600487255,666.0844457923811,1
90.10681684886409,697.9437053595286,80.61325203519372,161.388673183791,236.9767525269601,1
50.02071703041853,946.2715697159086,118.63542599934343,70.54649673322604,600.3762598347289,1
74.43141901908712,933.4471059218669,43.396294944986174,100.30484729575367,614.3682327362511,1
67.90751899170294,707.798651284565,57.02712845826507,179.81535626253768,185.0388695043029,0
82.37263115064698,978.5428345166596,56.591161616660486,122.87002321170958,752.7649637500425,1
35.70153078839791,1360.5605758801664,35.067722565055526,158.98669843726668,1126.956813081072,1
68.72102919996878,739.6972275883478,57.94840375707089,172.8054689196265,404.9908432996197,1
76.16848973699176,771.7534382142411,14.410692816152235,121.50937144652906,600.441190364596,1
19.825210271537713,700.6328339293884,54.29334871872285,164.9284475261207,366.7634781124849,1
31.3348297466845,405.24175950348484,54.95724320304819,78.70636201090612,234.96774344703985,0
14.21535644479799,1076.0837898373568,63.5277709343,178.41285767488682,790.4900511393449,1
49.61186331110885,833.6596107005295,94.6162432434757,110.79952427763229,608.4197024850822,1
69.35084511591924,732.6898384779068,21.837327827468528,282.3131875374632,320.35984903183646,1
85.04714104192055,438.0863715869184,26.035346159909242,142.5409281410903,241.39242726899155,1
56.481895608395504,1411.4235337422963,34.28560664748581,87.18440728676728,1159.0599732571775,1
87.57231091142583,550.8593305881009,19.635759452233096,180.41009401707063,204.47079017269803,0
27.39797083570217,1096.600349037486,102.35641859671449,289.8150932369073,653.5299103451518,1
20.932351212896904,818.8535895400456,41.825644528216515,92.99378183037072,523.4520377412438,1
53.889046022067625,1007.0324015851079,65.0562981817427,82.00676142655023,711.6215429928461,1
62.68130897878615,1229.9556494970361,31.750910759043578,8.771569792727163,1001.1219381706824,1
54.34610503811814,313.9814351094946,49.766541857800064,142.308946364593,74.60552978716896,0
13.651157999202468,490.7429371609133,83.45598609558269,103.26397026180813,258.3571673353699,0
53.21759920974423,852.6569166609236,86.41084663767475,179.93230180918627,445.30323519409575,1
28.910609989902937,1354.8787668252046,27.09761948984776,182.4118190946995,1042.475364492721,1
68.39345097660077,590.7621395223783,62.59053024520085,42.10279249518527,376.0020794770666,1
62.331964921936965,818.8713712937368,32.23750632960942,227.00774238526893,335.72230364237487,1
36.2024042734529,408.1917072638355,60.816864168335705,73.40256092936694,105.78572587812958,0
44.72266165326613,597.7337063446125,38.937781506033645,93.3691769217543,316.94296622073216,1
33.815729562220966,1153.8144071998083,213.1386470500067,161.98664930210876,641.6563081465761,1
53.74641805453656,798.407473349449,118.16647205231365,55.12047166354358,446.89341243427947,1
74.10284641002477,562.8159787439828,89.14003521214136,82.62852659361916,312.29399286942305,0
35.285479073289125,1305.2584811421186,53.277311897503246,51.05879541057435,1166.5927961082805,1
65.08093031035689,819.8059232727074,120.52709426027738,239.29282537869824,403.8235325914928,1
44.39484763255118,722.3459678722899,63.99696367866202,99.18816141935947,508.71137691133674,1
39.142543354753116,551.8863537045697,199.06483372664655,47.026159872698,300.9984037128036,1
52.85939280090884,549.7923063278832,128.85776340240702,49.84753329215087,233.89022046056417,1
34.295153551612515,1022.8864562778747,49.47486132829738,215.35186139967752,687.1507692929147,1
43.927013893056355,494.77227223536215,184.32300626303868,68.46895981718392,162.13112003836088,0
31.04244214822303,817.0548607515784,53.49508327269628,91.8393898979431,612.7147816246952,1
94.29450265832779,499.7862268424463,221.26157716957147,133.34683921444972,55.89614594263355,1
55.70527103943457,1107.8994853626205,190.81360265646248,104.14081661382758,566.9431453144364,1
41.005489840148286,377.3222526023186,83.12754864097653,26.11422015704448,248.59999431639372,1
59.27959821468444,764.7446439176149,15.013645596112656,192.34186864347407,281.2865304487543,1
52.753439006183406,701.0866065398167,78.49915359694998,109.61705745235896,405.6410586071836,1
50.58060800933554,466.8958299289523,24.54033149707022,157.80473550818323,222.3572380073139,1
67.2833340008685,444.0978226095856,39.94519444181725,201.3372552006592,134.4706250066218,0
70.1501542009461,534.9564105978689,42.522048533248025,20.5638885773307,428.8837876366746,0
44.38997704778945,945.5531402238906,24.340351871284867,202.51261177738778,705.6415374948458,1
43.4836351871064,1152.5694662376015,78.7162001561796,499.04320795705183,537.9843793096766,1
49.49896605696712,1134.7034935723834,36.040977407538605,168.86202062800652,840.2573632199419,1
8.961576705288302,561.6840287445801,55.456922905383905,285.0479188545147,146.39275237968616,0
24.696178756028957,779.9484450179083,42.82537261467138,234.29011434702488,377.5846157154012,1
82.3374853488905,836.4035317189778,94.9057807316245,197.84968423625332,484.1887752918971,1
87.89935427002567,664.0579141171141,90.07147683664678,239.46423439286482,281.4480755574868,1
50.01927920887243,1151.365041497943,52.00131954691288,264.81141191636607,495.87284439277397,1
66.53113926111533,1229.72519119961,98.27378786237398,271.30462714719977,816.1909379475077,1
61.22500309087072,870.6755975879929,152.39965480236444,49.73569224372291,622.1670129042752,1
100.0,1308.93826075399,6.537088381989791,248.61759515150294,877.5573303833359,1
77.39149822869153,852.0769046895199,40.80488399856552,108.51584627557085,554.6542595814059,1
52.44164817038467,820.3939959159038,29.057058677428085,277.3064177284229,448.27585508274484,1
35.889191187991486,1379.7127671705498,37.7866851591388,178.40928518432233,1006.9203193179482,1
22.871073594848554,658.6519321385817,5.0133447947773195,49.130313065262825,506.8256212843598,0
59.06927271734446,1488.3088967028602,6.174257516753338,300.7761123081509,1121.376525915525,1
39.87298509431393,1020.6500735398749,44.04723626277751,73.67181667857652,761.6474451740223,1
26.554925808046516,558.0076751303451,43.01659391811958,104.80320728856316,319.4776009351589,0
42.06854231514947,948.6451488296052,167.13071902456227,344.06218383042733,423.4483949341633,1
33.3690399277121,1361.1292314192467,74.23043621254486,143.16771013696209,1002.3385988257885,1
88.74283270145129,1119.6104419885542,96.50871850188524,101.61213116274672,840.4152276523042,1
72.63279513898901,1601.269082149427,544.4093073806155,123.49431047788927,700.0515712681704,1
54.84054717366765,1122.9663715631993,201.2778823672599,100.08640572310205,660.0798629137693,1
84.59888277780053,591.931106087925,64.34393443588901,215.09646113532312,209.1563800801812,1
56.547366152952364,457.16143078759455,47.07126440953167,102.27651154630838,240.564969495429,1
37.774315973434724,796.7366137271665,41.35775014130665,126.38326557377994,540.1209511296179,1
85.46248154539315,600.2939461762842,85.17116031830376,188.1256932576085,284.9327839653552,1
65.77820087369318,733.2453922037519,47.40132091855908,175.00960571050328,407.5178345540986,1
34.25507691347087,738.1796282108791,23.681457568756187,78.35914975673128,391.1662434241084,0
51.193226438327834,1200.237440629905,42.66714180032051,216.7378900486074,642.544674273801,1
37.48763493230486,927.294642177648,86.94317167057065,89.5035172444551,551.5188851080901,1
27.344005380713277,1073.2645192238992,108.70141106114986,58.952178435189715,806.5578970018069,1
73.52355095063282,824.6355156422088,214.94262571662466,28.571731564904617,557.2042418803015,1
93.18833280940261,806.132913535523,71.8601648300666,114.94596700200724,534.474812286533,1
27.028648523617175,836.541082431549,158.472873328428,34.451976166802616,474.837598177582,0
66.25938473381142,1154.932276797266,57.10949930949728,70.31869153490885,871.3572310508041,1
41.98714861756346,748.5156218739344,63.40663493005423,128.57247039369335,477.6799398486537,1
45.25749232470608,710.075220486652,60.8429453897019,261.2713265432402,313.8641132548314,0
43.15212151522262,980.5483207674249,78.38045698832082,106.76703787296474,677.0351421782833,1
37.72018460640368,702.3454111377554,122.3754776541295,41.294765428947755,445.6946456630225,0
55.97043255889654,1007.7258237824769,45.80111006613451,120.68139464763253,756.7349631812007,1
38.38099767177924,1287.0128747093754,30.48287191950638,255.0298835706493,920.0570184008204,1
60.40913651559678,876.1404399383797,129.16660619515932,105.04273958376001,423.94357401407535,1
53.99523781101726,1351.9234492038488,122.90983328995422,288.80634227414276,902.9418117579385,1
50.22103906267181,1141.2052792637191,175.29696376514718,128.07920291759683,767.0573483886822,1
36.848726759168045,663.5255058959752,40.08830539913028,202.9985507370209,346.49507222524915,1
43.46457338863335,594.942224581725,55.50151266524334,150.2571928819404,288.15884384882924,0
70.10782451651512,777.7420628388716,132.50716817176124,280.28501769731986,274.1323768733745,1
65.01834375248761,794.7663446400061,45.36202461489382,425.97290756268234,237.04832048498398,1
35.44889510402898,1095.0514717188266,105.51192656086691,92.76859257979305,857.3829505589412,1
56.986646108584516,719.9008051942519,57.30508061156118,144.5310650846762,427.34065335992216,1
70.02774246743579,1566.835803563231,84.84012377634308,261.1550088241641,1081.9931428697635,1
21.61189437757257,603.0466571297075,23.227953909329933,153.72178650779344,322.53937780744343,0
65.8672038475987,493.4213168214642,71.1643823577606,27.238862334874263,358.369522828102,0
41.74752482108307,979.319021469174,150.34909286154635,106.1945936400805,626.3670901454996,1
66.41197337186318,1413.00964068563,115.40913244969235,152.86432019229704,1052.7647245872504,1
39.73481686914966,774.3825662503426,28.690210396204247,327.7385358542653,349.3150790241043,1
18.902357986709617,1169.275683774553,203.73288532871229,139.3603208348438,721.8111580980279,1
22.449151242336747,741.9995432461126,144.18557330903786,66.73900578929006,476.6385298562472,1
55.96169893322764,952.9370692887487,24.302630013742082,155.25202839218142,630.3477836767557,1
60.194450034429636,935.2258181764665,42.91141695576112,307.80664058452993,297.99189906925545,1
36.91366749791183,942.240309466731,25.6369732249414,82.42321522609801,682.6123114846589,1
67.77184917554747,632.7539097953997,86.57700688066454,90.35431362838568,408.3848159620819,1
21.7695987546208,630.361214157675,41.338279573507315,83.36842545856587,367.93099141873466,0
53.678404027053666,682.9185427004195,8.65016020950179,46.134412790618754,466.2788394087086,0
30.77967600475087,966.3450638107408,63.184857183161455,135.23074666200495,650.8921427467822,1
41.96327784395682,810.5730747520153,125.67231370923886,124.8023260653546,434.46139463720056,1
55.94797342632828,557.0843575334313,72.27824440631173,30.187279095419434,369.9860450445777,0
37.791732694320956,643.7903507656832,98.85429890260775,70.79862448981173,442.4810361645417,1
47.308889115403495,741.7033637088375,77.5263102134607,147.30145565347365,436.52365015005284,0
75.1258561842888,976.7523740169781,112.09732958959975,199.9837884605683,623.0350171380992,1
43.462162609537025,776.3577067336097,82.7153969186896,234.88035201925854,383.61270119845284,1
71.71384224130284,707.4915385032673,60.528650700101316,210.24491380117004,378.2244561691115,1
32.40586290684764,540.2381849714131,71.60557485042311,129.84866880591892,299.52713391509695,0
65.59608355830565,1076.0772966937964,179.63362881308433,39.83805314451768,644.2792545993801,1
83.83137241315801,815.99855426584,102.8443815519428,111.10295050798545,512.6113215049031,1
5.56710999745421,970.0412629023791,28.601938257476142,12.768842498920685,868.5664201748959,1
39.062094890590465,1050.0872798553007,70.7483202792116,147.76760958625533,811.0308283092038,1
66.5414425436108,862.0606654589261,85.45527287206512,80.33810616911508,540.0307972299676,1
50.93909227914015,635.437943911523,58.96623402719161,20.004934777835313,450.4487999508937,1
62.422917467426174,965.1732749381974,8.709155941315714,165.85883289733087,477.46719247856396,1
42.92029626568359,722.814698411218,31.37585344372948,305.560745152081,334.97545886598976,1
56.731795749458,584.8520712106001,47.507900629066235,34.86508003082356,301.3825973546727,1
51.88645529215841,751.1639794698219,219.37698903600253,174.7051338331101,276.7493800598479,1
78.35564123319614,666.8500290960172,95.04698134369269,98.26050450744506,429.9853585127445,1
60.08841686602426,236.58920159566972,14.435152177615791,73.62162363550708,82.85415424270298,0
61.75205324150404,1264.6286942504562,61.94727570361076,73.7458838278307,1031.4534665501988,1
46.76246067755065,1507.4008256691538,161.2412548389974,98.24370278007223,1187.7544513367156,1
45.24787551855013,430.49966237760157,40.842807464923695,97.98718966718019,258.96249088944376,0
46.34883624360758,1482.589487218904,135.94953979183396,126.37160222395022,1178.0122467544113,1
62.88904284756594,473.7692481164023,14.96202755815788,68.2517794138592,261.1329004865153,1
46.58031038359474,597.3496372743733,1.293923015492791,79.38692940523401,478.93305592645356,0
60.79549713792826,974.6777519999196,149.84055916888875,185.20052961792578,585.7142597565495,0
96.50801597290878,649.9831059491896,45.49534594560584,63.58617965227073,501.92284924596356,0
72.42249406863385,659.3254701454439,48.548885417289426,154.06929589952273,348.75416871354395,1
48.47952935664318,932.1513097534727,76.9915213449747,101.88817516288877,339.19759222102476,0
79.02427844327889,1031.917374238334,92.65888131571432,87.55709513511336,725.998557559507,1
46.838492539568975,1299.3240689954002,3.046474317875097,365.516292503525,881.8328221561974,1
14.237509296442923,347.32658127691815,38.12478131883597,47.03396929877172,154.29877491148912,0
34.83827378165192,985.0281477717051,69.75922277779047,318.3379001302103,545.4918546081755,1
17.58416157948289,1065.1427136971408,92.508069179018,218.33865734236207,653.5280698367081,1
47.96973031917383,864.7189509633301,28.285450212418443,81.90422793568179,525.3357172305996,1
55.368367583791034,568.2012327644097,56.556361095008675,222.24141285618595,203.4745913909498,1
88.52874624550566,788.0779680048973,40.733690906585444,7.526823890447766,626.5283637759013,1
61.53854747528325,1063.7492658028186,78.92839383504116,76.21647577879334,819.92274595403,1
50.61798942382271,672.8155895271109,146.2206177810525,64.27559325734241,296.7482259503143,0
71.58811162366979,704.9053151134254,50.76648076633415,167.13123358464307,346.5447186230506,0
10.7772938198423,818.802736486893,17.958672378481833,202.45562596781852,530.4200740895914,1
59.71229116217132,799.5776874279056,36.33229299868814,165.3899747221601,457.33679141518667,1
70.41730387773933,792.6597091958233,202.38450687223127,141.2884524161364,347.6069414311165,1
25.428275084403168,559.8364271435893,31.488873177916112,231.4324834601243,233.1634678993549,0
77.87508086413858,662.4126128557263,21.863135845324848,211.3978290972795,364.55771532558714,1
61.76992814988828,343.8712535658674,48.250222578958244,80.43960874699964,115.99246656191698,0
46.69424172198397,920.9226003613206,61.9595368079413,87.23839697735184,659.6040804513677,1
67.6556373221257,642.6779025792715,42.897774889116874,203.94421936432025,316.96852786922767,1
100.0,970.1545829427001,15.055205780751939,125.53738002534182,715.5167364379238,1
58.63732510116991,683.7355560049191,84.69079866195312,131.42930921282826,419.7954698356203,1
59.96441172600672,772.0350574211501,78.98895869922127,143.0716472177355,513.671701014853,1
45.81278200919512,334.3999774557242,109.2183745233792,28.428443610780974,173.14744375693834,0
38.003112610704164,968.8884502783698,77.67021152118569,77.76358602872905,685.4838862543198,1
71.60671633088491,1935.2470329914706,191.42824251891082,176.42431731709485,1545.8540306745733,1
37.878323481822655,690.7003383370621,115.2415599238263,77.27791629699753,384.9551305343085,0
56.43132474438785,778.8989341787262,99.49768560314129,110.10819162313189,508.45206892765356,1
45.44685106469767,938.7729239473272,149.86447606629986,175.69845730834027,543.5294562537148,1
64.57959651492784,598.6139344588823,74.18067097676003,239.4368686092974,214.54497283860192,0
61.673242105738964,934.7846528853128,57.52278257168537,257.1462849103894,252.19973299275205,1
75.75079888515799,1038.937917451917,83.99045659354734,266.11931195413865,633.6334993769111,1
44.79967202290506,463.6932177349996,8.146136051790938,117.45678602918402,296.852064778478,1
49.60250129413257,877.5778998577018,74.35981300012348,109.19656411598116,417.7637670377851,1
35.42472568435385,654.2675945807543,61.90683845146461,51.96113784576188,514.3163873952317,1
46.114134798477764,1075.2708168556842,90.7676492549567,306.626800719778,645.7246050773473,1
62.546009860897044,831.0730436494639,136.2275716278572,105.99808093492766,430.5992641748856,1
70.13977233290704,956.7171361876783,101.56911499594031,302.27440260174967,436.92522809850357,1
36.556693516447496,1676.0397480504257,36.4201676634474,156.80540640789164,1418.4261697262773,1
72.3921184021132,1181.1198682514375,121.32569278553005,246.31470937491903,776.3412065489548,1
82.11275717609902,719.5478951905864,193.27273370883154,122.97098030472196,391.03978671657285,0
63.268698064474016,1002.7513380440122,138.64372461582354,186.92429168565977,439.7836742321199,1
92.53591625116132,1553.17651011214,19.703849381783293,251.48670538094336,1141.1999332250405,1
39.52421601792854,1059.1320691525789,100.80838732200291,90.71229570140414,646.9437673635933,1
30.10690593377166,1297.4071752963682,22.86947951680848,266.9855829972491,829.2550150843705,1
19.425595021914425,616.4357041103169,53.08829094333541,57.83420162271349,385.40657173440763,1
84.92088622978366,862.8008819291331,88.83837275849996,359.77013653276646,360.20843506841584,1
68.08731312708116,1259.021989823334,80.51414376031472,143.44776600331977,997.7904659354344,1
53.8883065817909,863.8109987654138,136.80902383059131,78.6861017133485,458.302236358698,0
60.59937252639641,924.8481178221671,193.8956111095692,215.67261050932066,454.32993094365634,1
32.490219054032465,667.224287954499,95.38566325464204,161.57284660574166,371.1209757539577,1
100.0,942.7459174089288,49.83457712188523,29.89005359726476,812.1240142856882,1
57.58442363950455,833.416983506037,8.688584099614838,98.28191186633329,528.5914648635868,1
57.187895892097856,505.9728522718077,160.54494558887225,60.103240201593465,242.6945907749058,0
69.51533247797384,538.8265711073067,62.16398915792396,64.37913028544243,347.6172672909454,0
64.62018463473427,1109.7680737972653,64.7452867560136,62.602976602341094,902.0308434604435,1
59.477680485582624,888.8110962778437,68.82356490231751,181.34897862113579,535.4268282080624,1
39.190510891093766,1174.5613791146925,92.25964436274181,226.04909638340146,816.4185121490333,1
64.42936714271991,835.2265776425603,94.22746093672991,73.38583034427214,589.2084130440353,0
92.64048992950067,500.01357251139905,53.7788298274312,22.869420109604768,263.06787898932873,0
81.90840092309955,1011.3525023483054,61.679271425280355,12.64751255791714,623.5643096485506,1
86.86373253278794,949.1347843138581,40.13099524563784,410.8059007919457,464.34889072655386,1
44.7756864713763,572.8826316243756,36.39486671420302,144.46840664605537,353.2096835873343,1
35.20790359482838,667.7322329244698,36.23821613112321,216.66852499429288,370.9141483181069,0
52.48426159800704,1114.6108802525366,61.11366731712829,113.48923879449036,805.5249539974249,1
56.114498245773895,629.6751024384322,30.256588949900927,18.17487315524827,545.1991210399108,0
76.88383036941897,771.9605153213046,1.0344194050180873,170.05799473195174,524.5179808680565,1
21.150707405703614,1507.0037475321044,49.123730621381426,337.0513198470494,1050.33807390125,1
85.59100638921228,754.1453204871495,21.008205056579037,81.97156403194417,319.84923685879005,1
51.839842028420215,595.4805560355334,72.47760158875535,16.03784475399579,452.14981684771703,1
46.4623786010516,479.6585640572687,39.99556588926786,51.71543670311324,335.7313867736316,0
34.75791249479665,1067.8636540516761,93.08951403074602,223.2410405470461,617.1303078835858,1
21.902866562684615,821.0945663249839,23.0577910820993,160.7694817390033,529.6388803066667,1
71.46341167923829,717.8165121119068,10.951882724730735,267.66591035832664,389.8224587756616,1
56.466359343768076,816.900388514026,61.80048838821424,130.77771999638878,417.26017556922153,1
29.200782005178922,1036.7787601491825,47.410679387154,200.3025589925319,763.7305136390748,1
29.09842455872768,1064.9991080219258,19.159257101466473,96.23608524015903,867.2789899134108,1
48.28430601419743,584.122176964799,115.30646195969324,55.09520196333884,346.69081096610154,1
88.38043050578786,1885.949520349373,27.14972174666199,200.65342090329315,1581.0752562148639,1
49.8081729727279,520.1721991900562,34.871007843351805,225.51632658766127,210.77539541949304,0
24.937140937637878,549.3398423891587,130.77935162891774,83.40537334180566,256.7799067739527,0
50.085138718281115,921.9502463774695,96.99587013611358,318.81718032034706,407.0190670344156,1
49.54552860504659,665.5716793417627,24.37183499322035,324.1883744426761,309.81469605919597,1
1.0622671411685687,461.0571654657033,51.0022019345632,62.9108791620632,288.144472999942,0
53.91410266964375,987.6347099015425,21.995050887271308,65.22787156350591,856.1840841857767,1
50.38130939582644,1085.5231327722624,124.28540391923826,67.65094071746542,629.0473686675969,1
68.92412729626837,860.8630755880883,124.2272304517918,119.14209658364905,500.18817848797346,1
91.9791218989069,708.8080846010105,212.80968662286978,99.56692879977797,354.2977531632798,0
77.53130059095514,632.8210673040605,267.53388595888373,45.45881179720928,263.2985674185559,0
49.62222618890339,433.80300736139316,39.58781976432523,69.18075404411613,256.0242898388694,0
32.869481825166595,1038.7719851208449,110.6591822834697,18.584818981840506,853.9883510872387,1
100.0,990.6466370458987,9.041111599215434,22.23844554340673,835.7845377765718,1
56.184368680289765,762.604653674915,76.69357655851731,38.15908746671608,412.35213628068044,1
55.27858583825893,690.7385240936494,91.13829210876146,397.23003885360623,199.93461564093712,1
54.517498257799936,1120.7733324872333,28.59025099218002,368.54030866698605,657.8590305142069,1
58.961695215357096,971.0870802057862,37.46168925298045,208.03841044232814,413.1962977240849,0
52.11279176152115,1057.6169598420756,124.81029445513242,84.04971338273572,780.9136296316066,1
43.526759862395274,487.19516408491165,92.78799290588971,37.600289966607875,253.52464072992137,1
44.062821175192155,831.8436991068393,195.14163302958133,128.9168525956599,498.0445099434107,1
54.34493459568003,798.6671760363245,180.31890823007916,173.10789704860767,239.76797087292076,0
44.131504577324705,434.9022713879126,12.493750951557274,74.33048880889594,314.76655685771163,0
40.74308434645671,635.9289585536491,43.086028274208516,167.154220368649,310.42190017747987,0
57.12860455383794,524.930000287099,25.812605491076,51.312006912897765,408.7771887102831,0
49.900455651582895,1095.7130654899167,113.93298273796907,85.33500907768583,891.7854770453384,1
85.07985977165377,810.8257491066679,82.41925217110403,108.51874169214656,512.0919605698831,1
1.9806038321397637,1260.0381250168887,27.558716231287956,375.1564980368317,714.3106993699705,1
76.83013703844924,675.8857599120701,31.80062240567849,68.40198449042886,495.2158640006326,0
79.92170384995258,734.3832054040189,154.25660203924036,172.5536878900683,377.93526846679976,1
13.53219535183701,589.6138730387243,47.33079915999102,60.511912802261406,128.8707773119177,0
48.146248118393025,462.18382162870404,7.232631065818054,54.0306961310296,261.6837302026684,1
47.57118268008417,670.4982110474782,25.24858958286545,74.07909847447674,475.05978026455574,0
26.849766105643575,1058.3022326460668,222.0993833676799,131.98294585872577,520.5576823147787,1
39.443666248182495,1315.5448855095024,133.3967967300637,344.26509810411295,782.3754497910411,1
32.78848309068343,553.465471419272,20.592590153942947,82.69138292641107,168.3988753153265,0
90.04540886847246,1738.238774116925,76.66721249620198,226.59599314003705,1293.9578358388546,1
73.71356786294922,813.9993681082685,127.77636795142786,386.4174260029477,127.8095387430485,1
80.43110189988317,689.6595567958665,12.292314251161482,154.01958812696535,458.60650448044146,1
69.4334412808647,762.8022543631752,137.64642631829523,252.6427044267963,339.9941326577152,1
32.418964575655416,524.8110543568305,92.15099010587097,71.01872512210215,264.487883475347,0
44.509594674404525,1278.9728288174429,35.521318141219936,169.57765955739896,1016.3831520442795,1
64.78749122455837,952.5716787010556,102.92225183338736,198.21007649373624,347.8712572101643,1
30.55744382216109,311.6218996303701,83.27923337234283,43.623804205736796,160.140292050609,0
69.25996860344776,589.7608079459301,87.50941052573364,65.68079591322773,219.1402277840963,0
50.1934920368373,1029.2176577706107,74.61010463924478,105.20059647884923,832.2988682384957,1
47.50358384900805,371.1135004013446,30.734037004333608,75.66290230307325,225.82570420731173,0
69.21919936406982,358.5846689957612,36.23660306836372,114.0110425976476,191.63523068198486,0
63.8852662297208,674.9422179325858,55.11115901873181,38.34988625333798,525.8609143352189,1
47.7806766836184,911.7197748624556,69.0705667412888,363.55263756221933,407.1591645032263,1
78.18659606728497,1003.4842917409463,107.27047724697616,241.2702186734162,605.0287950938838,1
33.37873344800205,1476.7431099171677,225.54953086164545,757.1162759381978,378.8939583641279,1
67.31871213888527,891.5652988467905,79.34693948058148,48.15507116615782,691.6990183463289,1
66.86202515936768,495.94862428789475,105.93396005019156,173.91196752269556,205.9832244919206,1
48.809071213720195,418.40956799915904,123.32652758327355,76.20271221173356,181.85351955712764,0
61.52266044484236,781.2112545870968,111.27010322756436,53.77351345108303,551.9674664062901,0
29.97772847229394,848.3411649935157,29.661814214915537,232.83004752747763,407.4947397691519,1
73.48054038413802,758.7993312523066,164.01545989362995,134.91848545638888,367.31974607258036,1
51.30195727114022,963.0200720371336,147.1925370177858,100.19145084344244,657.6699869112144,1
44.54553958961921,1644.0431872721997,73.84496144797698,157.0867164420339,1391.3999254560993,1
75.98018451673778,379.6327360150156,31.334689160838536,67.90073651796891,184.7921530079332,0
40.91312618914482,1250.4841691211489,68.22954186024043,66.14301289895629,908.8854212221636,1
26.830774072728808,831.5940892953689,14.172549382265816,78.30472346911273,672.6390537945732,1
23.867416529521925,839.026876257335,178.3394155081259,262.1925918688078,358.1548247401233,1
67.12019902691279,1472.3507141632904,39.22076888681802,249.08271804613938,1056.146410557452,1
29.39141295007434,502.29768807923864,52.87119810420397,46.28868024594622,219.9350424740021,0
90.09588363968729,1191.6237143546678,170.02464278261658,354.05633816862326,593.7052891291115,1
13.361411842325559,849.5155388590656,156.74026235131882,127.23618133756123,426.9527907822093,0
88.92912736580077,676.3675638477544,85.68991045327488,172.04494817837758,358.1926504669432,1
59.220349344052366,655.3894975680632,196.1121020785791,76.39030433060533,239.64245847537765,1
53.06573776259215,2058.720464253138,28.790691095627373,131.87177329796398,1683.7804685019107,1
44.10161826382101,653.9411922943913,85.72223255416415,53.50858494642877,356.46757874037627,1
62.98272228704142,320.5623662061189,29.01494913415494,72.42298734610516,94.90266811100291,0
54.24730595150303,1355.9524940410188,141.2010899829885,220.84488302629026,731.4067019528737,1
77.06603764033042,997.2370004416488,137.86779974451514,224.10474022478923,566.134680434256,1
57.28455297324079,910.9256064556914,205.24001278186034,177.23349098646435,404.26765972841343,1
58.006035229237554,615.9524449168299,66.65046999448381,95.62766388158101,382.70865057269265,1
47.72775575572288,866.3417442183905,242.82793932521218,45.62153280013023,453.65529611080217,1
53.861087525578654,1182.9187459426555,26.79542008943955,281.92783957595776,734.6818344510455,1
61.156035377841185,1034.3595655168256,63.92159559250313,234.59253887275844,570.4734260555745,1
20.796632146867488,762.6123345013467,27.71863245570215,25.847443962951242,621.3897458695741,1
28.03629155788574,938.8784897689502,77.31641023702652,226.54554989585378,621.2129062107808,1
69.8652818804543,954.6469167095244,30.030680184357514,100.14835376016143,752.3533560156284,1
58.41730876255884,1348.2735545269916,141.4615151173106,202.4405939277937,868.2326153113096,1
51.320333272946414,559.055200807466,94.33779757643018,38.793362386711856,318.677328081885,0
55.36867866130786,748.5562421332615,24.67688589664377,79.44937152202782,525.5168206711422,1
61.95163410723342,1250.7494735805212,119.73132443048178,138.5284331093197,846.7966557195734,1
44.204806393812774,900.4651163421913,187.0781553386466,363.64287238407616,317.2737490725227,0
39.433905491953745,1338.7281449896327,100.92278527303532,138.7707362368842,948.1101713450884,1
58.91690510195363,860.4434996957455,18.08496125954775,255.66438596498475,315.59705937863873,1
35.43254444769936,856.9409048210498,59.26602229862203,151.59427681566504,581.8818766721097,1
63.16505511428944,834.2171128972823,110.17967778016363,148.0010352055259,408.3022589223551,1
20.94832791524319,701.3114645184683,54.90351405741646,183.48091056292108,371.22335038682553,1
75.58311274651288,872.8347211149822,26.470226567361937,124.90757202926002,604.877465616096,0
64.45194964826086,1398.765927176814,152.49108396932715,217.4968685604183,871.996697636389,1
60.120594686277514,619.369898736618,53.03304180055196,56.75012740284102,402.7852607547278,1
74.65381967891028,1287.1034064169853,187.1545090836108,125.50084065685776,913.3108294057023,1
88.30948888925153,844.8894352095841,43.28132770222575,382.53163324453806,308.7592188029561,1
75.2874013003626,1231.732510680812,50.56636972009318,262.2890494901668,878.7045950363051,1
18.182515373367096,726.8643758701276,40.46359067694502,160.46045996232615,503.7960294266915,1
29.40846066528597,1084.9100120065896,58.47406659025517,240.12450145342407,562.8066363399568,1
42.503628446086424,771.5256743709326,93.2356421599967,322.2202600697294,235.17376517284987,1
55.521821004216676,553.369373311325,27.792985206829933,22.59229140998167,362.4022743553601,1
65.35318040938246,700.09754054531,23.084015379958053,107.04709985570592,467.5732554200452,0
40.48512373693069,929.8249347411821,11.981388385328923,79.24183230243499,821.4058780612338,0
58.73533528954157,686.4167118294152,10.31317180509099,41.31519845878435,421.5636982404294,0
39.89234135293355,789.7216392618794,18.31044249932581,415.9381835458048,294.2350101941248,1
42.76964394016103,841.6149466317763,43.030792487544744,189.16124800608384,538.0000928828761,1
26.866778063035554,1722.7689705459004,76.27335537005189,234.85968962327627,1215.537085565238,1
36.535335077781916,781.2491964252587,89.55961646961448,81.8655330576805,570.1975599976873,1
27.966307887673327,664.5027819368759,73.66646853822387,105.42771014682049,418.8070484536865,0
35.48253494045335,906.1077112254121,173.16662265040404,129.54951582379957,540.5086897245994,1
76.07283593215679,699.5768637715424,210.30913884186188,168.4938407842184,282.21314588951606,1
36.01202222336114,1337.2186934906308,53.236100544479015,212.40679626934764,978.6469440671983,1
100.0,1245.3304235146195,28.23284643067391,203.89310017516962,969.7975459425458,1
64.86635801761778,857.9728164358228,252.6153189069275,110.43131350375116,275.4625151177913,0
58.69672247389748,1456.560632639343,148.98155875390304,329.99099835899426,957.1011989308976,1
37.832844396375734,1003.718797204868,141.6340964758968,289.91354036386394,543.5131340535743,1
69.00619758817983,945.3923891086931,41.57921373353274,157.46927730312146,679.8106553644413,1
43.487243475244526,812.7120931596418,121.79433588732488,132.86327785157545,472.95452868998836,0
57.44019629290723,720.7721794795202,74.10863793727995,104.56987746802281,492.7769769945222,1
100.0,711.3464971489092,62.91921970668141,169.13083385302872,331.99504298605507,1
53.078802005507,695.5126535047328,62.835151649559144,280.5205212553686,278.0422265316237,1
77.98546652571352,626.4937575173553,96.33176418986557,134.93625814422182,269.28833788989914,1
40.93647149748225,1306.8610491818736,176.91950600353127,86.76610324743712,834.3206209131966,1
54.300230190060766,1180.014364280666,266.20567567645344,132.90394237158122,524.0662956388333,1
90.4160127127102,560.7235493328742,47.888278368279245,159.39325945854725,285.6392962485049,1
42.46065884424465,724.2335447566943,77.27938013781338,53.694670953452224,500.90884865195363,1
91.24897115993858,377.12105022643067,61.69148582182466,42.90903314648771,166.12843239145081,0
69.1550387091095,532.129678817009,91.80976119547904,88.45655041021021,282.2825061760694,1
43.750664482114644,1299.061001705217,55.825410640131096,329.5706051813879,877.2908136295035,1
67.64815478111042,835.7044582766154,37.53421407991279,270.82354632022117,352.4532208505344,1
74.4510889925346,940.2032980281172,47.94303150206319,34.74490488883286,821.1235835775803,1
67.43619924434392,744.514438568625,42.102816120518895,63.817871775245976,451.7480670837112,1
23.595505602190872,1071.016748705856,59.358879003668,210.11219996877605,682.2127761922736,1
40.45725648350263,461.5811047889318,19.715679287890218,96.76492505733849,241.62377109243405,0
50.0496272889699,892.5575014312801,42.78869572090156,175.0909064232491,628.1518975229438,1
53.511331417999074,247.6382666372515,91.16366102154943,36.57485893506731,107.5875571029383,0
67.41344195101357,764.7815496894337,90.67860119127316,131.07776198175918,371.14346427039425,1
58.55402001866508,1150.4880090820416,80.57830165550094,121.96885016083954,901.9367701277587,1
28.293112825797976,1010.689523579415,166.7683036698614,235.57430338889876,483.6645034964218,0
62.60395702011927,665.9102900342896,93.77769083935677,168.51782053268866,274.129270258209,0
67.21171490567646,1254.9799999293095,163.14957345931367,143.0419311763887,862.6403156002085,1
66.1958089586208,1693.3726020331785,266.3337174206054,29.38226147709112,1293.2748214920966,1
76.61561451109243,1044.567196744586,123.92120440582134,390.0341659471571,412.51633866009234,1
71.67844309097808,492.6336342302815,19.81481610935954,200.5979726808348,174.04377912915166,0
64.18360158456873,689.2109540575004,82.95364174898995,76.75512547450931,487.4422064206514,1
53.59668577082706,939.8027354171269,74.2152125779252,140.62091799603155,704.2679793279339,1
21.780781329680174,760.8445748768987,186.9536604613226,98.92115618269155,425.2846126890134,1
63.592364382651716,355.4902462435895,61.0725740662459,112.66079947954975,118.44151315853482,0
59.15375374326222,1184.5304385192644,33.13943351777994,268.2218585023134,666.7824939091797,1
60.43157674390747,448.22496102792724,44.91804064002914,63.57503790610855,309.8729387499724,0
29.465028483593812,832.1033806157354,20.587571435449025,205.94487598391478,368.07920170183723,1
33.37886919183475,983.2801970371474,238.80696083037517,275.2531668004723,179.62609700355569,1
76.06305706665808,393.0381409597526,67.64320795323252,185.8519192099557,88.33829300676508,0
54.2088969228669,658.4098390947424,22.6206090901183,116.66421147838221,236.29817581080363,0
68.63001394745248,697.1603795511617,198.16856954380984,72.60124045182431,349.68493542318964,0
55.56636752260923,713.5132069857458,220.47569386436913,80.507707245234,345.3281651957499,0
55.5951227899149,1437.298808099169,76.13429017900869,142.58004215107033,1002.071559470537,1
73.76567611951995,509.29311351148993,18.72199368905567,134.74260296475336,254.9034027459104,1
44.679105435652524,1142.9051108924336,45.840998703550675,222.37293323109606,784.5332045869756,1
56.92241553881967,658.3757423019106,56.000920622038024,38.970073030996105,514.3228542414952,1
45.75449422589915,1466.9444593050162,69.40185994936607,266.1435182060033,1078.5209419450691,1
46.31007545135369,1120.3421077312812,25.526604988165893,546.4522874360191,455.78750557674744,1
48.816557530627215,599.4020432156449,130.98201357080208,124.45104699618884,127.5263265369081,0
59.44267543267426,581.4268950878517,6.33475061522335,111.52061331756606,433.54918602997236,1
45.42502756673045,436.80514848690575,145.74310354731728,119.06925765917966,92.11274321969333,0
80.11512251147042,564.268309992902,166.94130236276897,139.27776243054058,233.5272831439488,0
37.107853955609926,639.346942577652,49.695146788308946,105.43313640029479,437.3288124441216,1
51.26256711677282,667.5643518322643,63.40683548944595,23.053017561104152,443.25279061990824,1
46.2053788345165,1108.2629935499806,181.01718577733482,117.24989654902008,770.5234056427918,1
83.93955768707465,1033.0715208392353,107.23575980777177,144.96790960704294,600.3484359061233,1
58.931095530231495,1397.8189413323469,51.16530463195179,284.01754121493195,1023.3416692184963,1
75.6368907893727,943.5220562919214,56.24016230382077,62.92199238336907,770.0642964163712,1
25.288792539260562,1185.3470624824497,96.7223858274251,354.4472698020088,720.2917558340936,1
60.341005317385175,1742.9598856120424,224.84461686747468,100.3438183973463,1237.0648131883304,1
72.79261591246873,1039.9084110505794,57.649021499483,69.00185538152363,750.2561640797019,1
56.645679785508484,1209.3373955047093,49.892285422296865,200.6312102507071,933.6101275207521,1
76.30960750130703,395.58496157954,69.02933136065529,92.200228478684,166.79154021269926,0
44.654230997992556,656.0130349536864,69.34561862274606,126.10011860665077,397.5662686087251,0
83.1869488037116,862.3537011053238,84.77449336042531,132.04910150370756,586.8749841173276,1
100.0,1043.218123702697,63.565794377378936,193.36849040850245,495.27123363595115,1
47.74322879120682,636.5917427845787,151.66965807282554,123.54392244912016,303.35874723985677,0
46.08994957198456,911.404902076178,30.866572759832557,114.37255313752682,724.8749027807532,1
84.06768954235402,1022.7790242040346,91.73273819505602,98.47857757140675,816.8547580282925,1
86.59144291461425,772.3914956082717,94.35491264825583,181.12028962138672,453.7530550505018,1
44.54279945693463,747.3481068333567,33.44527922709841,88.72216675048456,409.222661320412,1
46.596263658082854,835.3155735820526,91.07146101827612,289.8555818425269,354.2929681054929,0
49.364307822789854,1070.4746679449745,96.1441472841137,133.05035659157394,741.0122383854817,1
28.11098977931446,483.9325373115977,3.013961314603573,30.886463084154492,404.56268226269054,0
36.626961070316035,867.8162104052069,28.200038871565802,159.31779876618722,486.7632738917659,1
34.91718466495864,1375.9211495314808,191.14769348358345,176.7066447229738,881.8715820891301,1
39.64404869791743,948.8483029343045,40.91053840754823,291.8680128048629,556.716040146423,1
54.30630225226437,620.519581863377,22.564743980749363,75.12379569364015,486.81486266796355,1
59.684294650730415,494.1426112301525,9.760971854927272,66.92688637052761,337.4151142615528,0
86.01000985628154,733.8387460423553,25.780545384253944,197.4893321368009,471.83042573142126,1
35.03291918522418,706.1491775604229,61.466871678164814,262.80858515595656,308.92939108666167,1
74.68644796953167,725.2291024599323,20.969344628669635,72.86091081061221,538.00355606317,1
50.72022311548982,673.569359259367,108.23274480990848,155.55601338088277,362.54737007777493,1
54.01072580695134,554.7815103748496,32.899059647433816,125.00732868374686,390.1155164226503,0
68.49638984333208,749.5664281449004,85.25281522373007,74.83925610893928,473.87927808703716,0
32.54555956875403,1432.7617586100464,173.17383282013367,120.02216606585849,1091.1039781938375,1
62.64819492368101,1091.5377549329405,166.00480471603493,251.32789458552347,581.4016280901265,1
58.32904416426112,528.25744535928,84.17933075973158,133.43491685397223,235.16886913094265,0
64.84902528016298,802.8127496875211,24.16357980892375,115.68566552941081,404.5170205903211,0
60.783372878156364,683.3646791035749,64.83370193287568,190.93238798659206,342.1967306120904,1
100.0,846.8068003452365,86.22129045422304,265.54832248949333,333.15766825666384,1
42.24520031497368,763.0497926620586,298.648727195693,62.052681523308614,340.4279495334367,1
44.380060899963645,619.9242321154394,9.641031239157062,159.7954402555975,411.14233784798324,1
42.53718947150471,598.8464572985989,65.01355831712638,100.80484919925993,313.74623475105244,1
43.890457616794905,599.5396923213644,105.51635471463577,133.83754624698938,314.61361046551116,0
42.252257453869646,759.1338013722002,73.22651376829702,200.5863304121754,342.98339043134007,1
78.78033062215104,547.369974018687,79.42472721783886,106.56192961980301,333.3279502063791,0
83.4100849597971,552.0520521714924,34.726092704086,122.90058883193475,286.239940318478,1
43.58507412501048,1102.785767310847,129.41437588816066,238.65898198990823,651.05038398134,1
38.352888537915426,849.5358660728152,69.37017101301572,173.9471854597714,380.3315981527279,0
64.42831112772808,738.3249937415685,79.2094966142336,120.99940919107843,421.8210032818734,1
43.95553911438057,761.6947975102667,138.95588656625452,142.72786549484772,403.6028665214632,1
67.65863635511022,664.0946394655055,52.45448371664889,135.82779905764502,325.72111246172136,1
59.058460417026,474.9898600098822,159.95943578157141,28.807271933979333,279.6056519490601,0
24.68511770005536,976.4902984421852,20.237433912855955,144.34792558481413,684.9554577755787,1
85.95010402660122,553.8652972599903,82.61003423066784,46.98596163424306,289.2317392587531,1
90.91755346191044,737.5877400315152,32.80327087536044,260.9704445995693,297.7511843333635,1
42.744226190312276,1003.3716288792523,25.373612915181457,46.06973773602063,793.11959804914,1
47.24596880128032,789.872282186902,223.13173559920938,97.26779623952832,346.2770040159628,0
60.7173078144981,641.7444300275932,21.35762218547614,84.45212087200191,471.7068376611204,1
61.6891357997405,879.3992022201821,70.41430425557482,321.40296545898866,392.64153237616097,1
68.1708854534566,786.5692936411158,19.695462599914922,254.2845911327638,461.75714936228854,1
95.20409077532699,1196.2682584822649,153.35183589412367,14.82174318338447,986.0867115236765,1
51.46105545011901,552.8775611758066,48.227374207930225,128.93924050885292,309.304717539771,0
39.03405510923093,917.8867515019977,138.4560842490393,54.01349589428171,652.223670890684,1
27.413615439709456,1043.3548176284141,102.98250925166226,144.71064603687358,683.572119176697,1
40.38139920116162,1327.7994491847726,270.4113678733194,197.69984144890503,657.0521494914075,1
54.337460542524056,1291.792600809897,15.7359672838288,152.8717606536809,963.3951276218746,1
90.89115727035576,460.4981020263903,27.976163102622742,205.33290007204437,121.51262456257254,1
44.64777401927657,627.5835905299334,133.3713264360668,108.593622500006,199.77731439435442,0
59.47575903277797,603.333374839305,85.57528353291625,156.08576173483402,275.6427943480751,0
54.67154207854496,738.5464934603733,55.59627477275478,200.74526888436912,357.67031817664247,1
78.76786546896167,940.2185383306115,238.42514358179884,94.62565485779123,542.7446140296657,1
100.0,503.93144213632,66.70193350293245,68.23295123973878,284.6237697553647,0
44.382624541593586,467.6497797993684,33.959910765423494,81.06758710907718,283.3205091873685,1
45.21121114963556,775.9099137714165,139.60290495746997,119.88339265977304,497.46396551090845,1
75.88321754138144,832.0632601530558,68.43931802719342,131.3317367580971,612.8797814614175,1
68.63782979252623,727.1697989430903,72.58489313141459,162.01832524551605,467.0888978452336,1
91.93414651472068,919.8574151229332,109.22791951589608,75.16714518289405,629.2359322867593,1
66.67856370651927,697.474706891215,112.25406288486481,204.42087214250623,175.1216135746278,1
47.81415818425881,893.0974818137355,27.61806361038323,366.0472019194108,314.04845216532686,1
66.81309661384618,531.5591567788005,53.04321953578038,84.9162758595515,268.12695170636556,0
77.17407161165815,909.2698229535733,17.933144376842915,489.13617757788256,346.3420916959405,1
71.40964362394729,976.398088143975,86.51401359884125,395.66937154590164,453.3135876963242,1
65.14548062214595,594.060003776899,220.53052686543168,131.05207699253975,149.74123076597036,0
76.33349379178307,545.1201536740516,28.720356860147547,117.4331822008422,344.2965517360201,1
78.38591180891345,430.20557094313085,14.519153183339505,80.204228484226,312.1970527164588,0
82.64317982075055,483.6518968013638,39.0390006141045,223.47373027934103,185.50278848787377,0
67.97419775179286,893.7939329264558,55.20857544406152,137.0513495501791,637.4959673339943,1
51.657638393662914,926.4207006675176,112.95336710875135,146.84062291496082,465.6080002396346,1
57.934273728666454,484.28826850950145,50.643098147844235,69.36269936678039,347.7446689972995,1
79.13017933016714,1398.4230853729764,87.66063256393217,227.42208682612124,1054.3339216754941,1
38.66128658025528,419.9395052743314,44.15694023071731,111.05967956230099,196.357985954536,0
62.37346617745803,1244.9063594391448,57.676281268676995,57.32778847711827,1085.0511580275231,1
47.13322375345279,681.2377784023828,32.94427524410081,124.15231956160918,408.99147755845075,0
55.57489645869635,464.29412001090463,24.09889635456122,72.86584225061476,297.43789261889145,1
80.56903725214598,783.8096372853267,115.81659001046702,292.12624907215974,353.0086669727351,1
58.82198136039807,869.4304034826548,46.78973808053576,392.57678383494573,374.42907961102964,1
55.92873096312297,1474.7154523565125,92.37330653710303,126.57344769175815,1160.08500260751,1
27.802877180401616,962.1194977349633,32.473580044391305,249.9596812889789,544.2757732582335,1
69.92507132054442,584.6636021366719,67.03804860012826,246.1628105574078,242.75393295386775,0
67.9096836228215,794.5280680864021,6.543122663622865,4.714168593225972,682.9308813274841,1
98.2650944661092,572.707299652209,49.74913813146821,81.16149557069629,376.4116948881751,0
48.844435300939985,433.0340627957494,35.69397889350717,141.0978346851652,71.9779434158026,0
59.383006553278776,975.5993839952222,149.1746450002279,96.39773299051672,673.7986596121059,1
59.9876736742151,803.7467323857202,20.52316432630484,76.49375678197895,683.2963361863065,1
86.5490655952695,751.7151089669378,59.59236361829422,256.3328906625643,388.2286735154714,1
53.09408935226096,515.0679414934323,85.73044215117635,93.6932067718344,322.81039102824786,1
60.58043051540678,1033.727323117144,135.21003765635317,162.2962404930633,719.7648063158288,1
67.15793019433079,794.1983632839704,122.62034237303274,242.7129754342928,313.00173475615634,0
58.73218246312716,1277.4753756285872,63.38164570342646,302.5935768241463,804.9058827191326,1
46.071327708989436,566.1293378415688,70.50112147283788,57.55927042248454,317.55410807571053,0
58.88179985796615,697.88758765548,149.08387547344952,61.64853969818757,435.7231544742056,0
76.47263499719544,824.2335490070824,62.43626577067342,150.79650249615776,574.566713041628,1
34.4696940117788,933.1540646582166,76.32672749570335,22.732233136597053,511.5331262150743,1
57.65939348293752,610.1496431496015,152.42065030956195,64.04629783353914,301.9893147338545,0
40.997583701216534,1158.4784792283472,294.96394132250964,273.64126559345823,557.1823334628759,1
78.90093257849685,1161.0301772883518,81.2956523480108,194.57077663704464,665.5412991735537,1
24.536261904324505,666.8095002343606,98.1762938035456,119.88235756463047,250.3526755745195,0
43.82156305456823,1009.3373017676207,120.09159968895192,176.58545677470153,583.0749364591355,1
62.54423750129042,855.0487022958538,151.43515663111023,203.04140102439328,428.0466042840277,1
86.31048058468681,481.8006981845467,137.53256418803534,42.42460037492754,260.5740903937621,0
53.68499477854024,736.2431403376213,41.28593119380583,92.49514878303425,544.4100006370733,1
43.896009466136036,1267.316922654772,85.35970622919578,296.2883511408571,705.4998594774236,1
92.6231413888118,671.227337547529,138.18664960727185,152.5460893532296,334.67651109974395,0
26.03972199167512,919.0243830735675,173.33150448302445,158.47781428847745,559.5647100255557,1
11.023880867598365,689.1818824905822,59.67729096976307,126.79602644310219,374.6538806025551,0
63.800289001066645,826.2037069025607,83.84679352011362,28.997465401551523,633.2998136911926,1
44.958915512947776,996.5508994674966,91.0506680662009,83.90708290921572,774.2415578663109,1
34.57534365738574,818.6838190237801,68.72452151280194,169.88235344444362,529.021629109205,0
69.16712894598706,848.0674202697735,82.25626901774062,94.07672570827266,662.062114528142,1
59.87601427542398,1250.6964292754847,413.5172617568497,59.23107987907324,723.8857482455622,1
43.71842738526543,625.5423710246678,57.72880509945753,65.58847448604386,333.291007984486,1
29.39391202658211,769.0731829935403,61.32483508112445,299.97776449954364,370.89773290408397,1
72.44914656560289,1027.6792829491733,12.810845315380693,90.45339413739602,567.2152924504566,1
68.00402355917322,1220.5760534737287,10.425439739287333,264.38246340611585,864.4300704883544,1
53.01648272441234,500.99724380269646,95.75765658136226,158.95475297078514,224.81168480352795,0
91.93273992095331,947.3388689913313,138.57313817685286,110.6425208603076,600.1606000899737,1
33.598304673476946,1059.3287443981217,121.51503587803887,73.78768934811035,827.262738329726,1
24.48949658150522,781.0937455230372,32.39236323265732,197.86145495822103,420.6561311482528,1
41.16183860237511,1010.0644322110695,116.58708987538168,244.9126771385991,460.2354018183074,1
54.088279672890046,873.737055300033,60.56021600712249,209.84772529714607,454.32930825014193,1
59.866788986453834,682.4072998129935,49.30254091846187,46.29470074500714,440.2165260235253,0
50.175278842873404,463.2699314768754,18.47239031994253,90.27175419192417,296.3793323374209,0
62.04110793028593,602.0479470610467,36.15206377262693,98.25643012587716,429.9411731609957,1
29.96921151619112,542.855404148889,97.37109759012846,23.778785482605603,302.11993209651865,0
83.87529208146519,939.4198503749061,84.69596734769704,175.4632038178233,638.9618953294495,1
53.35697643214863,487.10397671307055,75.72727278332594,191.55953300771392,160.01840892676714,0
77.34591663176255,943.874045808208,5.597403715085463,187.39407321975077,709.2100917669595,1
61.854506927554084,1056.992047728828,76.31440491954321,168.31363015692267,766.2344155754591,1
64.13506438307567,780.3947453824865,40.75613871802715,104.29428946478971,508.97881747178883,1
66.39534560464408,1242.584122701167,85.14672349080888,71.61073051957459,1042.0190764376016,1
63.954171200346295,965.9053708724177,154.548013214311,104.03480206272891,579.2928925074912,1
67.85445519735087,936.9225734051906,46.09584669026322,159.78470746525034,543.414279887186,1
81.58305060264863,558.6298754596164,72.15211801312064,279.39150411775137,154.43107821691487,0
58.930423394029404,1197.5725590780398,237.4921067629877,137.01184844168083,791.5045539907477,1
69.18007515177024,655.5600129024222,82.03958371533716,133.930459933754,277.0466034356822,0
53.205286114255465,451.62137880322916,65.52279047764009,25.930264578158727,257.6142000901226,0
83.80234430898946,762.3986441012072,32.87932715314747,166.6724984148876,520.113057929415,1
41.4721539588146,776.0339571985913,118.85820187417151,291.7373566480104,303.06260372644266,0
91.01880865821632,674.9250099663689,27.918683706136225,120.536463903498,417.51552119099006,1
54.196840987113134,1115.925360607588,159.17626581350288,114.4102295856502,823.6142930383398,1
26.384497957639038,1427.727007048513,107.2198509435571,99.57680787723122,979.0199233418542,1
57.562088298215784,732.2304848148831,41.99626175008481,202.07665424800967,334.69555033876935,0
41.37896685050238,568.1591614221313,33.889126557632586,24.765114125010225,426.9187727372642,0
71.81287097977449,1855.189416933377,34.627926993604994,264.5416413280485,1322.2075513994237,1
41.947520413952184,1304.4413891059114,10.656563387278604,110.9693960512305,974.2472945066426,1
46.07633133570441,1064.586263311798,94.10202565942312,168.62366502855343,731.5161552333052,1
17.209185381089384,587.3952006055054,6.663504332687413,212.02015893808948,302.6039561150285,0
45.953873615018466,533.6213216652756,62.32008838726014,64.9653172202837,338.10791487121315,0
6.5224134674208685,1037.330134404064,59.20153682816078,128.24877779023603,727.5617389639843,1
23.321943530285534,415.6514098087807,51.17920569021099,109.31371761078339,139.61679834936348,0
70.20829312288595,957.4880152388239,93.63672652548007,53.35704305930556,797.7303036130519,1
70.71600317301665,1297.16764111707,42.08622046257963,243.72476050446664,901.4585998443463,1
63.50915123569929,682.0388395336801,76.46063447939086,103.24108414816352,392.9349009945046,0
35.66047713741574,1266.8397630856252,159.15505908882224,51.58431732370459,987.2917952069695,1
54.0457728771604,914.3665167223332,101.74846078708919,133.53906807983287,592.6303485755033,1
54.92794921818863,339.0553434414578,47.5570152933448,40.477447708337294,235.18896158586838,0
31.832706216149145,682.868756310543,67.07442618018771,94.09871363038539,494.8135248876701,1
85.067966035343,569.8761209675732,51.22620245677197,157.72737689762954,320.6695060549723,0
72.54724581151342,747.885632077667,58.53542104113204,36.898276150021715,528.9658940459107,1
50.58071652340672,691.1392559974001,78.22984998930859,194.0565780282305,224.99784728004843,1
55.537716779890616,1299.5546448728348,17.597776857554162,138.21912930544954,1025.9880924867507,1
59.16765615895105,950.4909114760993,13.471166565943262,212.77689784624758,634.1962603305396,1
14.165302631514187,747.8065646485004,30.37429879077188,211.31134936407855,369.2201304211551,0
50.056452349588064,729.4673535545666,96.86241769872994,91.772887627246,536.420801538026,0
41.36031504004403,846.9845345801094,106.53180599474919,93.59898854170893,463.6604700218731,1
34.96759980210169,1413.7724782006073,117.91304908468796,176.6614499198608,1045.0071395553407,1
49.377994142280905,715.1698731802128,31.49745103828554,57.26204497188864,458.70038180381135,1
90.95373053699045,780.1173179187444,71.83860580444794,57.56603002921877,519.9723504207864,0
67.8168572253402,378.8294008430181,48.787679391048655,82.7818924041027,204.5536220174575,1
43.57642020434406,729.105243822064,60.479275752854036,43.59217256744629,526.4178649189524,1
66.45165562712317,726.2744243025298,48.07483703985825,51.10662676371702,581.0310085622972,1
82.98710873172004,505.22740608990773,81.5623274484404,52.50751279086256,256.481828736911,1
73.49267365825537,1082.769207228977,37.70413944348054,103.50590354580514,680.1200498002016,1
56.19260739840348,492.28653199762243,147.32559770101852,100.18899599505725,129.72902355006016,0
42.061264445888526,847.6005893982554,148.21868964918713,233.00402461144154,425.3711910101101,1
68.96446627227179,552.7774154680706,94.71191994177377,104.80776092073012,199.6583325625954,1
62.869707708434994,780.3464535469677,135.7593630466221,121.7601929179205,483.8262312636505,1
72.90386440055465,935.9362457828395,16.876196893083502,350.51933302925636,379.976998611414,1
67.70343603363939,804.029072269886,153.17820758572495,15.432897298043796,602.5484632482907,1
75.9910543063867,863.3252646481418,88.26361545176532,148.03245744969462,455.253405186361,1
44.29529576878864,798.836095217357,39.70901206518731,111.08459592027843,594.1044800893651,1
81.34788131268651,807.6489473646725,36.32030465570842,157.88438881583127,489.7269878254509,1
58.95199209384799,1248.506939312661,189.03094421429898,86.6301235950019,818.1476955459405,1
96.5052174525053,1079.1429327594708,119.23442115469472,104.34044764859787,757.8502914206343,1
41.21624363820864,701.2272563855038,59.21965575773575,271.532968543402,311.32856516357174,0
89.71927606330499,1078.3967827803167,16.666767284535116,175.12115224547966,786.1038277920178,1
58.95821566925296,919.196010303003,158.49046743735377,108.02251448880702,578.4931650035957,1
41.97163992771103,1039.6064996472585,24.27988728962077,72.91142179384447,857.8361253894626,1
45.32228331891357,387.55103199154,49.5172479852475,57.09747218536382,262.1838573847433,0
48.5930538361136,508.24286447096586,59.15485342248162,90.63435646550995,224.1936677941605,0
63.48331892803833,473.0685351078496,35.83331142745324,114.77293172228038,226.88299460609457,0
65.45670976071,1406.3889210264686,57.07722402978887,349.7281176085586,985.6320218759696,1
43.52599992122842,1136.414879818395,66.30352653715212,141.06066408897672,866.7796256886878,1
54.51290815478034,901.4567650560878,56.14096704062962,79.52072570441534,757.3915893152664,1
97.84540717223727,395.2088184725805,84.56556553933835,15.511320743791156,209.11210975616302,0
89.55086340201423,1148.1363649170996,193.70734799602647,71.35308563174561,761.9928785377267,1
63.726473393480646,373.30273429109434,17.5621150340965,90.72283597776439,217.50572959884164,0
55.760069563364006,342.95902205517626,75.14978714330934,150.1423423921373,73.1130538577214,0
57.40062653436522,552.6949540020522,24.53858651655588,93.1214769994578,375.3825564766121,0
67.27035945460833,850.9243571115253,15.785707804814617,359.59311907158855,431.2200194395694,1
34.54414869603189,1199.4051291606559,128.7429378314057,109.35618960215184,923.7236990907312,1
49.852469251533094,589.4456023815941,80.0191942105113,237.8929351099673,259.8593965568781,0
21.62831852244821,1466.5419947033006,14.708787274894073,34.218956346271334,1374.540266829673,1
62.98446245210559,727.1842235240309,57.03578097416379,123.64964156925818,527.0999776660738,1
67.94391879405482,731.846423655033,30.449874292922434,71.92085282015076,446.7553362053975,1
45.33627075401252,951.2375760086302,58.64018629838657,241.95075558518565,445.4760269995978,1
86.47973526580066,546.4046230560529,109.22805073901665,97.52967895871595,223.57621034548703,1
30.484686739953176,947.7060637383852,101.50260341283628,276.17613032304365,393.48357421557046,1
25.712502395803597,829.1713079213258,48.35969989324668,192.42180459027927,548.4280790825208,1
59.48903637119944,1112.1292381699034,132.9207734839203,88.65342334225737,770.2586632164174,1
75.94196605224309,726.7592554161969,167.61880818077614,56.258341208455285,384.84219247632217,1
88.67855382915738,811.6898193844961,110.50267288389703,75.22635541853938,524.3057302531897,1
45.8223147426212,914.001652509394,41.87502524736145,104.42700005342006,709.4753455466089,1
76.57361666862592,711.4200411021802,60.17339970870652,191.6446924953836,378.2278315154939,1
54.229830609985854,1211.1620020325506,189.6521144858555,126.5055765929685,796.316142942869,1
51.54745400118361,998.9192658294235,51.3815769121776,213.60210859820165,636.9553035943565,1
72.67319874973344,1157.6667698000088,101.73055439523938,289.2629971660813,731.1465386617404,1
68.0464575682684,510.30778866478227,35.398804226414114,131.05050044096117,147.15900037645443,0
23.47215686031501,685.1278684845128,133.56314475924484,61.193700324388956,403.97491870260905,1
84.53080699451792,663.6992350105875,31.860860176686593,162.61516502650082,328.810301085615,1
82.60182708294903,622.9256450610519,62.25269112732383,383.48520648263735,125.50749230117509,1
42.488745969809415,1559.9798151978985,99.17967513044809,221.1010158076821,1124.8736012827871,1
62.91607066874818,1221.9175847303381,215.72057580202457,154.7663355096138,760.504031417512,1
64.88060372565478,368.68057272346255,78.92945375836103,67.42289349993983,183.30353870105668,0
60.21347531647814,1189.047257989021,54.00205970817038,112.03368568563378,940.6924814105384,1
43.9938969230916,613.7802362804574,50.76078786172307,36.18379752005842,462.696591897986,0
41.56753264123897,858.2822550557993,129.56864382905127,53.62970351013043,605.543775542664,1
54.488918580171095,750.805462051464,93.51461669255204,164.7673274635892,334.3658308151929,1
78.45458038518728,1005.8486554713345,107.70462125086186,29.54421528459271,793.3668228866534,1
65.87200309188864,886.8316072921141,180.79979413259048,100.84621195128791,453.5872676953447,1
47.58771335827788,865.1384870188986,69.81788071469042,49.048199922032495,623.4593317687641,1
70.43397421296689,1071.7109478643588,88.79668674449698,55.754004168384306,837.9246001375412,1
0.0,1015.0234473624332,50.200836819324465,132.64932221671387,667.7608915868004,1
77.97531400744207,644.9751894638256,34.200398881836065,75.30321170426109,379.9041970158413,1
20.20572442443801,626.0988955761374,40.346617831435196,41.44452336439554,454.92883738086573,0
47.751181171937354,928.31780200824,3.7403586141966283,86.41910635909434,743.6425984073314,1
32.60660210747712,357.38735664558357,98.46203002657192,40.23338369400982,53.06899236843292,0
29.106370485581884,894.189563993132,91.31277756175018,265.85395985499383,408.6805008161258,1
78.21653574757039,968.1012644272643,96.97374135473129,198.28230232662364,477.5205951628758,1
45.64597597376218,864.5010848344067,32.19852583468848,197.7317340629431,560.5477805646761,1
61.930077634614314,475.5137826459991,40.95283073210139,70.02804182215351,334.4542589310695,0
54.06158842241632,704.5797198851551,39.81650978915402,168.24232913347328,450.27782210934737,1
64.54081654446243,826.0951361804837,142.5692086652693,145.57538724114465,525.1019094419544,1
56.536437821205105,714.4626618904871,76.76393679028837,74.04069866407792,519.9779999241223,1
29.340155516228606,828.0377939736131,69.24549301772136,121.19920662519148,510.2302269464615,1
74.9253363889428,611.1461442273818,114.77243267846363,34.687431418466645,386.7160181682598,0
45.12486833677375,674.4153811487749,39.93230441415524,57.43824134948534,538.2999410450899,1
23.86836202680498,1171.1368594867417,87.2308587876693,118.94681404901553,912.2489702336904,1
46.43769678068175,880.1524202470664,234.27850597222462,90.02238462795209,454.12583578615414,0
85.01519581268622,906.4417603811695,157.99256323700303,158.90739612914174,534.5765472231498,1
72.00443484226986,680.0716731100097,86.27350561811384,75.5216768404525,449.73404686286597,0
48.026957311842814,1078.6200217681692,71.24468430995839,99.58365405359537,887.7561459026124,1
48.014845913631426,811.5283191708193,96.3747873405496,125.73497694545856,409.4740213348433,0
48.56729897565235,721.7384615963613,172.81344801421704,70.92086590329271,280.53858615737454,0
96.53495967121682,984.0887472143879,164.68643976300325,98.39337698229333,680.3993375373826,1
62.63870904463107,797.7602942652611,192.34332782677728,144.91437648363257,398.2287779934919,1
63.600832943821395,1063.525434240471,80.01203764829305,311.7845850371941,660.6253382241491,1
75.60566908063684,610.380725727091,6.591354799083977,71.23850032833887,362.57771120080855,0
59.77578318053027,584.0178177249009,223.48760727153785,90.33105061461836,243.96085289640337,1
49.819157083585935,795.692849478319,34.13272850614377,219.75155994987256,462.3060847036804,1
51.07300301830043,596.2127181786802,113.46153604825433,253.5983328793682,195.52205544261616,0
53.56797481171872,820.1679051742683,6.781024020896612,178.47263169783338,554.0026467971943,0
54.25555526980317,1191.4641335252043,68.14703407198728,249.64682049386084,725.3169221260794,1
69.5525908727396,1411.4321549271378,51.45672692312818,68.25729770444075,1169.4809908812365,1
56.03891771614599,910.4243341970858,192.63269877672644,235.25049988956744,353.821283199109,1
69.65280154431159,621.0532275624894,87.07849876351528,202.6545906345797,307.8703010933637,1
53.385668397828354,917.0223288674915,67.60138875211439,55.160269792086694,716.3203866676276,1
56.57270380632181,1167.0391541130957,94.17273905630368,100.60597127104059,690.2466135992215,1
15.035986309357845,832.3110439963647,1.8313032273874614,19.53038733371515,713.5892776498788,1
73.32655349404963,1439.2190007123631,39.14284503350893,138.05608611627528,1178.822970279776,1
61.929769517959855,821.7106938027391,44.49754540534908,232.63527452167358,478.04140347908407,1
74.96020219719304,1586.2371345377555,105.01107295662999,87.05034097067055,1303.3505465868952,1
0.0,559.3688000164482,27.641334533634996,60.31928341888203,390.7112103987936,0
96.76749409561455,707.6932788364762,77.46177468990642,57.10638187456707,322.81711776865785,0
52.20820743689652,634.935683404799,62.66643471506538,124.48154077350453,305.6858240341327,1
77.16365633475033,586.7077762805134,41.00973464590201,177.47048483275003,294.70165113258963,1
34.20188145748938,1704.5794086284275,43.34732881065406,315.7448923165382,1208.2656330557002,1
67.2554781012514,987.226626943946,62.220337490680976,17.895425316448133,863.6129389846359,1
33.93168873652688,1534.0183169690333,9.474612135006112,292.7596108163554,1152.045258447483,1
42.5246207860839,455.48546760198707,115.87002548100304,142.95288815041852,141.7027331599677,0
93.28062707733572,607.2473083971221,33.91699717104708,225.91574023614666,216.53378458242557,1
51.186351984733065,724.0546879478319,54.13047038787155,195.33039899285507,399.20225175235083,1
59.348657463594456,772.8705487701216,187.97330298148768,129.64062842300828,365.40029490662175,1
72.40135461377508,850.6793988118947,117.25945104468927,126.38998728279135,535.9772109015139,1
64.91363775945209,774.5533797896767,23.13953648326679,161.8188740398236,484.4837167249357,1
58.00837810287153,495.8257927517552,1.268274803049232,106.03451089978893,256.2103545894246,1
62.29922004932451,749.8755022226917,97.08331494253056,111.95816728546006,342.9592920634805,0
100.0,716.7986410519733,55.8695396266533,182.9596174561822,412.05315956663213,1
53.84762405932829,417.0809687951845,77.80923733481526,71.04617589363829,232.76805146461393,1
59.02198093429935,905.0461240743307,114.55290478034071,239.077711665218,442.20073065195504,1
76.01308792015224,624.2738507891613,127.34016952461955,227.0772531233573,242.2814774450853,0
77.11051865915968,637.6920330015276,47.44634445717412,90.66134281135123,435.1933580697004,1
78.7406061112076,545.6185295342552,61.42228994086638,184.09874451316298,279.22758479824864,1
67.77460444058369,1450.1139157683401,89.10931247845534,169.643082324775,760.4858098926736,1
32.13990174539033,950.2928825513644,93.37155340080899,84.08176235975502,591.7767990129419,1
87.66863064602191,1023.5724918183814,77.24295067654742,192.61648003408865,583.9829244758737,1
32.07309213962624,1368.6115336943758,174.2685055342472,305.58666256332396,684.2487900976203,1
61.05270930478066,1102.5247812167715,92.62139428738485,244.0570365042581,608.5560737107035,1
39.914482999612844,1015.202801081022,113.37328319434889,41.046389748293365,762.9810024086972,1
53.717233068140146,866.935610350085,82.15286342760507,173.3837320532367,511.55163474157274,0
61.57524820606961,1118.5451919333218,27.449299648388283,220.53747455606256,679.1421636827982,1
61.42714430900546,893.6780476691572,39.0344738491776,80.17791450666076,574.4904194415203,1
63.438415084705696,871.8797000070265,22.18188515605618,239.10511699239487,572.2921685169347,1
87.27422538117294,471.8372285583064,137.24969013895083,73.66138384853102,187.13066339794966,0
64.0706860302796,466.9384880987923,14.616886373011324,105.28727727178865,259.4814961124999,0
50.116867294187024,834.8230136184168,59.460299323573025,75.7975104993853,538.9520796634744,1
74.28174336576714,466.9973605388037,49.61850962773692,66.87469223204371,306.696376224987,1
78.78940977849281,704.3780892969555,48.55615196792992,161.65462508697317,454.39667054394965,1
30.44784369726015,472.09271977434105,52.09717981650041,44.228165551773294,350.26518742722,1
66.94800139699716,719.5016263806361,196.3540981488046,109.35653770749293,358.0139208250321,1
69.02345484621796,717.2485240528863,8.658294745266184,161.706838972471,483.0908634429423,1
49.048729932800164,871.6201405652563,159.88390307828107,76.58358258996752,405.7552828354526,1
82.51413626623238,1400.0840520265476,55.74085184491437,264.319152798465,931.7648696962812,1
51.998888259349464,596.9750292774456,121.63610394938176,115.38999555768038,199.39755812614106,0
57.51152906943084,1073.8053661088136,70.87309112446762,334.8291622442846,633.7278095222274,1
51.53856351432261,834.3551194879298,24.5053927292716,40.13445357684818,699.24384077744,1
55.31158095162935,1436.565384644053,170.2148948485838,165.76685483992458,964.8322693296055,1
33.074498262095965,879.9017631764791,152.91742982100257,145.265641627583,489.3926703647001,1
26.198982348114114,906.9183693442666,26.31470113918644,97.47300143502403,663.1568852904312,1
86.89010126449944,1184.091910932776,102.38813429676819,130.1585833205515,925.6087021795506,1
38.060773033633446,646.1000660884035,40.608753379745906,181.53120099911519,334.398695164374,1
35.172153010873856,639.5920839072418,15.329715849058324,203.25775567117574,280.16601429557517,0
11.932197727925704,688.9377474910236,33.993382992672345,117.97756596493375,501.5005230546263,0
42.220765046209955,763.2301608113769,163.6045520868558,167.1271478479556,417.0301806239612,1
28.538204131850033,898.8432277636127,123.69915949368394,70.78889123285497,670.198661713582,1
87.84030320272738,655.2501862801288,52.59719705137968,205.69549100999666,207.2170918895579,1
75.19634178685268,1383.8300356804152,164.1228235642944,295.75131801980376,894.4005389782361,1
41.236993096445524,986.2743661258714,145.08647903845943,215.46495006173282,541.3665426604906,1
100.0,535.024726995965,34.04170928643576,75.9154902452681,410.22799867754077,1
74.63530973983188,766.2498724628132,191.19728290736106,62.52484997446019,472.77177381494084,1
48.50337232982755,1392.5967663839756,49.21421312011182,460.9113055523418,785.9911220072966,1
5.011885702528538,1036.4885117626711,54.90272138337432,284.0400840840965,614.6248573147166,1
100.0,850.5455177841179,8.94792571869578,203.71677532077308,467.7727820030111,1
27.20855066472808,881.7143065789664,39.95359665129223,307.5033383045626,422.8065339339836,1
22.092025060862163,656.0266965848867,59.824378671181584,127.34551433161982,433.3948363770573,1
75.45140864019281,1010.4286069096727,83.8506434761578,201.40888922509208,655.5274096954589,1
100.0,750.3317163460791,24.587657112453314,262.63725961572567,404.0441675501336,1
82.68545637021036,779.2133010760823,35.45196269777442,105.9990393864251,629.4241802409836,1
66.27818240104719,885.9384262946285,193.9799176592066,173.3034095669178,285.285428698157,1
66.89508683330573,783.0138051764775,138.62307883846591,245.18832794637768,313.3864677219169,1
72.06831117560615,777.8405053963194,156.27752682987415,59.18097200566341,464.8933947465776,1
70.17857179573531,716.3736681038702,63.82044107236677,98.79420162238071,420.98966331603185,1
60.62382847938751,785.5906685211385,85.68588428527683,241.85504499800518,324.03824561285194,1
57.084022079037524,636.9222023647585,104.00477660436681,147.84023034721216,241.06076830434301,1
53.74813744200955,686.7630876088837,192.10744316194484,135.34342765927764,297.5651886783279,1
39.92070822266648,1203.436663090876,14.97032972866025,124.95861809749138,1007.4947028191689,1
49.38649846266452,798.6014192725806,43.46020641452883,257.2072365326058,323.38872459472,1
21.14086371609229,494.90812625247406,80.04984592129716,64.21918272687203,113.41802994742046,0
53.033207464105004,664.3852023175143,71.21301327070057,94.15512347103379,484.2399047732649,0
35.22817785698165,572.6144990806146,35.05611670387974,43.912967663407926,323.36697167287167,1
32.92821365568458,669.9270464195465,97.72096571335608,103.75009549650446,398.7792247451181,1
58.59788302306957,1003.9562474871788,44.92736305690494,143.16616058337334,736.9327807265239,1
82.84004572689199,513.5234945958288,67.33133171470443,25.992513770301784,415.7572773839867,1
73.36633212004625,639.966412490902,94.64138745315255,71.6118306033387,389.4302417430173,0
23.58998792753646,581.0377454208303,46.72254711254838,147.69432476920775,334.2300380039099,0
35.20743726859325,702.2923408431296,116.63527729083349,171.57800981168654,406.83147091922086,0
73.81542375976431,1241.1797137501883,131.67673095184645,349.2808835750704,573.9784872557221,1
35.35025212923381,473.7846145214945,36.24511738746647,187.91600420793375,152.94190149044508,0
50.50733700005951,487.1289182897302,44.65944068812655,114.90273687983758,219.96359044905563,0
66.00104198049104,935.1815268375183,28.18312070430884,140.66414295304793,581.1345032112263,1
35.633110902727296,825.636374169506,66.18815685520963,143.8356631638495,479.8829819562015,0
57.107510122919194,546.9821520903353,83.80879707849898,94.26244772931405,344.08950624470384,1
28.31949010163591,958.4248791311139,50.481765148260635,151.8061741474093,598.4544019656594,1
42.97264712097572,570.5724785042548,82.09831579581109,91.05658403406069,378.6608056423546,1
61.39563868285074,1060.067905620626,43.676791233497134,156.71435314480624,731.1972402139937,1
23.140125329366615,776.3620730534622,44.873882828096825,124.87294167327452,336.0581017432048,1
63.80949475920798,609.0060086692883,87.00619493047023,111.44777449414863,281.2780615474624,1
54.60724402146638,1694.8966805135353,47.38359691095911,113.63960733480835,1470.0454927376782,1
66.04979908834295,1192.3360882317315,63.4598465241813,207.47148157802908,656.9766543999319,1
59.47828268129323,684.1912453973036,89.26554107166565,195.3365403733014,303.2240599274443,1
82.28280859947688,605.4474297383417,81.22349952400397,107.56169912125215,380.20872440827924,0
57.50449005295815,632.7349442538115,44.19830464012421,202.55438504983488,336.9572488458717,0
46.41188917749494,487.0055533948226,140.90141181089305,123.24740885277863,175.19750335580304,1
57.44595006064568,923.9932430357189,100.72603015453241,124.5241012536958,393.2488966107949,1
65.86596058072776,808.0069789241809,80.05725622591626,94.3207708029157,505.8988033037826,1
55.977201406514084,1391.2387110531404,24.72897429952065,327.53999448247845,907.9869831418118,1
55.811833824077645,938.1639058217223,72.53914313318246,307.08960763161446,442.52423786892996,1
40.96016624386489,583.1167066733426,39.2722263317355,80.58678406682452,361.5094110665376,1
41.74198164898104,1220.901229680087,95.57306842613389,103.23262351559517,965.4643033150751,1
26.94789456400613,1055.957235978031,1.2119134522778963,164.48012757929047,861.1937618141972,1
89.99153486373879,851.1783704965696,54.28610186459554,183.90825019044482,504.28328347573625,1
30.122735292174298,840.9415287405959,42.56319325414069,60.139434482939606,479.0482526346353,0
41.141896044081854,860.3295390710449,116.93734617789033,68.15985777427194,570.548090552181,1
40.63185468861605,546.9574600112078,9.36961174953767,5.796184146011708,333.68609842637,0
72.89848753888883,736.3525638031984,69.0435374295991,184.27144243402077,468.7828452947426,0
49.101006434159444,572.1977618408469,99.85530062536078,40.7461422616876,326.51314128912554,0
79.95484145347467,1226.3232147593615,215.84985596900907,81.09382411079827,875.7149135280124,1
41.530187515122634,590.4061800609348,44.75470908446108,221.7284244519154,289.2031549787931,0
60.57988324447604,1048.6348897466569,84.86447881623488,215.49374720633529,524.8185989764452,1
38.293058934804854,924.7185252058639,10.165511517867543,316.8409756331166,538.0727453876275,1
97.90298255546776,1487.2422065863766,66.37994636494756,380.8208796203013,912.504269916977,1
31.248031619409744,1156.8368203889845,147.9217042930264,572.9612933943043,359.0489813098654,1
61.19641420454055,662.050877403498,217.22825049861586,101.15949167228258,318.9254917088599,1
67.67553761864197,954.8121080429966,90.77371613194788,85.07192988769663,638.6330046098687,1
63.27598194902997,841.9557728477345,14.000562222030632,168.5232787337213,596.256848889132,1
51.294246822445835,1530.0634394778401,164.02770714608212,44.793138068188185,1165.9464779331495,1
52.403586005331476,673.2661785947868,14.144221509669705,110.03345082171667,509.05911668408294,1
55.87622943958219,1086.557117239765,22.425092706929526,142.9106745220016,866.717426711555,1
52.05995996743023,1292.6315975936855,173.39583125179547,176.65318036968804,818.419692776464,1
74.27758233589819,612.4336297639625,62.70790386635147,188.7586416369628,318.00023939920715,1
99.21046003182703,478.5694109642691,40.6088438734382,107.72745909381473,191.53165845587236,0
43.85016429984333,568.2811813270041,109.64708479134765,50.48289032378661,397.0013701336805,0
27.603940408418445,881.4027939586815,75.51580459168748,59.506941872028925,716.9035710952962,1
53.2343590329749,1170.8399606573792,139.0423054405133,23.04003398125157,920.1270149664455,1
100.0,341.38015294601325,78.1480180704987,87.28108010003785,44.789883319987375,1
38.926508640605384,503.2167591222699,79.4863336077486,43.928551085690636,288.0730490777133,0
87.78233610888135,918.3877678293971,135.7059215264159,91.65073432686195,570.5299881543745,1
88.55401628152882,942.1543192422457,62.04223616285286,167.4519021478722,652.5370921395731,1
43.92823516584011,355.87545040696307,30.527988491315217,51.4438333728929,263.84884561782576,1
66.37966158370551,644.1096055297145,114.08213482583909,137.7069953765213,325.8521962356612,1
87.56793246257075,394.3670212777844,52.70679046432784,106.93202875178304,167.02487650905417,0
47.417445180250255,1455.3981078283664,82.84505557368996,161.89321297784332,1023.6733563410011,1
50.92839279795277,857.5667296054223,7.594130889679949,186.53254630732425,526.6864139040471,1
43.366381721027125,517.9612129761468,60.07331606704128,102.38443751872691,323.53570170423876,0
34.704865386142664,1017.6844662526672,43.11370496122166,130.19719115235134,837.4275638571675,1
42.01444909867986,717.4603423134637,7.279827915071167,107.22142936713368,526.4248937440798,1
30.52119466475487,1120.405119329009,61.57213108704093,93.65622895451446,911.819781611092,1
55.68166936518452,1365.2530780949044,63.210302670271744,78.14275716415341,977.5185562127953,1
39.60053537882716,718.351138114444,87.28368879265841,175.83439443229935,264.3133620345352,0
59.675718235814955,1317.6012176981644,146.24737977790684,283.50199795044506,863.1367477518016,1
23.882087075927455,1374.6045266280892,130.60052101529524,263.2833202364281,846.8472492563387,1
61.617604644289145,811.9873001584699,45.71698041988939,47.606939587402245,599.3163685972493,1
71.6705792321785,1097.2492472139386,76.72266767358376,280.33508013935847,624.0827653013567,1
15.12528714857089,1076.6009402021612,96.53117084631289,65.26622096786534,507.29079985686496,1
62.48113139695144,503.31382889777177,46.823035067117466,142.94681326999847,235.03230778154233,0
79.55337984946584,544.5796900106628,15.645171037370984,159.7223416048177,223.71562216449146,0
30.80717962617589,1299.4523759500375,56.47047122814172,38.02431616897177,1045.09721545949,1
88.45144773675406,900.7672995752341,150.40359464165445,115.17750684823746,526.0463991046634,1
63.3803801873209,961.7846992806219,14.813353994360401,290.9269429352667,411.85007685756824,1
40.89976288483182,785.4064936769291,27.651050589693323,16.016429591211665,643.9311083879901,1
53.88461844684588,986.0689391769848,33.54428437165349,481.9942297030455,316.43068782113323,1
66.16653825043444,469.0053171389641,27.954662385280145,22.033517516665967,371.5140477459682,0
56.52010782824823,777.203955370429,109.98842665857138,157.13325777800208,480.8193946533874,1
65.77511984892739,547.8003575165761,39.13776056217428,39.62945256208064,345.5169399314803,0
36.586528138412675,978.3727424282853,112.05815158303034,173.37919942592558,611.3583831114613,1
58.38721648072156,851.4435365251204,68.98368132325187,256.25899059766823,440.9914377000157,1
26.725710061900397,900.2074947577058,11.04697371051005,214.91468303607098,609.0894276709192,1
52.775478773025995,1075.5579403994875,47.68515615960445,236.8997093742064,639.2091835474937,1
36.921847170704204,1164.1141502918306,133.27224112999846,107.55362017396646,826.7930743766894,1
40.28940114820467,844.7159406489709,74.96716074833887,41.83515541999135,397.5386535086715,1
79.72186350420876,695.2756779633829,50.7536557079068,289.70038635481217,260.6784824230277,0
76.82620241188538,2091.6791999237576,151.62156984682431,417.53441690897364,1409.537456155049,1
67.18276241814354,1239.985327515494,25.091412259491737,138.23261557304053,911.6842075484087,1
33.15374470654842,420.8819890280131,40.3998214252823,99.21083931462597,158.35912424350118,0
48.671831006103965,1744.9817539007001,124.82084425625914,72.55521851474954,1517.0885497026457,1
79.26195399958367,721.5638375654898,108.40512716313557,206.34975619013366,334.2315909540813,1
57.83433827279809,755.2219769400256,23.07485280727128,243.86837090466247,443.5565113054189,1
100.0,548.509472309123,94.19926241256,99.24175011538968,236.65916036634113,1
62.86635678788744,972.78560363019,38.57756286684744,328.26548551422655,502.6546373290861,0
58.84098232980063,704.4631737157962,6.799944292400416,195.65448418203172,344.02685349733645,1
48.81767071594997,603.2760412551884,51.584898887758754,137.18642449098743,241.48952452158866,1
57.67081809564564,639.9777690933929,226.3797692998995,160.45360024849688,208.47635573092734,1
51.950603272389124,668.1606413889469,134.85057402154484,60.81621600654548,301.8471025004354,0
69.1621735337718,1133.0115657606607,64.2502519018569,204.88331544075612,674.9530936654423,1
74.13404633589168,728.7895850715195,13.795489648168397,64.0073830550692,614.2259700099153,1
39.28021078984101,480.41331604987414,7.111007033535631,90.36604912735389,269.81720375695903,1
28.375340928844437,793.4102408862436,69.14941681600764,123.67096413334602,387.7007562362287,1
18.27589253793407,1299.0064945335507,89.79442479447735,378.42481827740374,759.1254531885522,1
65.15982653825087,744.5878600352701,110.88815738851463,152.18962832441133,395.91315761616437,1
32.93266787652253,1207.6210446643086,102.11007425426575,68.98570880753324,923.9298051751234,1
11.942188140950343,1689.7866723439438,108.32360242763315,160.84293908655042,1325.4467344986867,1
62.77157209061928,673.9850469873664,81.99465988237887,188.31095345658608,303.8388333387104,1
100.0,879.5089355696385,149.41732261014639,268.71056630849347,326.5179217879584,1
54.878581769202135,1305.3226661955434,43.04038677384693,127.86684983056286,995.7699115304674,1
71.76981548903284,620.7667442339374,68.35419955583747,76.99553089104435,392.092180474102,0
56.6365871709513,1497.5080688351434,11.101367235996946,439.1307378312535,786.5239313696695,1
53.02220693617715,772.4625145841999,42.257846789194325,161.07066697249135,524.5981775862964,1
73.38152965975537,777.5446401768984,132.33392356995293,69.31314333219032,421.2101170160594,1
49.194509116226975,897.0587862050961,105.89997526718147,127.10504666480175,656.639308317728,0
60.34784628143806,1187.0051212662408,3.8832479474104358,90.39920890424759,1002.6043472732275,1
61.433956123920275,1373.3888802808717,237.4913374156584,278.6657946109026,851.6420785866793,1
41.63819092713902,814.9647905509678,75.11435838060353,187.1734968266347,457.893626592855,1
74.84084699073045,834.9211414230078,76.18525114507052,104.28214252351276,532.6890702627544,1
51.500804866091826,1140.3002177819294,39.9599861332618,243.95833855044924,789.7730996205919,1
39.885096810143104,806.0951342092421,47.88974587353252,120.22614392437143,549.8862442240373,1
65.73019687140807,1424.2004877632448,74.4847659660869,125.12939508162393,1078.7026536485128,1
37.030640364179256,281.4836806218608,101.68916647175466,75.41894599544698,103.69826591298465,0
55.563623147382565,531.0958573548846,84.8572978780743,74.9709893823351,313.5972605715197,1
54.81762006711593,1310.2251306012076,42.767299844304844,421.6982286688904,628.5473531639203,1
76.71791131663156,661.8698316914023,30.133877676564897,236.89645383773617,365.03752470502,1
64.49396465759905,1123.8236605105667,28.242682615391097,26.653846032609163,1019.6025965277385,1
54.499460825097124,539.2331414589287,139.43994468434917,62.816320630869036,326.2238562514027,0
71.35532598400574,741.8507229920009,128.16503678556978,52.978911587595135,502.59011115818953,1
82.80415098034626,611.3662590565544,95.13001245993864,135.36278637591386,300.88216962658487,0
66.15620612703725,1082.6073409433807,138.7547544942321,96.69085862188211,449.42288633868344,1
55.20705239686761,641.949878934515,60.409351441301354,312.88132265805706,152.45596629743397,0
28.763275352996807,486.17642073924844,120.65927384355918,103.2351820549504,201.81702770318915,1
33.69772673849255,1801.3951292054908,98.681767616266,395.9934530094055,1287.5968663258325,1
48.89550591290665,774.8113140823625,122.91933508487858,122.7399812347832,479.4718721583296,1
42.809755956814335,898.936716929798,25.585586903216864,447.97422349450085,384.0503018619913,1
51.26057394029108,439.5384014071974,81.13611283944903,112.93622594757619,237.02819792595096,0
56.13299849794214,455.9280868134131,50.140590642881676,114.47850526335704,262.4402682123902,0
65.59385508713461,1510.7516749965878,5.1985105978861,233.66055467567782,1209.7415083262883,1
53.590024438818176,933.7140497939473,154.77977569595254,212.8837596359544,496.1087544211462,1
64.73003287652404,1157.0991641982644,128.41119407822328,45.9733869632668,838.6687770963974,1
56.28948829620241,498.97719608814083,86.44585488222984,137.5490014576721,51.07357112906753,0
15.490668672922574,534.7637494922085,31.88035292316951,96.05610005843349,338.14892763514683,1
36.21329212362491,1378.1189322590149,10.503834179086287,91.40767263348567,1117.8592186812411,1
52.11824888556769,555.6879047001905,5.085107576333825,137.1070296508131,352.95307136362226,0
30.80610514317785,438.84084517460064,41.98984968879482,106.17530419005759,252.55999303903153,0
66.9985745999241,994.1734824253344,109.44394762312236,146.84239297600658,598.9013786893,1
85.61501664687395,353.6010641370365,50.57964944348097,60.621568273354455,182.7082847437622,0
79.37523703394633,331.42407945228797,95.97274952008156,37.31113413698335,155.2479258289377,1
50.731142581395844,1395.4966993421235,99.41987191584678,239.25569552296827,1020.4069295146038,1
84.81452273699904,687.1273729284095,108.32430529542572,262.33863253409805,299.90719720243897,1
57.97334914404223,987.5678143511059,8.329963912507727,230.0885902642895,661.2501991566453,1
48.25828057763921,1454.1782968179702,34.57282730685551,133.05587950715153,1234.7994582556732,1
42.7319467291812,844.6638896895151,94.70124945517182,100.54115172302016,486.85939059443774,0
48.95060627023743,1173.0906467962197,177.67257845777965,82.67802066360755,649.059947014666,1
47.236463629175425,407.25332327543157,145.4025393252757,71.67575151574647,153.96873587404414,0
58.408324447509756,512.0968323612165,83.18454098243143,122.83225742673159,282.9999807525786,0
58.211479620997295,1751.9047531458016,155.8913875452969,258.37867011629913,1109.2060969668514,1
55.06092040306829,640.6513467986014,82.71565570707847,77.62479579392947,385.44225759009447,0
63.738763394927,570.8399795066551,14.356933714658776,258.6522604927213,205.5672595479888,0
78.81292549572683,885.527520162305,107.03204758982316,39.03904454406427,630.7552889435646,1
73.99108270882647,1420.0157311858277,148.80934742411628,151.89198612615698,936.7185924666933,1
25.30204063100193,923.2705039430807,215.02753530100546,172.89815766307086,353.61280064900575,1
3.9215773019609017,896.1608319107823,40.976418177692054,89.20400334782262,631.6336499901115,0
73.68639822478548,881.521394182895,23.005589619024875,57.54638907344303,771.3486894585376,1
27.662426031691577,779.1665559391927,120.90464311921232,219.95999176912142,425.4207046757667,1
50.50469196214633,644.1739404566727,90.64532316191837,133.73536395466968,389.9059387678258,1
31.59773947881281,1842.6264793955165,84.78728175651031,529.5779306505225,1210.2470810600473,1
18.960391248399603,781.2986692685422,157.3666750789891,260.8031040318664,217.222017575336,1
65.82925456409576,943.2733532694457,120.57652392471716,262.0794855794421,511.8983521385342,1
70.18310320605293,688.2278098904385,96.89210403519493,12.43985568625201,446.59316526811307,1
43.46979198546561,653.5277386459804,45.57511213241163,78.78179906424589,444.68631161435,1
3.179154157101806,962.4201460051697,113.86431353318001,52.23125654905546,748.2347128564646,1
44.075111034950346,737.5126437155533,22.05096221804388,21.79775938790334,656.8025581358928,1
62.83608010805093,813.9282481436014,82.54138856627921,126.64461982765178,559.6013015387618,1
25.421768624517426,460.8589280314517,64.9300763391838,216.54765624018933,155.95382008571445,0
58.667198395583114,612.4189216871232,13.569475393762238,62.12787418638624,268.17693519209985,0
54.69380301654009,599.6807223075604,90.83678990285897,23.13392460386177,408.4941192839571,1
66.58582999202177,692.6963416718138,41.05469684905401,66.23926027852383,500.81969817028573,0
57.39160736828306,1390.2716892637873,89.24183839486703,116.3956316943645,1101.811626967276,1
35.538621182368885,775.7220488048551,28.436276737556227,110.54626061586622,493.43982776327346,1
78.93143003328983,1022.3226952127852,121.41399022418247,130.9335980539367,728.5084258506178,1
51.8294085394606,1012.4676177076408,196.21644916366964,170.5960766549035,456.5469682273263,1
54.45390920980136,911.5774968080971,22.05920101588297,128.76981877906405,696.137234247299,1
36.33464081853608,791.9870958445337,28.400899835337082,224.1111120922231,476.9647961441214,1
46.134354976169796,531.6232353797953,18.374640773490583,63.04500247352599,240.6239801509158,0
37.30394571946198,851.3790880731567,56.21200094523712,107.34863123624547,646.9389368970667,1
51.54107880153154,1001.5296951491663,88.24106316675585,188.81496227124515,610.9060105662649,1
89.23416960284686,534.0649992087498,109.05697925427378,156.44915167838113,186.25085131579394,1
27.56197714137287,954.0306320995093,81.34527270655451,368.3041360024505,456.55130111129716,1
22.72877204246518,753.0861740815091,106.72868282344729,65.13870597946695,454.00331344708576,0
84.42340654987217,611.3913287853388,63.14011225659846,190.9850810512404,329.73490993705065,1
50.81352645696268,401.6783858818403,40.63780128497448,81.91726601704822,231.6569320671203,1
41.61854522680167,733.9931182981393,29.084083233608695,75.34305020818218,539.5549633491063,1
75.79809374792153,1596.0108157983868,57.89462772678621,251.22898645310386,1044.6148433122887,1
42.88768920526272,1065.380739483012,29.766164624355635,127.78806097360805,680.4021197019773,1
91.52019427093873,525.5047002431328,86.32135484042237,154.71330375617245,169.62454543198973,0
68.55851742678539,1183.3922040678688,30.22037775962125,86.62987070614669,1000.7046027056715,1
45.24177183708595,1067.3167917078356,44.51996955680788,90.34567475685515,922.8595841472651,1
98.14616426531006,677.5878813588292,138.95714982499595,36.667520568677986,342.43613212618897,1
42.88570153993323,648.5006159925914,148.06366712919402,146.75479312728828,177.80680970612758,0
69.84190744018613,667.6976920247296,144.9358883110757,58.292156444813045,350.8090572250893,0
60.985851608129835,616.3062435943708,63.961675772460765,117.88195564147676,366.1753226444159,1
81.03482578797596,603.2658233077291,42.0698866356421,223.9602808210756,187.54879066721955,1
86.23022393453705,739.2680690234334,96.018089988405,28.023480303276422,534.7407998296896,1
55.64008298131533,1007.8213856795438,30.814062386560423,613.9257945130456,289.98584397672533,1
39.93164259307633,418.2049551753494,112.82668262043086,74.18005912992908,213.1765546835109,0
64.19944285878233,706.3359386635458,38.864591402554225,120.22366272829986,403.10907679682833,1
41.44569260495788,1331.5732167356373,55.99112999426245,154.58909118107547,1028.4150363477102,1
95.26774495053246,1167.8349392378168,114.57992448275954,72.31481501434409,754.3188962312398,1
57.73070662165475,749.805388058794,9.913766774334867,92.69874410567357,596.3987308644238,1
47.69356897375783,678.701774440919,40.32100408911873,256.28969361977636,343.6197865007837,1
58.69360611729817,659.9406283573009,87.66997783922457,208.97620200012938,188.64208495636404,1
28.05747420940607,646.4564630979282,101.62176216537006,108.9408222320641,234.67050607251358,0
35.567719229786974,1034.3477415671607,90.19414264768517,129.83855527001202,729.9042197124115,1
79.00827815888852,641.0005513268934,55.43204028063303,142.75892478371173,288.4007512917238,0
41.862114420572084,881.3998015777954,122.65980262199258,185.70454103244623,508.5994919796026,1
34.0617803463612,889.9761438134493,28.18572690860225,194.21127708680604,600.2646984257777,0
65.73305505054572,494.78191533576364,27.053814187091007,190.97871120059898,162.64163696136703,0
78.71408309325994,719.7723540652077,87.0486550850241,97.04559264330607,469.0700984931182,1
69.37906621330134,839.4670807691207,25.266457711639106,139.74562718361562,572.7320590632996,1
74.92095371611633,1702.9704827283433,200.6683699165245,239.59061073740966,1171.9584185167462,1
39.864098228610786,1013.8872076932124,41.32742609012147,438.4577086908298,503.44733682971093,1
26.563786665163125,1070.4539161828518,121.08822630141336,137.16210464261573,710.8835287935315,1
85.02667303910974,488.55511646090184,21.20593974795018,87.87716451648568,347.89109939289665,0
48.546403223157284,1197.987351237427,173.28278189420354,71.2851090695911,807.5215371036332,1
49.983339670899056,640.1762951054379,67.40000417430831,191.91820524350868,204.11581721566006,0
81.56388283698115,760.5924158786464,40.36741828322108,35.18591719087931,611.3608005449579,1
66.1246001880132,1005.6780582262643,52.37971843898105,193.14306672752122,516.8151212543092,0
64.11775544163216,1314.621981051368,34.974281115348504,195.2895639253027,885.6657187162432,1
98.30004689802168,850.1952491195148,55.86846853465634,90.19247467261148,601.5725043566033,1
42.12963539239714,656.943185220724,22.48753111641137,152.35660356297464,414.4290983845779,1
73.55680256162475,1124.8385880522533,41.4870357673977,111.46395211098327,805.6161555224703,1
56.14026249794169,1006.7221003138,119.4923223386269,44.24837937614101,596.5831872289644,1
60.37184557726514,623.2821172931006,78.07923870260858,184.27614248475192,252.26464670027238,0
85.56936852825064,688.0536247529817,27.65451824047063,173.86975585245915,430.3485683760406,1
65.15671512579247,521.686213751419,57.40980058999683,95.41173930023837,232.8681172179308,0
65.76592158099265,1238.0636892185862,149.20802198215458,434.3514092654741,570.7231361439659,1
76.45014674619604,819.2495814381913,45.6357695131534,130.564417311113,606.2406520042946,1
47.70094540914229,1188.5032903488361,25.00635454201479,25.555515777708024,1077.3484443820385,1
38.21580665321987,947.5832172940773,99.0093160520791,247.35764673611155,425.0764667191432,1
34.10381611957933,681.3623814597745,5.651975650168337,212.78763268054004,386.0706442784671,0
15.672868212479962,509.1695012729542,53.33688640958869,228.5928789449676,173.12013566103948,0
96.12414259880644,849.1520259095857,158.0503419049182,60.85985485790725,424.87947505359165,1
32.93583268556634,776.4691586363689,56.124807641708855,149.71657955470042,398.07659326237433,0
50.57492752828456,817.05728737201,127.74146800567735,129.08785223434077,497.5962507014013,1
49.463734002221585,814.1946783051063,24.677472628681535,115.24058622799033,391.4533130327432,1
61.148133956182015,813.7760559680238,54.40617791683892,287.6788992552478,391.8947396253906,0
71.31474425078594,787.970367614839,50.383763462527725,131.7739619846293,496.7753964989289,1
72.2094697671949,726.4425765405516,95.2576551530565,97.78899182747506,443.5193772602472,1
43.33845122862123,597.0458942463163,70.23155157676487,97.09566441907373,387.5934343565542,1
51.65756572427177,689.8076781523745,172.29159658104604,57.255819932585,385.261277082895,0
60.651599009765995,1516.3326157820907,43.55377985932786,140.41790721834408,1249.6125133312673,1
50.02617747632906,763.2632466600666,69.59327857550551,301.1935834178144,378.89456713787,1
87.14691152039985,672.5143757440428,51.92079254262349,103.49639773980776,412.03078062544506,1
64.81949903276502,528.0181504508738,65.81258573120148,155.21539123081547,149.12789111539382,0
69.69755572099635,1016.4167275792024,61.35015123340444,113.99681089260054,809.1184542629254,1
68.25762537334825,382.0096365373772,30.541490944789196,122.5229597205514,90.28446747088155,0
78.4694771497065,775.1723109781093,114.99187728800837,218.75401103341238,259.01450532679655,1
58.62043117407414,805.672238795893,37.80757251606302,56.66425874756292,635.2668786134751,1
29.06336104088307,490.85912131893406,35.52767530795504,38.334441508779754,137.4361022629068,0
62.99375903505283,678.9295837001159,14.479265246053385,247.58822767741373,313.6695367575948,1
41.97286212416342,604.750198152724,42.515072992760004,88.4383679797099,460.93727411870276,0
44.42766636500487,602.3755619986241,37.38313365000041,98.61371785189355,439.87090789170475,1
66.72728037510187,912.7923105860759,7.332570079265795,490.74075414903615,308.0392283216943,1
79.76566142867271,1114.1504129286832,55.67957925289981,211.9552920951004,712.9598854738597,1
55.425431534721234,1060.0265551067573,167.1961575575901,67.63349116569083,736.721393380634,1
61.17666025197928,1023.2876785185713,17.50882937490635,258.29898927704744,645.406798755118,1
89.04429889270476,724.6463358246975,64.89834939554731,215.05074931829506,354.22336969759436,1
59.81506358977136,621.0130062417279,54.63469611656397,4.822460522709713,511.657222511405,0
100.0,668.7931003509108,104.5424570902341,143.8592721797798,329.71649966124613,1
66.31019291263088,1657.8890640152658,109.98930747596302,58.92597546505792,1469.2625691358458,1
19.784744816883645,998.7752194460093,251.3463414216015,122.35023736671087,560.0324342967892,1
70.06683242209066,1002.012527634496,80.19889946691066,439.2965945463726,355.45467332869856,1
62.62316769765555,1623.07915447066,33.22656361151105,224.54094380418186,1325.4324851173926,1
80.79505508165491,736.345699461182,41.51784158948225,243.49640552668444,381.5548601147708,1
68.46362702539916,802.976075793324,45.16972873530027,114.15570378735354,548.1836877005102,1
52.23088032032452,1270.8651376743628,38.717771961563955,244.19196844232232,719.2306536277592,1
30.514035274212684,780.953009715546,194.94386812423892,76.1187973896601,338.1133830329374,0
50.819534854279496,591.5321422104741,106.3435013788644,142.65309458879156,323.59855199154686,1
37.989590915814,1414.3431794759929,94.66966429673369,218.13171230152255,789.2654068477639,1
43.389531003905546,1173.600891263987,25.676589302566974,213.99192699206804,718.853068880602,1
66.7715680884122,967.4458402951009,109.22169557858783,40.42510422815359,717.6588413450442,1
88.39809008702812,1285.0386532957039,141.62834815777404,382.459204195799,608.5366056189387,1
62.89343059645962,1408.7704299836612,55.421471836359174,65.46508359813717,1242.8172189127429,1
31.082338759296313,1154.5620305163088,41.11083485522728,543.5898557877659,486.81697060627624,1
63.89205336440281,727.1229598066961,175.13606927088904,222.20039835140102,287.07098695370433,1
78.93262973291303,600.8672020039653,36.67604403022797,210.44654071940985,221.16156529279573,0
42.804341913612355,854.842362839109,33.42638120679873,69.88570199655754,375.50199119954954,1
52.31965666654165,222.302139371925,28.65646209606913,91.14519780815769,40.24962211327312,0
55.29376389458394,1451.5385971446449,62.48585544952208,363.91325110153343,948.8447292695125,1
39.3020337383552,1089.7410531375738,80.0242687628874,335.52944208761676,588.9311690022681,1
67.96560867687718,595.7962127627208,128.84630277912936,116.36888857731812,285.51287056962764,0
52.58103702784437,1154.7848761205594,97.74503898909705,109.66578316088844,820.1297922761811,1
63.39064887814055,610.3312389270947,96.63359177251847,111.90551933236434,220.86464804804922,1
37.250156443958,726.1467985338923,156.33929487454336,259.3861232334663,256.7156568614326,0
46.25083399353179,851.9782649459505,27.41589324531064,244.02031251156586,496.09458439253433,1
69.44762715655543,1341.0258904713637,16.420970130338507,167.3857155237936,1017.8644064032859,1
47.54333695816466,869.487992015084,101.14710086644239,143.58763542216388,585.3732140057169,1
89.53927702466811,260.9757134841242,60.2409874920381,115.45404430129102,56.85592209747814,0
47.00727628770795,960.7090457292333,129.16409250392593,517.7068886834534,260.9973489276721,1
59.49369451503772,542.9386575912184,64.68593893031192,44.35404052053418,289.5185367738913,0
73.65181663746179,708.4488497157554,39.927745095546555,99.50861622026146,531.4113810723904,1
26.632685341339368,507.25380544876714,102.18475714245686,159.9600050048151,189.17052383422487,0
19.78382376038448,394.332388458598,70.95256492483135,37.150776689339125,201.18380002467265,0
24.486873708598104,650.6323823854362,64.72895904450242,86.77020936004206,403.03193750910515,1
80.25168206854364,1462.0212834000486,281.6935519317063,435.8767875499349,668.041669407161,1
43.96283708215107,1163.424536763084,148.42687473667058,233.99072765444785,694.4924507002984,1
100.0,715.1855770206749,111.39305583952566,86.2604626274534,495.9511679589829,1
43.71504802685223,962.1248345918177,72.60820796315478,84.36549474775202,754.1032712211403,1
58.69102606394074,1795.0236111750025,68.02905078499641,44.63825063904986,1530.2566283303236,1
85.84219905135751,1289.33682588394,52.187254905299184,95.17738430196069,1094.3332707698423,1
95.12185776318246,711.9314022995713,78.14413570500119,186.9660633077345,348.73109794155397,0
96.23007153272795,485.81894088794814,44.489569646979135,166.83607640246962,183.40694958272385,0
79.16732461186285,636.9991016024535,22.18855701483193,98.80081951591734,374.62602164759153,1
75.48125051622925,549.3230530817565,64.12389789892283,64.73546098180665,264.4123292452447,0
66.85053898402366,989.8158877906005,82.84805833702958,114.3938356955836,605.9496089754782,1
70.56722152333276,692.2578817595079,129.37048976745717,112.65494997404642,224.32346367873714,0
43.97628567342933,735.6851941211071,33.59794276407819,215.4192239051539,448.6253525152315,0
38.63602233155386,494.6565068973196,68.43830301471647,151.459007801033,264.53317730353996,0
54.93251085178096,690.7920643678625,97.21106283439374,138.35344427494482,392.76518368471193,0
51.59630754950143,868.7091760645036,95.68742634860394,273.5592126946813,463.966368909112,1
45.9354390134545,1222.3594537507802,188.57181416144485,333.6553588897941,657.284839627208,1
68.92774894913431,807.7118678387317,53.0015878518071,165.52728721749136,465.6113458192353,1
74.10610417141021,708.2398858757905,31.13041494894903,168.19484896175862,329.75360733004896,0
56.768137725836944,1009.5540269845372,71.84636317733572,119.92380565407065,717.7526961113689,1
84.55060162110524,653.8479179369866,55.21100989579165,69.1822002563071,480.08943686684233,0
32.1662177173299,726.8094693718506,47.78530956278614,226.24882043544787,349.0062125981811,1
51.12681081440564,1053.4145318614214,42.68932835813275,199.35052452657067,666.5239214778396,1
40.6635535879439,765.6077702429506,83.08848773559018,126.69988918906944,534.0750092531529,1
17.6692676585388,892.0992019266009,37.87011683065997,151.7675744211472,636.3473610068833,1
53.34638628314602,1300.2410351424317,111.32592464399407,262.42032024413953,855.8076177522975,1
52.56504983233433,705.3478021267791,107.73401912908662,289.7490853344175,233.11273998498956,0
85.26899486484263,1615.9667752448358,88.54000662646526,13.025797901333851,1474.2052189626877,1
67.61623369109554,814.7562973967813,27.371296453140967,82.1092747583482,599.6720100630125,1
34.5162635134159,545.2753469896372,80.40143719086798,126.41964260926227,225.46680846123033,1
92.08185132668376,1145.3719446978234,135.2063656156473,57.16767242644314,915.670206933877,1
79.42067391050706,789.410046693846,116.85160594650154,154.41705840356636,308.9056284421287,1
66.64195406937232,1325.3431015119338,105.87055781770613,85.32842932438929,1104.8235113953922,1
50.47031802300336,516.0981361036424,67.672526263862,157.84712271441938,242.72873357795712,0
35.81121526553041,628.6273525483616,65.42310191311296,87.22922646027263,449.318171252639,0
47.55586447857894,988.4427931741225,150.03464633327633,89.95533740744088,725.6261020897632,1
76.77497239408372,1004.1126590527342,82.14194370992671,157.05752240570854,672.191959593989,1
92.69172611869217,931.3523050921254,82.8848513403496,232.4275387672711,568.3095658376518,1
85.86487056544378,1484.6032672092751,334.16339900051406,192.05454066321383,801.6641208251219,1
45.223011564274515,581.737184461934,52.09755207986484,127.15041211028654,361.84002368631155,0
32.607651334219774,908.9499975294555,6.501182471095167,27.665967137251283,826.5131691490537,1
57.81772493822408,608.8042526742626,58.25540990051906,88.37961752348193,319.68034708634787,1
19.63121268874297,1215.2605873458529,60.92014401307718,81.47685433087447,1040.581828631055,1
61.46335428369563,683.0313955090791,81.2657701974439,207.04126098520675,337.02892624320515,1
52.04794827402662,647.8895675862111,95.05669579504658,144.42479383998642,201.55760207893124,0
45.67926996263515,839.1087092697152,8.168155711642353,147.98930384444577,678.3850792014405,0
23.10593865466409,709.3590392966485,96.42624616746774,71.63054119078878,519.5085705152596,1
65.27200213139433,1166.0448269457736,63.74648882669536,296.89811476633366,573.6909937026496,1
44.34598320676177,706.4525424851322,53.99814564609565,147.32766412166652,390.59840069380687,1
31.60166328579424,807.3230187368063,13.54915105036035,68.38492510815402,620.1567773098742,1
0.0,1255.807330330954,170.87181482427806,72.17105202072753,990.9266780091315,1
54.44970189898727,856.7721678555802,47.26814573830293,161.6191897140436,557.8825336358371,1
90.44503193339489,387.3828208879597,106.84802215306648,66.41666316977744,176.13793290835753,0
88.2251842909574,747.1844092419788,33.17243463815877,82.25617944681525,472.0860512117369,1
45.858074868274564,906.0761906162443,83.83072644736441,54.97717661114365,602.3446668137573,1
42.955758792764385,1390.5570169950702,54.673752401673205,205.97526127377046,1077.7111820941561,1
64.37548512150047,989.4944923704372,104.61166198304028,67.62541091229947,696.3498083734283,1
35.03229121623417,779.9148501532358,53.249563959975234,326.97760378164793,290.4701507100418,0
61.03583799638932,742.124980548831,31.837770133655123,174.8316408025443,459.72078194393845,1
70.32160556769381,878.7339138622498,65.94124639299443,54.803789984722656,718.7541185450114,1
79.53866447768615,940.3105318619699,63.48357488877586,190.94009095181218,627.925750116484,1
52.99691847040094,1182.3763208139449,79.91632857633772,297.2171807508813,649.9203176374027,1
50.926524996460685,663.0452355167562,126.63186860798285,123.43077988702049,204.01411017708287,0
37.440348264868774,1081.2211513423251,25.799369285327067,318.5617096806301,674.4347594769185,1
38.4623929192028,1061.5487144862589,122.3458992786989,176.9656286653688,538.5499041946272,1
50.470422161969466,912.7995009546404,22.253772149712358,85.39404036266644,690.5371117431467,0
62.347310136323564,1139.281055696124,101.86419744865007,440.0209572175075,519.6308961443257,1
73.27169252466499,654.635109204965,104.06400328828431,43.60438881626139,436.1061730331475,1
38.9364209863931,1028.414104749621,45.28214405370498,103.60377938405026,838.0567509669538,1
84.85377137919043,898.8257719775246,34.65923087283882,127.1524012067132,609.8434547067649,1
49.57752797914863,905.2539984387304,33.093749311739884,395.682445173682,226.5472806038763,0
54.57265411303128,860.2652852660502,70.65243058511066,208.9937461296723,505.31133325265046,1
40.05576641704353,723.7408247212129,108.70727779998799,187.24714415780184,392.8755942282492,1
6.515194794541166,641.4012452982809,59.61622799658591,76.00033003583746,363.34450167178716,0
72.680907927221,807.8887307009037,5.5860615083496645,120.26002174259625,622.1761289578603,1
69.73687794184866,692.4603141422111,42.89258483490529,86.86770206157206,521.750721804971,0
49.37344885763573,861.2734742507631,41.6586291166479,183.25653405958033,615.6143812133781,1
56.33981434449744,1262.2110139992787,94.61098921776178,268.678975213816,774.7157798123732,1
65.31878435408198,1239.1595051409784,98.02042389700841,500.56442335790615,454.1205923140313,1
23.749082862269148,953.760390261695,74.6539424301914,94.05265022745289,757.5461510986727,0
44.418946453074106,560.8059294281194,122.49877239180299,42.55972456224495,330.5297615949825,1
70.88529359243654,1165.4652341336405,128.64664629562708,104.83239611110609,861.9276642141177,0
29.914211536615014,683.3187396722509,44.99150893593541,246.28821570393583,348.4621553294416,1
60.871158643332585,568.5977904838347,32.458930471262235,69.13606176154235,247.45778197058448,0
27.8683639075319,793.3215144251691,62.82493363231406,130.27044952213214,580.4768347068484,1
64.32859964867053,842.442566064916,74.54587968354227,188.76984196376299,463.6520994157499,1
54.28717035405033,765.7480170811485,43.17551280950035,95.43591000027274,495.10275828741743,1
22.69736368188981,808.4607904476682,385.2094813225025,151.5586936412028,228.40556462404723,0
78.29478708914343,499.14340167877765,164.45563771890073,64.09296917632123,236.25329843116393,0
40.308168464039014,757.1117896621705,39.94039101018718,280.22167137437174,386.96264146807044,1
38.79495125971238,837.82677787563,26.803289165994364,110.44058971578625,687.7518166411791,1
59.011383944618856,636.2444118681572,37.30770135381645,148.66858499226893,396.6785506888836,1
77.9727469885743,458.126562315902,130.17446279303596,28.772106214932425,239.23468964881292,1
34.68356362043206,1338.377923646985,132.27967852438798,57.29608556506345,863.9623338828738,1
56.233596996959434,656.1952672384734,165.75996653260103,241.20881328024393,233.68200811803254,1
63.57633000661146,704.7676342788401,31.626419807262963,94.47204415979212,503.879925473402,0
68.86211214526288,996.2450581050365,94.35067678983644,66.62871762850008,690.08409681046,1
58.528831105544505,701.4903090317167,34.22677366378417,39.677906879685494,372.5926899341148,1
47.65944321833355,1173.0424181593173,189.1074884762865,276.976827365009,689.1795494161605,1
38.44819558702561,1539.6866109475327,32.5880897135973,203.31983844363882,1024.2030036432545,1
56.722877660927495,955.9914331978345,21.44503580312982,194.94243349813178,674.62682438608,1
33.557219760287865,890.8224561703001,25.42829823024458,344.9547128233202,455.02723459643113,1
0.0,694.6638757267915,66.15957410915593,103.67734777425994,496.7636384116294,0
63.73119608315336,351.1112462967322,107.66055085823379,42.99609559908667,112.46274267404212,0
73.07869682172391,863.1505717809318,102.95971343432603,135.4426550406903,344.34457970231927,1
7.741351289163234,615.7428494849644,26.441382437808414,385.12730415973493,117.50019732811964,1
34.805385905801245,504.2661412882045,49.18921892773879,137.31113522230177,278.26539515500133,1
67.38308522010395,830.9003811003137,44.17264881421887,264.3792746643388,475.1439849709612,1
96.14990939423397,677.2641054962844,23.079940867063108,44.40661154433654,560.5449290729672,1
55.415874153508156,975.1052857873949,43.325625792175195,74.84282288099544,625.680673704868,1
40.43994117541731,1855.0353048446061,161.19282412444178,232.32648068524588,1195.0146406510464,1
51.34207117790319,373.23370579416314,20.194129644311708,146.67396503376327,186.68690020979327,0
82.4975283829637,501.83730362323803,78.1898261609816,121.8817688908846,271.5040760186106,1
42.080716417509294,1007.7198059155694,163.60842273645312,262.1397149215364,548.0901937487596,1
39.016159866994926,1162.516236360295,158.18548013513922,230.39096849830386,722.1002277145208,1
45.34512955635935,965.5776853614511,194.77294752719558,149.29657261298578,320.02368526606796,1
35.93342783482575,896.5375001187483,83.70430243938088,13.224421315034013,522.9537679238704,1
57.45340631989591,875.9801987150686,92.54157230042813,131.61868592185357,568.9030057807785,1
87.49356916939121,1353.767065810786,43.9883484482459,173.4846598508854,1078.799430631435,1
61.461585462320585,262.70807813228,19.763026489848244,29.505441113056172,204.15299599453948,0
49.95292995747425,942.110738330618,59.53907570982511,169.71670061717182,615.4683728412718,0
49.163774621689114,1233.3841140807824,140.8373757538453,269.4903687647981,733.8296612552126,1
23.73618382606686,813.69591337879,5.458084761182176,131.45150283490855,649.7745739128685,1
72.66219554294318,1131.9801681149706,45.63144408328362,60.86536315696071,912.6766976405497,1
53.44325605974396,515.5726937777242,98.84835288735772,15.216207877964052,239.83817856027824,0
51.390401728187484,365.52869648969227,66.82934673007396,171.90201188296365,100.14576105732222,0
100.0,1124.9002655192132,152.49016917592235,33.024216214852835,885.0356879220599,1
60.975058167313726,864.0050922927514,131.3767158531731,193.92555369147948,382.7457485371427,1
39.964178998096315,892.1486379791925,17.353943000198967,373.90014087386317,455.94903430504,1
46.47284807588913,689.9203289480831,71.03625753675281,77.48481276232592,489.0214607849547,1
77.9689141839351,713.2399233084398,35.690751008704865,112.37135245267359,509.7612287209459,1
57.26540821075529,1312.7316957972466,35.29728257417899,386.8742924227891,773.8639586622908,1
26.234440433652665,943.0966679354653,18.768866163707575,142.37139040128622,604.2558253620567,1
73.38457869150407,616.3451904705269,79.85606566940797,95.15144735357373,196.86471988025923,1
41.63711828922012,1020.4497310206502,154.57426315716043,246.27642339344274,450.8207432815776,0
92.4659555243509,828.7123369755791,85.00993814757634,98.9362996023217,562.5125882414842,1
76.60096131429297,858.5468646502402,17.581713315056035,73.63882414344863,635.2936531522953,1
46.053562086824975,715.3063693587097,64.04127195280773,192.03224565156316,434.43761395709004,1
80.62032723470226,1024.9617579824437,96.16692724423322,258.6000750790539,342.42267330332874,1
56.357110210548065,971.7584749618065,60.49790328697067,73.2385030656489,796.9055866642916,1
72.05547350244439,736.8424543682067,83.93315146638804,150.28922381632322,377.6762420559743,1
64.6946563458895,917.095911416068,38.21595864031575,115.81685615607387,670.1804162495306,1
38.07286690018253,971.8889248516151,55.22035913439456,128.94329933069767,765.5107818886181,1
42.12900335365076,700.3160688426753,52.58779504067867,61.3415879487543,545.0559443607647,1
75.59921635162323,879.7181388221552,173.34505730920782,201.39501383624122,319.0771623805635,0
48.304493357869184,1033.5993643199922,26.973299561996583,326.15690135823627,606.4290976750472,1
46.927030735160066,521.1180336040488,6.549495115384293,71.96572882868094,407.42515436352613,1
35.89754841301294,1861.827271640686,166.19206902775161,201.2896871229218,1429.0948026968542,1
63.47198131186922,1092.850404488186,72.82847685914587,242.75684209073654,742.1017169622371,1
96.25049838486291,951.2545839144623,21.966023858818428,149.55992158150082,727.8302252823149,1
33.64934171491454,1200.0130832742325,123.76846022735607,195.91147669889307,863.2691439222581,1
55.48438913345516,382.7048310618351,100.29576064753145,78.43697464047345,121.754842558125,0
83.24441110830858,1050.6064399541128,191.83966650923054,315.0212455833101,451.55066829342616,1
53.4071721750857,1227.5074199148703,77.11510798386698,259.8187526198615,837.9610305504098,1
64.04743592499467,1088.135313774842,282.19831407859,278.2001989680909,342.47034378812697,1
33.75212943706241,345.1127438731793,60.91229515716118,53.2856287299316,175.619418621459,0
63.566141944152974,869.9010686623031,100.42662982276383,180.3668142185022,515.1073677842256,1
51.257114699909025,518.9872056355246,110.56499168968541,82.8279306344516,275.70626484777637,0
74.71459991359725,735.632631097701,47.09078426756108,331.4937093856564,297.1708075520241,1
78.74772103129501,688.4877269043011,45.88661875143095,73.13864105343441,433.33164880898386,0
100.0,514.4648269560487,112.12193761225168,153.56950720441733,223.16141153868017,1
66.59266346427151,573.9681873242387,20.140301822459065,22.081710738490674,419.75130822823803,1
61.51592633164333,783.4132731231421,35.48477367326261,153.0481292689459,550.2368696644386,1
58.88768603154672,1402.7814527437242,59.621929573380086,53.7959302518169,1262.59151987046,1
47.936674143786234,795.8794559977513,187.95101054096807,186.31526801475098,360.07657419136547,1
61.76967686923382,793.1107399487053,112.17443529832651,118.21054561096886,438.70414505018766,0
49.091971797219415,888.2049405668691,70.70151067176143,101.03039514685778,656.0774723362209,1
58.36921952539229,808.3609562627319,43.57752767475375,336.60225835440013,391.7131889547511,1
81.3519507121592,1295.673189722476,237.50437739064753,458.5148770507153,329.5370312930086,1
34.86914869440717,1049.970784024184,63.72081125384361,41.439828795163145,843.5803099278526,1
77.7975712225809,1267.1449603876085,35.454817907474,103.36822089751482,1043.7694014676206,1
81.34230134679731,998.7977973566092,266.93897970748714,221.65885645797127,388.8185384135188,1
52.63862946017842,643.6371921770537,21.077980550988347,167.04942720537997,324.6029123602797,1
12.562902019828108,722.4958433690716,157.75689210505615,214.05049410016125,296.0105266494024,1
42.84356025811135,1009.6479820692864,67.41871848595606,124.13379879863729,668.4933653018307,1
80.93989093122218,1311.0800861000707,111.98845722271821,266.47844042739064,911.3629724469344,1
54.542638754022356,965.9872429732956,98.51595568871252,149.19943223454408,591.4959396829247,1
35.01395535410178,1023.3032456986592,110.87811701922732,173.4674285518757,681.2884382874606,0
44.90450157543565,1336.5542198627309,282.5027695710438,53.848717179489185,810.856301916975,1
71.81240053009105,1507.4952838830643,255.13878700551746,139.26813744853456,1058.735277391447,1
65.9346713640276,1028.9873925145407,37.120922414684834,223.16542209659704,602.7178064487108,1
50.22135801660611,739.5528354825464,95.903819273152,161.08860284669868,378.9191144260151,1
47.663511763706246,1006.3771421385707,11.900551826961415,143.42690868162384,705.7535733107817,1
47.16483701912356,1245.980894411817,119.22142016382851,180.50308613967246,860.2430696612545,1
36.55179631002995,714.3819649428868,138.6832669927112,148.64344061339398,412.48352258499403,1
87.30751378938884,431.8330602682413,6.675764412735407,126.97120038443734,118.31367367222485,0
48.5535906157732,854.1175180233278,65.53525270812631,227.51898231239872,372.9679933387199,0
79.34317041650993,517.1172860302322,111.84716979414667,121.04538122550572,221.85242338518412,0
85.42632103844903,260.52860993993255,86.4946969585198,51.13089699476681,76.80619156903765,0
74.9662179629592,886.747066825177,21.51064900698205,327.3864325223489,383.90024880725196,1
46.367593745639034,667.083622415151,23.903320929395036,84.6945978299547,456.14692919006745,1
63.07460180673219,794.8947641851958,59.76668411644019,39.65845224263914,623.3950403013799,1
54.51608787218168,1036.4995029245272,47.08544520810378,194.9012082152142,677.4574090814677,1
36.92596278539744,864.1692595633756,50.81001434642946,352.9182238468384,398.23950191995,1
61.48718563443206,1047.3704899146057,18.6260638298134,197.85578990522123,644.6823387362992,1
31.41920417680395,1051.8700665486472,68.30112037609656,299.26659303622637,617.9228169552366,1
78.75358776923127,1022.3450954584598,188.9065668256043,67.06868944926248,612.4158860193811,1
45.70765405403214,465.971715014041,22.43848719937344,51.73036758912268,305.90628834300094,0
59.023193117456785,977.5105310927063,55.95421637783416,103.10183179308832,710.9731012830634,1
60.665757430922845,1154.9039750719248,103.35594847742178,254.4242241133861,532.6698153946071,1
49.82190052591845,719.9312400313495,14.285409779568251,186.7363228582187,463.07757938742793,1
66.7338760295055,733.5052082149542,68.82155119071129,195.61049301017965,322.2486140991731,1
45.501926867549514,895.8811815650556,135.8482578487429,143.370222311521,392.24529704647307,1
72.42594594914488,1041.8990282273548,27.395236989038622,104.53599183723541,766.9234589385716,1
28.08040639506503,1058.2699370501637,73.93500278789601,147.705353816704,643.0622958868944,1
57.52759159092824,681.7123949784642,129.246432939569,118.16129510696355,341.47355904088585,1
93.77857998116569,1025.9345843334268,273.18345340923946,99.43466952968241,515.8250151446198,1
34.993373507888506,1034.5655817173576,71.12711979066874,170.0084788117698,628.0163605211714,1
41.44510058950297,586.3617697342812,36.189713745239786,110.47215914121003,355.208687064436,0
65.2781569931783,939.6803248068004,36.45880047910862,157.61482603103255,704.6159015625445,1
58.591635638791956,229.06686724763486,17.525291706344802,24.606733205146696,152.01907948080367,0
62.012601985471186,1294.3360947747467,199.0644655649133,149.1656123949985,701.316811448808,1
64.78374260295327,1129.4487805578929,123.93031541438609,109.99231952010665,677.1859718615068,1
67.6944293712354,938.1759632693942,23.89756272374687,309.11650652336584,558.1245252804716,1
77.19399683912447,690.6532932844159,34.38953093259147,38.1103071968167,424.6477323911049,1
63.19637313857025,613.3732008334536,70.24404996468947,141.92739398284263,283.32537679553633,1
50.17484690762915,938.3915151152129,135.15307967592267,224.85200723728437,491.66994233693447,1
68.45147402405462,870.3425614481795,96.07430843694111,121.42458307328118,607.1431100896214,1
92.9976386979043,986.8926129310121,89.54418047211696,107.39371190404142,712.5579701791964,1
52.34732507234853,655.2726980325695,77.6315730720521,224.3712671126811,315.0318206355758,1
35.50941390658717,661.480887978131,25.17199936368508,183.82681993454187,384.9883180660083,0
77.14161338573945,693.5598935487116,70.94202128291712,192.69943509146998,392.5465883303551,1
52.59237672092804,377.91657062470074,64.6276775100167,99.5761468472588,189.7478695326966,0
11.546609079719275,1189.1445096460986,17.266324894940823,90.83893439177659,884.1978037108122,1
71.94843354300843,1765.876179124727,195.79113884555937,157.74070429630584,1338.676211153378,1
44.29343628092155,1315.0385150883815,40.625170208276046,236.04954817391044,928.0843920910128,1
53.189334353916784,413.7422279471124,17.767120626719347,45.87909628133458,296.63571418449555,1
61.63960661138029,1370.2587012473243,46.584904550007664,124.40023743747136,1128.3220637715997,1
58.809993595581325,616.5289206505389,54.22849222643762,93.80157391345433,432.1979844970845,0
69.1890363427808,1151.204253865608,63.135074045733184,134.68816444276288,707.0899415287764,1
46.29027258860313,1107.5846990234372,53.50684875971483,211.7512152606528,683.9898606992705,1
65.26211596352165,280.5499303804387,65.93246071389659,72.08306221031428,89.92360727645732,1
49.80906644832166,811.1846472339997,74.69410788454057,197.07752322014179,503.2573416866038,1
69.77620961775006,480.73042579650786,71.84711668886176,101.97393843697223,284.9055051854294,0
67.30734968026107,571.6267354258628,89.06715271844355,259.21948905212423,130.6771357446843,1
36.29122595910809,855.2742749671107,92.94001019767356,75.31179188390813,542.2897647316261,0
76.71964232350064,1118.1793657116023,94.62054953079296,234.02102786338713,655.1251627081356,1
44.28073109771904,565.9443755613252,111.8382420040575,50.027012858781056,345.07083260618106,1
71.1611559656229,781.0414141096916,36.92430747262485,150.92619832201441,522.7102247737923,0
62.345746268026815,1179.7932969827675,38.09665080832478,199.6956290921574,906.808768787505,1
91.76367353590246,684.3672782665456,135.57637641758714,76.82766190957283,431.0089137686613,1
50.53068035256295,480.4696093974526,47.76153749427423,18.397002911482986,217.89407492850523,0
48.01366407763605,916.3272580834706,60.452333013955425,96.0409167693926,745.1043366972403,1
54.611607882245345,599.0987777512738,56.3357702020517,135.66485974283916,394.45378693579926,1
48.93640434331449,751.568046780714,266.7748060468617,107.12854236159401,330.59035613106636,1
70.998838038841,779.5223940165461,31.63151249099743,89.67753314126537,413.9070531682649,1
22.673787831268243,748.685682737907,31.098535440777475,226.4865245169255,405.76011376947326,0
33.92635161707292,870.6954495028046,66.10706324608898,275.49770752126847,161.82099256061582,1
33.64394156841614,955.3481429359961,57.6023810401318,265.6387191971406,567.9189367120881,1
74.00615183947151,902.8861679201859,23.67862435359087,178.97942827159173,562.4297520746426,1
89.2122674516385,855.460249534389,62.02989383840233,194.5442936272331,420.4517577455962,1
52.91101562925057,998.8527602659601,67.49763753761857,67.48510208104888,539.2097554184186,1
51.623565536199784,900.2580138325693,43.89700345994409,127.39554601667466,678.2298447281141,1
56.40104326226363,844.9801477293047,59.18753274080725,143.16083950280063,558.0490668364977,1
78.23756605216381,590.7294927833337,34.41422219560363,161.45703500562573,322.4169062094858,1
36.45293731618852,611.0361468335595,23.733473439588487,159.63547887607268,281.5807280452139,0
59.7673796546957,1624.8567651771466,47.4658335116016,135.89265061185074,1214.7959019939008,1
74.5039525956486,996.8865763639814,27.350037531422053,177.6663259980124,565.6172932140146,1
65.0218833987969,670.4893152248933,19.51095026098333,155.08253808950806,446.14549293072355,1
58.79163233197487,842.606448488858,9.458086849308668,154.8530288495872,637.1706619505004,1
75.02092185134282,641.5143656149683,78.60767369875089,80.69329555820804,347.1104569048601,1
0.9353541400152565,882.1998438466546,46.17277470115208,55.97198729932868,748.8396528830826,0
68.55750639061816,844.0958103597764,136.12001633943893,161.97428457727116,397.40349046274576,1
41.918486337451526,371.98724645239,49.371971615654246,99.036763254993,139.12870973816052,1
18.387342062870864,826.4947829457103,78.32844425325662,83.48276125484568,462.21856258629373,0
65.22405199049962,683.7695529200184,38.943120510654474,202.91227240251783,261.05161256618356,0
82.47317090325916,718.9188980989566,64.55697516241388,128.31847740203528,433.09070110720216,1
52.251029707446165,740.0335022560625,9.54891448611277,300.0902456913045,401.71278413734547,1
74.05749094405877,864.3681285412728,46.89058693061782,189.6194670743444,596.7283178602584,1
87.24556515977291,1206.666276811656,31.813759987134553,77.04352908251317,1009.9536938535637,1
81.29828907168095,1161.3651973071662,126.80330858283058,204.47232927067054,710.7338596970525,1
87.79929058742786,877.0906704586503,74.68620525805476,172.34947227123322,564.8483853203712,1
69.84254982143784,745.214184606583,114.91420899675695,74.89354966291027,517.6561042025193,1
56.50867277803186,879.0398386927158,146.287394221256,90.69060276270372,575.0140943138952,1
22.960683762056632,1391.0258944449397,43.803401531890785,198.49771151560512,945.1918249130654,1
50.078750237401024,803.1078510310073,72.35544834338114,31.42297017530049,632.2659823489076,1
38.13506809367617,238.43323455563126,25.042085223051835,21.24119444288794,140.89624608749446,0
98.41885434995628,535.7682768720881,87.06279604927084,149.2354205136099,269.25060391252975,1
51.482283751353265,1135.0122321421027,96.24589525477978,142.06587180739965,816.7136641899638,1
57.464096135689715,980.5534772084911,82.84909490229151,157.9267724178278,557.6272791355086,1
66.02970752080935,1309.906516270096,43.76272828789337,142.3313201566666,935.6045030713585,1
55.87204892744907,1114.3762707226624,207.8284713640884,176.23448144399794,687.6230570696533,1
88.90102080861506,947.4021773699747,67.36365546543456,277.7920416969691,508.72211272347874,1
42.54701276531096,709.5861288793946,25.181729169357347,133.97457213826704,504.00010439241055,1
58.89214910474485,552.5087417586936,102.71307396464715,42.824385614141086,344.36657270630326,1
40.15058828603904,663.6710376328051,129.37791532260346,28.022658608600356,427.4067675171661,1
28.599549775585885,415.1051277630304,25.651362933108675,105.21222344560202,228.1458967046601,0
42.76461818189429,708.1208127512112,54.25888802808955,107.12421372822988,299.94674035908616,1
54.25926405903176,376.0422541833431,17.401676529600355,49.07576663740613,258.59719283246517,0
46.4139555096548,688.6734293938573,150.04575477501186,17.413698607145882,473.65572597286456,1
41.15158040252288,570.1375241883546,61.537170176520576,99.89082429177118,366.2433044738367,1
26.873650726563323,577.0554578748465,31.940118366798483,351.83206551061437,173.0616473187187,0
53.337888547426104,1192.1182863422314,130.51608463934423,171.68486315986448,638.1444702312397,1
24.905592519379955,697.947491789906,65.98197572505606,162.27214220263537,386.58429199384847,0
70.20111927379205,1093.6834512972805,118.56182734096353,118.98669877006108,735.6975206833379,1
56.64879505869006,922.2164507007897,91.03939301765871,105.08993178943699,616.8143359734139,1
25.84897001070139,1554.2210317462693,28.19661029233593,182.74718219011368,1288.5589822962918,1
48.81581845900273,655.1943915365549,42.54305995640455,53.89421396145007,475.8541413605238,1
39.95687188818834,928.6400369684015,32.729083001806096,407.2851116460551,348.2233408130679,1
61.383490208383606,400.85769926248753,23.58417674346203,57.18411664356443,297.2660874116357,1
81.80900892046289,939.4810394857883,13.001354282252244,193.1888686127279,671.6169106778141,1
17.496550607085112,1072.5197454988622,235.1527400266669,61.41670400277684,705.3480245253139,1
57.30052158294834,760.200645233891,81.74715973127255,144.67449933091336,480.49350716718766,1
51.797344088667195,900.0853271382787,90.63165548258014,206.21002509791467,550.8015963747438,1
68.42680152900931,1100.4917464720022,140.46019338855942,35.99498108340479,828.6602999569449,1
59.26393256475378,1007.864837423756,42.186877440534154,66.7598631370963,688.519371308829,1
39.96061336522362,772.2333389324928,18.74111228387987,70.17592522504758,566.9492312784461,1
48.618921286667636,498.59430282744177,111.48831374714143,111.28096651595584,234.342556406943,0
39.079482863930224,900.6844368945906,21.9227240572831,156.533521431185,304.8997207426018,1
76.52014277197196,1071.2895996614402,109.66369731612079,356.1365265980559,393.7330009730309,1
55.42623297343884,569.949472395169,15.913242330845234,90.1176095198588,407.34459061735527,1
93.02381371506016,898.4672778408283,20.407978218375398,342.538185618977,321.6017388960245,1
53.786783723707586,603.6059366828305,38.73882416010116,167.86517701038335,300.00570507481814,0
40.831864661790746,608.5042655638268,106.81995513969967,55.65356243579057,416.51101955460064,1
24.725712147743458,1026.401553294233,190.06804480021034,119.36223815463379,521.1821353008357,0
18.9372064748811,799.4065891404621,90.52786236429624,43.45188170717461,623.939452573276,0
23.317281139890206,429.8834252856908,40.04507088162181,105.25407453816099,164.33059806288514,0
60.342533020229666,687.1378138708534,125.59792159429436,100.25547857258333,368.1507353016213,0
65.17450046459868,466.51408858269207,15.40860126498414,146.24444102716527,177.2365382735563,1
23.376185959357333,965.0286647667996,29.60352419635628,193.59569084822402,477.1564908059864,1
72.90076628152231,751.5086642939604,70.86083050753362,125.74052094151372,472.9453228579607,1
45.33877896633121,655.9677653934654,114.03113078972795,60.780930892574034,452.01078420023833,1
57.93586023971099,817.9980071735985,56.46121825732051,299.32262337774506,415.46213352127705,1
87.24441256510849,820.975133155812,51.78894785621927,369.94301166155606,372.099334726801,1
72.93678631731063,644.3210546535295,54.24291480629318,117.58097982074538,453.08148226032523,1
49.629387041883355,1114.2955316677776,139.61368223217175,163.15831082744145,632.0541962244274,1
37.17615549169425,626.1234404348309,34.65237205047369,113.19988069903194,387.5736851147116,1
11.963691973413901,492.3241035805292,27.821247929056522,147.01623435813607,242.78158966819456,0
40.616933615151595,813.3002729146626,53.56570596603328,152.1377729377634,549.9334833822747,1
50.77739522344611,1061.6216387146014,152.8251510774133,49.70860279161003,707.7711861958317,1
35.25640945697632,611.0333405558476,38.180276944079516,106.63243791682598,235.6804559689657,0
52.37486065815391,555.0866102139689,54.107601513750936,246.6359435205976,213.9338768307092,0
56.53703765917536,596.3837462457834,15.140182546009239,233.63878374728483,230.73021666348492,1
50.50288036383843,781.6732010574124,55.914307269906054,105.27335650487375,449.6647460712999,1
41.99994838353081,1381.8777937360028,78.87434232286162,154.02279786322075,1048.6439215547327,1
58.37309343933455,1239.31183664064,21.955538667548183,110.84784033605499,963.728798985167,1
63.83881299138818,917.7655743354883,139.79007466610585,198.261276845243,550.9280163134767,1
33.19201845114308,575.9834504335864,78.12704075608823,35.71997545117959,227.2809837112318,0
83.2186475949254,1336.3951971314427,43.344814504983674,183.06079447045087,958.1624361129151,1
53.02823735431477,1499.702859434028,78.55829249855594,311.45592345032156,984.2057636434913,1
55.37699245889695,629.5529443249155,94.3651821499868,80.05072919377106,292.51398986579363,0
69.16428846513114,843.1934646832951,11.028472119974866,286.1898487302798,480.36227669998505,1
59.66432262527003,979.8563880464864,80.78952947346595,159.04613222230202,705.9033257813747,1
74.0627326782649,1195.8598988772903,149.225522621215,125.527272690152,893.7593273945274,1
60.74248330403648,605.2658914332748,34.22780480420346,104.70896534616253,442.92653630745684,1
42.75125250719124,1195.0084156913924,44.11654400938943,292.277846133126,742.9376738970649,1
62.23007050412203,800.448592296867,50.29718843017055,111.09588439435872,579.2965607890868,1
32.125475853586764,1242.3926292863514,114.91807019850519,339.7403634349855,562.6659292300657,1
57.17119411553046,1072.1436362288157,25.711381464860334,316.47395920209067,535.763144238125,1
54.335400187110785,1411.1478011056756,91.28909658649917,94.52995596173679,1074.2051503875261,1
50.83766285454921,791.8270081791643,51.058373327109194,116.814454456661,495.414394843123,1
52.429249771221386,886.9922582496151,195.94958314025976,26.61381809985418,617.8450521478751,1
17.363019090047217,1313.467919346975,53.45900672479428,128.30130661663233,1077.4786192591873,1
44.02550184518077,831.894690050794,5.361396855064178,139.18388139157318,640.9554622975436,0
56.85689802282229,756.7652419859036,103.64985216717099,262.7345744466113,357.2813853829664,1
58.19712783994801,958.7521048345458,87.99542145566781,326.8019024830411,467.43599402976463,1
34.44649718148084,763.4052910494365,75.69974585799957,209.9922533512599,308.46466965790034,1
80.31415681729402,932.1288578206069,146.4984875046103,249.71274296492834,463.2029272581959,1
37.676503035709985,617.2581645683268,12.914544278977782,116.75091704194733,443.24041088385684,0
74.38914401053474,545.8740220901245,30.003998259216363,52.31344465596058,390.7911667399609,0
63.543887237433694,854.1139026174524,64.30616873731165,158.85543056934387,536.1071702520626,1
42.075453803123935,574.3838576141401,72.73413575426875,260.04354545975394,185.90075811221465,0
90.50621785219025,1343.0953920264203,57.31732506961581,10.27405910935564,1198.4967421109864,1
31.127263364870398,1019.7404593519705,15.38356790593183,143.59028974583137,448.0932634668304,1
73.38308347220003,578.7877205177482,44.47340164002945,30.22194632610698,481.42064931248336,1
75.01164636085957,1221.4922549853625,186.9858458670709,75.30736559557802,949.7293514788047,1
41.5875958184671,898.0445876513603,24.569046582278446,147.38121258266878,636.2854789583212,1
82.84930600128658,890.6940420647121,63.22286512957966,330.01600981393767,385.57907574106446,1
49.99906970802095,714.5672731145904,91.53238722087642,134.22221505770713,414.78034655013914,1
60.77387258559714,1163.5208093952297,112.62267775161669,201.5089069769707,813.5516127431264,1
60.206436775424415,1355.2351048398284,103.30128003716837,157.85554414324432,871.7018448404192,1
52.31382517058904,569.6685534489538,41.836714391252094,78.75241601842309,363.27144235763586,1
71.21616546319564,1239.1313989066052,29.88824207386854,178.16569433117297,938.0954589777617,1
70.86977441104426,593.2020661501223,196.97548766195044,51.163320065186376,195.6867731009359,1
20.029360535236385,1327.358394638556,120.30799773294567,132.9384046670241,1002.4796256004535,1
81.08680485756305,1007.7631260611589,67.87169021651282,288.93288811852227,584.4722369959374,1
21.750160239286515,1467.9933111732082,163.5991837010586,150.09190661714842,931.9324420571892,1
75.65092408683314,863.8914149723659,18.85563141856107,157.8998574083171,670.9320327420489,1
77.53410273655166,594.3207624115008,5.588470488180695,105.14689345721823,376.01629329615815,1
33.18067139569604,671.2662241193509,72.12057475347508,38.03076580565544,460.4432239288893,0
46.7837142409083,631.2699021034176,74.67984544230745,113.66129316371455,383.7026953165084,1
32.88590663028128,642.4295336593179,17.123680246741312,226.37677071717437,324.79999384505936,0
50.70157939422529,1119.732710636688,117.33669064176505,170.97959939652938,622.0674709963461,1
48.839314316285176,264.1322314011015,8.910723112501982,53.62755782437174,160.22491396327965,0
70.59321064538679,700.772896670726,84.08035514021915,28.77945839240611,445.38046807387235,1
81.20617492239217,771.0960670658651,98.24352909594536,78.06953251602171,510.98707808203164,1
82.91367621579911,482.9954735215038,71.48222829987616,114.45456427317269,165.06833327309127,1
43.75663946843396,824.7482336942907,14.730769068224312,120.10978981875341,576.6485682385744,1
50.81556252510944,945.1076858658608,145.454252763522,121.18939572447624,669.681097044997,1
21.331236155580996,836.1358939540556,43.00565036788999,133.3448825516992,619.2926674401837,1
38.88259867007622,878.4945472666758,43.119703155571344,174.6129674589215,614.5721191586791,0
74.29703266194915,689.9417489277968,36.332632203381806,100.20104952490055,517.8949145796547,0
87.31165647096464,497.23393455515145,105.80082550042577,65.80492719141495,274.17594630198664,1
30.31302256240156,1358.6411012059568,41.339680164159404,187.5070419902199,1036.9748028765598,1
43.15071481694211,486.00556836887506,22.43387191001966,229.7399617944983,74.42956036138924,0
54.47188486082146,680.4471397250782,126.82732157878505,89.22722489993672,438.5566251092056,0
60.603223176392135,930.6578091254707,62.07326003399183,408.96287208409507,374.8859171121595,1
38.80792960156708,1063.0926032917819,129.85855331937586,319.4060957706377,510.3904005911184,1
63.48122088928179,618.2466172118051,65.6341484021257,56.767890672136566,314.9413047229511,1
45.523213058581675,1141.3266550758651,34.24570459889424,30.78959916480314,836.6474377198725,1
54.71095458243442,392.4673760049028,10.61249969018868,117.88576916479828,192.70523551749662,0
65.925684960074,615.6226543713105,72.3493151414801,158.5701345081143,348.44394375040406,1
55.12844539621876,991.8995256664776,50.38452715862748,405.3738653577255,427.56161369586727,1
46.272282189468626,1167.0868160824336,108.8749991323938,397.24078281158427,623.1237888773002,1
52.807803921483384,968.4208689424034,39.75801401908314,201.81293747484332,624.7685124681451,1
53.232740815893294,1004.1416792659434,85.92220478883999,101.65953484859793,772.281590819996,1
47.59977940235745,1171.0454414763115,63.61415309423282,269.7461209450646,716.2637291927531,1
49.82407874665795,665.4570555264323,31.682159931538646,144.22376793856242,442.54762488147315,0
86.97294341009433,1060.7444198154997,42.449994066336735,47.32273390822998,746.1013287095883,1
66.21838895882478,596.6530127417265,18.4345349829252,48.839766713545885,445.3224050594485,0
49.090393639416796,510.21027688517256,206.00388258426761,102.1424642507597,183.93435217741884,0
68.93908809021471,686.629914993892,84.59222507188458,242.7568927660439,196.6027095982891,0
48.3236102048798,570.4284551058743,17.20965538302953,60.669581989635724,420.4173160682653,1
78.46249275173282,691.0252030206066,199.11694092695737,101.9847263131622,261.8038301552306,1
62.39284384396188,968.1312699992176,24.254728606820457,317.73235675356744,461.3297411113367,1
52.85395711991542,1024.8500138160693,39.187407643328065,170.79009883650642,727.3512729416311,1
63.95433851620555,659.3009727644219,53.338249904025325,183.76321274651482,397.9999836949906,1
23.582476958630014,550.1003545185199,64.7949633169507,248.18121529660712,143.3339075502208,0
32.4646506218039,1059.3317907071762,106.86207931366141,103.47005387454176,644.1627271517591,1
31.12149987201889,791.1054153885852,7.9415803138774805,330.8237882170746,374.9989947078217,0
57.85886189527413,811.9806024670071,65.57559785410237,205.62565435126237,427.3410461637411,1
89.65029998970184,1592.9657062711576,51.180200002874585,122.79195026843715,1377.307610306508,1
99.62600292385264,1159.8922539025828,73.3185732116321,293.5286376015317,772.82088093682,1
67.76102202881515,1192.501413899372,49.18499493640888,199.97093847852625,870.0039912296702,1
65.01688949888914,664.698217010281,44.02891972855376,131.2500014403279,403.82140855756137,1
18.97884531694522,1643.9449401744514,58.274569704485934,187.22511842866498,1220.0507139661347,1
44.14652400531956,644.8639336501196,191.93811319451675,70.52345710215415,292.5762811898014,1
39.24432496183522,669.994296712663,44.733032165734016,270.336090142465,185.97553618431914,0
42.58304803497768,1933.7812445893755,141.04460766856687,401.2451632542627,1333.036187837215,1
51.63712362830421,276.4984957894,71.03304320306218,36.54308526927764,145.39561913714255,0
45.55818844605746,651.4520931455626,68.58422080439148,88.4884169616476,376.24176499964295,1
15.414003792484245,1026.122977095678,73.83777038551342,83.15992552525837,649.4808657289407,1
69.95820512235068,763.7698627951515,91.32270089030303,213.77640209270098,406.7440386758243,1
33.54513948520387,666.7210068875311,47.61429856520036,153.2439617265965,334.96484854374364,1
59.78493728222299,863.1315560749109,134.56284325290454,98.42371772217608,495.7778756830253,1
96.48165339499947,750.4938720470782,91.48332701160554,109.30788839961477,478.84929386098884,0
36.61230816827153,778.3745648943916,20.106595600650405,92.05082171909511,527.6029277649045,1
4.394249545073407,1223.5292995033476,5.42767942384075,197.27606013366255,912.5140411103041,1
49.27991556239778,1147.5313611070114,188.0694608752751,151.60404852096124,669.1701713810247,1
77.01919269997143,739.1167341311569,75.57804610145162,105.64372619256847,435.1157883017302,1
94.16694908441187,754.3957247655713,17.736794539380163,93.25665571208505,565.2872458394828,1
30.409008110951664,478.8689940051116,44.681458142020006,296.65715810882466,52.10676313127592,0
64.93398446473043,1013.6132326855745,120.26846335877667,266.1310393478224,452.1154206489963,1
45.693790864398935,937.9043721928931,55.61321622843554,198.72412096921164,589.9027110790337,1
52.88103291391729,670.262713834204,59.61100514239877,248.9744827764437,315.4722673206508,1
100.0,607.9862932074333,105.31049824203164,47.72197733395752,383.20065257859596,1
24.940593432096936,1029.1978888762048,80.94219051814196,60.22891515182637,774.8798773118754,1
60.07479322989147,578.1117752923351,96.26528709550718,55.107006692679064,259.1297224803906,1
64.35386343530867,1044.2948536364447,104.53721049398843,133.97614411909203,785.8039902237516,1
76.71572649878695,1438.4892499878633,35.08913565380982,254.04801144181923,1080.5823953066838,1
56.95966306941791,685.8452810317608,38.00774134668478,99.42671088796847,389.3769834537388,0
61.161010790082045,610.0257408141656,31.50214127025901,275.7040404050216,261.58915185109635,1
47.16702865156418,494.7082510715773,39.80741005692274,88.34900491424085,325.1451694465639,1
60.38253882490215,1304.767827366488,57.831986600961585,121.77650816214597,1040.510593150202,1
48.136154490051794,430.3903059941523,61.14582898484487,98.62020540594186,252.2270010438432,0
67.43143779712102,797.5171962154845,160.28586142304763,115.46032232798242,262.0046295899778,0
47.60779327912732,458.1682580910227,78.13813435336714,124.24809218116903,143.65663020025173,1
62.54200787804373,597.8969719275719,58.721033018952454,29.935717922964194,378.68279719814524,1
54.414743726300436,913.7437133168655,25.66205430975931,167.75310768731717,536.9635319632067,1
77.52100501544336,1498.5761859678732,50.01955543020327,122.27985102577298,967.8736935555926,1
53.97212552823027,1004.7861437243006,197.4718347983561,330.3819487756777,398.6027160641373,1
19.53935063586237,1046.5133173868696,195.42693610307606,192.58295679978715,638.8006450216749,1
80.23843001427983,646.7670477375673,49.52847062873906,163.06887777855903,329.1454599580614,1
36.88535398274762,607.2912508565062,12.249362485167666,318.5368947575313,232.9864807285252,1
41.924673227023604,1271.9332282173907,44.35244376378247,299.15416163820043,898.3970135030844,1
43.086774119130155,1085.6006581912673,161.451651876764,339.3264444137515,528.5938307816418,1
82.48876186341634,895.542065650657,58.143577182343556,92.32511859364888,667.8946203948801,1
12.286515720426088,864.9299292574784,105.38555418936102,54.00713655164524,519.9235314984966,1
100.0,538.851566050971,63.43733630150646,30.083634226267282,181.03737668430261,1
76.12113618132103,1069.4331403912486,16.305123768638886,246.87599839374244,772.3901109918844,1
59.4647782825832,467.92958493061604,65.16929064864738,25.714743546216827,317.4178172134603,1
53.902119987674276,1014.9423021371965,115.23855708116022,153.08411189745527,620.1992120271699,1
60.71108149715314,458.90003230697585,39.337756977372806,39.33811438487294,241.19549238850158,1
65.42244856758677,672.2844126668389,113.15862956630406,269.27682695859704,252.33043764711084,1
67.90431171900114,742.8082757245546,68.3061427012896,182.97165315934845,332.31612863157625,1
66.11208932006897,706.9883917839722,109.02837527723415,268.32454320411813,283.6233713718206,1
56.79161362510498,499.7796427014101,81.7884033003807,155.23928128429978,226.594755475166,0
51.053231593853475,1530.323322261173,27.26350308554443,65.604608787088,1314.8386788720918,1
51.97453432692976,821.1010426712791,50.43094035265038,96.79729779786992,484.8376471282039,1
51.10183439294638,552.6056790731099,49.13586057195131,231.80903052644686,166.66105765956902,0
77.67540193734129,400.88229677249905,37.77383081751522,36.29346455410534,234.36150095386137,0
66.87113444561723,542.0601088102324,77.15964535140144,91.24099126671624,295.31147141300914,0
0.0,753.8882248642134,220.81742675309184,82.1121491075269,362.36356335315514,0
68.11801553059522,1023.9879899984962,134.681113389077,125.39623538619932,693.7267842143852,1
58.894723894375495,1005.8964425161053,146.9572254654586,196.67569159645504,537.0516640003935,0
54.62582487108205,866.4100434213332,35.834185407713946,264.11811454647244,477.805028783557,1
47.229630938222286,728.5839793970658,148.59324474388748,45.124272666604305,190.72740912614168,0
77.48225439972026,991.4972954131122,182.03709800041634,69.12531436543078,632.1515284735469,1
73.95052924245715,337.64830474274345,34.82319521582578,49.619579552104355,182.91802760318885,0
39.54244664352782,677.5122981897347,88.44342439729088,128.81106876353005,425.9370918946532,1
63.141045742490704,740.4023270328555,90.12394613128194,54.70660833662186,557.09787949479,1
35.566865309174275,899.5359564373312,53.37572470229163,166.89170551503943,567.7633392172875,1
27.40763670422139,930.3188382928112,72.69544492535685,286.3614546865888,517.4872203966228,1
42.4656555082007,750.002042620982,93.28898832827788,31.066030161619963,529.6558702797795,1
72.24786944765518,829.7230926551154,56.22087494792268,70.98756105756337,506.0166286132556,1
74.06250090752174,709.7851071909176,130.37545666041342,341.50909783662667,209.75511741017158,1
65.26170840194587,447.4554833867208,20.21666731407366,150.3235961701827,202.92898735403318,0
69.50191573695994,893.8620838994657,48.965596087252834,92.37225084377017,731.9449681172954,1
65.32356574229917,1503.055397021816,106.85369619347676,559.804619144097,737.6191218489497,1
42.17036809554095,588.1131679667288,205.8223507354857,109.0250737580338,250.27115417245213,1
63.63845089347881,877.1875222622925,135.968409284354,191.78095586231,521.9559903236116,1
71.00819050455365,970.0962113076756,71.59398331438251,73.37714962514545,580.4356932115181,1
70.08582659627149,649.563248972126,58.34387433869785,63.77677902014251,478.1169479212283,1
78.77826742949286,1074.6020071116081,51.208813156347816,199.01197897654356,788.2989652372337,1
69.16607694402127,976.4388694569891,51.45293564361908,360.3479593249909,369.0440988523049,1
62.028964150831655,529.5905966170254,10.530361557507327,95.31454983786185,387.9243128349988,1
76.40300476632855,1160.136416026803,200.33128006845644,60.119353279219794,792.7943358742614,1
54.469574815018795,628.751223187043,61.75622906294504,244.2635515416097,213.57806486354318,1
37.36250697544564,998.0227004202435,32.94772670374292,95.99061253130576,717.0286117099976,1
51.738660721124724,1276.3053781210456,87.45953454412523,168.3756239916854,989.7723381210905,1
40.10194710387102,793.7544850272126,35.272990358070146,93.2651231669254,624.1557786335469,1
